-- phpMyAdmin SQL Dump
-- version 4.7.0
-- https://www.phpmyadmin.net/
--
-- Host: 127.0.0.1
-- Generation Time: Aug 29, 2017 at 09:06 AM
-- Server version: 10.1.25-MariaDB
-- PHP Version: 7.1.7

SET SQL_MODE = "NO_AUTO_VALUE_ON_ZERO";
SET AUTOCOMMIT = 0;
START TRANSACTION;
SET time_zone = "+00:00";


/*!40101 SET @OLD_CHARACTER_SET_CLIENT=@@CHARACTER_SET_CLIENT */;
/*!40101 SET @OLD_CHARACTER_SET_RESULTS=@@CHARACTER_SET_RESULTS */;
/*!40101 SET @OLD_COLLATION_CONNECTION=@@COLLATION_CONNECTION */;
/*!40101 SET NAMES utf8mb4 */;

--
-- Database: `ttsystem`
--

-- --------------------------------------------------------

--
-- Table structure for table `activities`
--

CREATE TABLE `activities` (
  `id` int(11) NOT NULL,
  `activitiy` varchar(45) DEFAULT NULL,
  `status` int(11) DEFAULT '1',
  `description` varchar(45) DEFAULT NULL,
  `url` varchar(45) DEFAULT NULL,
  `category` int(11) NOT NULL,
  `order` int(11) DEFAULT NULL
) ENGINE=InnoDB DEFAULT CHARSET=utf8;

--
-- Dumping data for table `activities`
--

INSERT INTO `activities` (`id`, `activitiy`, `status`, `description`, `url`, `category`, `order`) VALUES
(1, 'Trouble Ticket', 1, NULL, 'tticket.do', 1, NULL),
(2, 'Events', 1, NULL, 'alarm.do', 1, NULL),
(3, 'Current Alarms', 1, NULL, 'currentalarm.do', 1, NULL),
(4, 'Alarm History', 1, NULL, 'showAlarmTable.do', 1, NULL),
(5, 'Company Registration', 1, NULL, 'companyRegistration.do', 1, NULL),
(6, 'System Registration', 1, NULL, 'systemRegistration.do', 1, NULL),
(7, 'User Registration', 1, NULL, 'userRegistration.do', 1, NULL),
(8, 'Create User Login', 1, NULL, 'showUserCreation.do', 1, NULL),
(9, 'Trouble Ticket Table', 1, '3', 'getTt.do', 1, 1),
(10, 'Alarm History', 1, '3', 'allalarm.do', 1, 2),
(11, 'Alarm History', 1, '3', 'alarmhistory.do', 1, 3);

-- --------------------------------------------------------

--
-- Table structure for table `alarm`
--

CREATE TABLE `alarm` (
  `id` int(11) NOT NULL,
  `alarm` varchar(100) NOT NULL,
  `regtime` datetime NOT NULL,
  `status` int(11) DEFAULT NULL,
  `severity` int(11) DEFAULT '0',
  `details` varchar(100) DEFAULT NULL,
  `originatetime` datetime DEFAULT NULL,
  `cleartime` datetime DEFAULT NULL,
  `types` int(11) NOT NULL,
  `tt` int(11) DEFAULT NULL,
  `system` int(11) NOT NULL,
  `alarmname` int(11) DEFAULT NULL
) ENGINE=InnoDB DEFAULT CHARSET=latin1;

--
-- Dumping data for table `alarm`
--

INSERT INTO `alarm` (`id`, `alarm`, `regtime`, `status`, `severity`, `details`, `originatetime`, `cleartime`, `types`, `tt`, `system`, `alarmname`) VALUES
(1, 'ssssssssssssssssssssssss', '2016-07-01 10:12:02', 2, 2, 'ssssssssssssssssssssssssssss', NULL, NULL, 1, 1, 3, 1),
(2, 'vvvvvvvvvvvvvvvvvvvvvvvvvv', '2016-07-01 10:12:29', 2, 1, 'vvvvvvvvvvvvvvvvvvvvvvvvvvvvvvv', NULL, NULL, 1, 1, 1, 1),
(3, 'cccccccccccccccccccccccccccccccc', '2016-07-01 10:12:46', 2, 2, 'eeeeeeeeeeeeeeeeeeeeeeeeeeeeeeee', NULL, NULL, 1, 3, 2, 1),
(4, 'ggggggggggggggggggggggg', '2016-07-01 10:13:09', 2, 3, 'gggggggggggggggggggggggg', NULL, NULL, 1, 3, 2, 1),
(5, 'swsdfgghj', '2016-07-01 10:39:52', 2, 2, 'fghhjkknnmmj,mm', NULL, NULL, 1, 4, 2, 3),
(6, 'test alarm3', '2016-07-04 13:42:34', 2, 1, 'test details 3', NULL, NULL, 1, 5, 1, 1),
(7, 'Test alarm 4', '2016-07-04 15:28:57', 2, 4, 'test alarm comment 4', NULL, NULL, 1, 6, 1, 2),
(8, 'Test alarm 5', '2016-07-05 11:03:20', 2, 3, 'test alarm comment 5', NULL, NULL, 1, 7, 1, 5),
(9, 'test alarm 6', '2016-07-06 13:09:03', 2, 1, 'comment test alarm 6', NULL, NULL, 1, 9, 1, 1),
(10, 'test alarm 7', '2016-07-06 14:29:05', 2, 2, 'test alarm comment 7', NULL, NULL, 1, 10, 2, 1),
(11, 'test alarm 8', '2016-07-06 14:57:28', 2, 2, 'test alarm comment 8', NULL, NULL, 1, 13, 1, 1),
(12, 'test alarm 9', '2016-07-06 15:01:01', 2, 1, 'test alarm comment 9', NULL, NULL, 1, 14, 1, 6),
(13, 'test alarm 10', '2016-07-08 11:41:08', 2, 2, 'test alarm comment', NULL, NULL, 1, 15, 1, 1),
(14, 'test alarm 11', '2016-07-11 11:36:13', 2, 1, 'test alarm comment 11', NULL, NULL, 1, 18, 1, 12),
(15, 'test alarm 12', '2016-07-11 12:16:49', 2, 4, 'test comment alarm 12', NULL, NULL, 1, 19, 3, 16),
(16, 'test event', '2016-07-20 12:03:01', 2, 4, 'test event comment', NULL, NULL, 2, 21, 1, 7),
(17, 'test alarm 13', '2016-07-20 12:09:47', 2, 1, 'test comment 13', NULL, NULL, 4, 22, 1, 3),
(18, 'test event 1', '2016-07-26 10:44:08', 2, 1, 'test event coment', NULL, NULL, 2, 25, 1, 11),
(19, 'test complain', '2016-07-26 10:49:08', 2, 3, 'test complain comment', NULL, NULL, 1, 26, 1, 10),
(20, 'test event 3', '2016-07-26 15:21:24', 2, 3, 'test comment', NULL, NULL, 4, 28, 1, 1),
(21, 'event test', '2016-07-26 16:02:23', 2, 3, 'test details', NULL, NULL, 4, 29, 1, 1),
(22, 'test evnt for pagination', '2016-08-15 14:09:20', 2, 3, 'aaaaaaa', NULL, NULL, 1, 84, 1, 17),
(23, 'test evnt for pagination 2', '2016-08-15 14:09:41', 2, 3, 'aaaaaaaaaaaaa', NULL, NULL, 1, 81, 1, 1),
(24, 'test evnt for pagination 2', '2016-08-15 14:24:29', 2, 2, 'aaaaaaaaaaaaa', NULL, NULL, 1, 80, 1, 9),
(25, 'test evnt for pagination 2', '2016-08-15 14:24:42', 2, 1, 'aaaaaaaaaaaaa', NULL, NULL, 1, 80, 1, 1),
(26, 'Interface overlpping issue', '2016-10-21 10:30:57', 2, 2, 'sam', NULL, NULL, 4, 89, 1, 1),
(28, 'test_msg', '2017-07-28 16:49:13', 0, 1, 'details', NULL, NULL, 1, NULL, 1, 1),
(29, 'test_msg', '2017-07-31 12:41:51', 0, 1, 'details', NULL, NULL, 1, NULL, 1, 1),
(30, 'test_msg', '2017-07-31 12:43:49', 0, 1, 'details', NULL, NULL, 1, NULL, 1, 1),
(31, 'test_msg', '2017-07-31 12:44:30', 0, 1, 'details', NULL, NULL, 1, NULL, 1, 1),
(32, 'test_msg', '2017-07-31 12:52:43', 0, 1, 'details', NULL, NULL, 1, NULL, 1, 1),
(33, 'test_msg', '2017-07-31 13:00:05', 0, 1, 'details', NULL, NULL, 1, NULL, 1, 1),
(34, 'test_msg', '2017-07-31 13:06:23', 0, 1, 'details', NULL, NULL, 1, NULL, 1, 1),
(35, 'test_msg', '2017-07-31 13:07:34', 0, 1, 'details', NULL, NULL, 1, NULL, 1, 1),
(36, 'test_msg', '2017-07-31 13:07:55', 0, 1, 'details', NULL, NULL, 1, NULL, 1, 1),
(37, 'test_msg', '2017-07-31 13:45:10', 0, 1, 'details', NULL, NULL, 1, NULL, 1, 1),
(38, 'test_msg', '2017-07-31 13:50:56', 0, 1, 'details', NULL, NULL, 1, NULL, 1, 1),
(39, 'test_msg', '2017-07-31 13:55:01', 0, 1, 'details', NULL, NULL, 1, NULL, 1, 1),
(40, 'test_msg', '2017-07-31 14:44:48', 0, 1, 'details', NULL, NULL, 1, NULL, 1, 1),
(41, 'test_msg', '2017-07-31 14:46:25', 0, 1, 'details', NULL, NULL, 1, NULL, 1, 1),
(42, 'test_msg', '2017-07-31 14:51:55', 0, 1, 'details', NULL, NULL, 1, NULL, 1, 1),
(43, 'test_msg', '2017-07-31 14:53:43', 0, 1, 'details', NULL, NULL, 1, NULL, 1, 1),
(44, 'test_msg', '2017-07-31 15:24:35', 0, 1, 'details', NULL, NULL, 1, NULL, 1, 1),
(45, 'test_msg', '2017-07-31 15:25:40', 0, 1, 'details', NULL, NULL, 1, NULL, 1, 1),
(46, 'test_msg', '2017-07-31 15:26:25', 0, 1, 'details', NULL, NULL, 1, NULL, 1, 1),
(47, 'test_msg', '2017-07-31 15:40:24', 0, 1, 'details', NULL, NULL, 1, NULL, 1, 1),
(48, 'test_msg', '2017-07-31 15:50:37', 0, 1, 'details', NULL, NULL, 1, NULL, 1, 1),
(49, 'test_msg', '2017-07-31 15:53:43', 0, 1, 'details', NULL, NULL, 1, NULL, 1, 1),
(50, 'test_msg', '2017-07-31 15:58:57', 0, 1, 'details', NULL, NULL, 1, NULL, 1, 1),
(51, 'test_msg', '2017-07-31 16:53:32', 0, 1, 'details', NULL, NULL, 1, NULL, 1, 1),
(52, 'test_msg', '2017-07-31 16:54:28', 0, 1, 'details', NULL, NULL, 1, NULL, 1, 1),
(53, 'test_msg', '2017-07-31 16:56:31', 0, 1, 'details', NULL, NULL, 1, NULL, 1, 1),
(54, 'test_msg', '2017-07-31 16:57:51', 0, 1, 'details', NULL, NULL, 1, NULL, 1, 1),
(55, 'test_msg', '2017-07-31 17:19:40', 0, 1, 'details', NULL, NULL, 1, NULL, 1, 1),
(56, 'test_msg', '2017-07-31 17:31:46', 0, 1, 'details', NULL, NULL, 1, NULL, 1, 1),
(57, 'test_msg', '2017-08-01 18:08:22', 0, 1, 'details', NULL, NULL, 1, NULL, 1, 1),
(58, 'test_msg', '2017-08-02 14:09:45', 0, 1, 'details', NULL, NULL, 1, NULL, 1, 1),
(59, 'test_msg', '2017-08-02 14:10:12', 0, 1, 'details', NULL, NULL, 1, NULL, 2, 1),
(60, 'test_msg', '2017-08-02 14:10:21', 0, 1, 'details', NULL, NULL, 1, NULL, 3, 1),
(61, 'test_msg', '2017-08-02 14:12:38', 0, 2, 'details', NULL, NULL, 1, 91, 1, 2),
(62, 'test_msg', '2017-08-02 14:15:22', 0, 1, 'details', NULL, NULL, 1, 91, 1, 2),
(63, 'test_msg', '2017-08-02 14:15:34', 0, 1, 'details', NULL, NULL, 1, NULL, 1, 2),
(64, 'test_msg', '2017-08-02 16:02:55', 0, 1, 'details', NULL, NULL, 1, NULL, 1, 1),
(65, 'An input condition is out of tole rance.', '2017-08-02 16:47:20', 0, 3, '1.3.6.1.2.1.33.1.6.3.6', NULL, NULL, 4, NULL, 1, 6),
(66, 'The UPS system is in the off state.', '2017-08-03 15:32:48', 1, 3, '1.3.6.1.2.1.33.1.6.3.15', NULL, NULL, 4, NULL, 1, 15),
(67, 'The UPS system is in the off state.', '2017-08-03 15:32:48', 1, 3, '1.3.6.1.2.1.33.1.6.3.15', NULL, NULL, 4, NULL, 1, 15),
(68, 'The Bypass is out of tolerance.', '2017-08-03 15:35:45', 0, 1, '1.3.6.1.2.1.33.1.6.3.10', NULL, NULL, 4, NULL, 1, 10),
(69, 'An input condition is out of tolerance.', '2017-08-03 15:35:45', 0, 3, '1.3.6.1.2.1.33.1.6.3.6', NULL, NULL, 4, NULL, 1, 6),
(70, 'test_msg', '2017-08-03 15:45:06', 0, 1, 'details', NULL, NULL, 1, NULL, 1, 1);

-- --------------------------------------------------------

--
-- Table structure for table `alarmname`
--

CREATE TABLE `alarmname` (
  `id` int(11) NOT NULL,
  `name` varchar(355) DEFAULT NULL,
  `comment` varchar(100) DEFAULT NULL,
  `status` int(11) DEFAULT '1'
) ENGINE=InnoDB DEFAULT CHARSET=latin1;

--
-- Dumping data for table `alarmname`
--

INSERT INTO `alarmname` (`id`, `name`, `comment`, `status`) VALUES
(1, 'One or more batteries have been determined to require replacement', NULL, 1),
(2, 'The UPS is drawing power from the batteries', NULL, 1),
(3, 'The remaining battery run-time is less than or equal to upsConfigLowBattTime', NULL, 1),
(4, 'The UPS will be unable to sustain the present load when and if the utility power is lost ', NULL, 1),
(5, 'A temperature is out of tolerance', NULL, 1),
(6, 'An input condition is out of tolerance', NULL, 1),
(7, 'An output condition (other than OutputOverload) is out of tolerance', NULL, 1),
(8, 'The output load exceeds the UPS output capacity', NULL, 1),
(9, 'The Bypass is presently engaged on the UPS', NULL, 1),
(10, 'The Bypass is out of tolerance', NULL, 1),
(11, 'The UPS has shutdown as requested, i.e., the output is off', NULL, 1),
(12, 'The entire UPS has shutdown as commanded', NULL, 1),
(13, 'An uncorrected problem has been detected within the UPS charger subsystem', NULL, 1),
(14, 'The output of the UPS is in the off state', NULL, 1),
(15, 'The UPS system is in the off state', NULL, 1),
(16, 'The failure of one or more fans in the UPS has been detected', NULL, 1),
(17, 'The failure of one or more fuses has been detected', NULL, 1),
(18, 'A general fault in the UPS has been detected', NULL, 1),
(19, 'The result of the last diagnostic test indicates a failure', NULL, 1),
(20, 'A problem has been encountered in the communications between the agent and the UPS', NULL, 1),
(21, 'The UPS output is off and the UPS is awaiting the return of input power', NULL, 1),
(22, 'A upsShutdownAfterDelay countdown is underway', NULL, 1),
(23, 'The UPS will turn off power to the load in less than 5 seconds; this may be either a timed shutdown or a low battery shutdown', NULL, 1),
(24, 'A test is in progress, as initiated and indicated by the Test Group.Tests initiated via other implementation-specific mechanisms can indicate the presence of the testing in the alarm table, if desired, via a OBJECT-IDENTITY macro in the MIB document specific to that implementation and are outside the scope of this OBJECT-IDENTITY.  3                    ', NULL, 1);

-- --------------------------------------------------------

--
-- Table structure for table `alerts`
--

CREATE TABLE `alerts` (
  `id` int(11) NOT NULL,
  `regtime` varchar(45) DEFAULT NULL,
  `comment` varchar(45) DEFAULT NULL,
  `medium` varchar(45) DEFAULT NULL,
  `tt_update` int(11) DEFAULT NULL,
  `user` int(11) NOT NULL,
  `status` int(11) DEFAULT NULL
) ENGINE=InnoDB DEFAULT CHARSET=latin1;

-- --------------------------------------------------------

--
-- Table structure for table `category`
--

CREATE TABLE `category` (
  `id` int(11) NOT NULL,
  `name` varchar(45) DEFAULT NULL,
  `categorycol` varchar(45) DEFAULT NULL
) ENGINE=InnoDB DEFAULT CHARSET=utf8;

--
-- Dumping data for table `category`
--

INSERT INTO `category` (`id`, `name`, `categorycol`) VALUES
(1, 'default', NULL);

-- --------------------------------------------------------

--
-- Table structure for table `company`
--

CREATE TABLE `company` (
  `id` int(11) NOT NULL,
  `name` varchar(255) DEFAULT NULL,
  `address_line 1` varchar(255) DEFAULT NULL,
  `address_line 2` varchar(255) NOT NULL,
  `address_line 3` varchar(255) NOT NULL,
  `email` varchar(100) NOT NULL,
  `telephone` varchar(20) NOT NULL,
  `fax` varchar(20) NOT NULL,
  `status` int(11) DEFAULT NULL
) ENGINE=InnoDB DEFAULT CHARSET=latin1;

--
-- Dumping data for table `company`
--

INSERT INTO `company` (`id`, `name`, `address_line 1`, `address_line 2`, `address_line 3`, `email`, `telephone`, `fax`, `status`) VALUES
(1, 'Next Generation Services', NULL, '', '', '', '', '', 1),
(2, 'Test Company', NULL, '', '', '', '', '', 1),
(3, 'test compant', 'sddffff', 'dfsgfd', 'fsdfsdf', '', '12545562152', '', NULL),
(4, 'test company 1', 'aaaaaaaa', 'aaaaaaaaaaa', 'aaaaaaaaa', '', '1234567890', '', NULL);

-- --------------------------------------------------------

--
-- Table structure for table `department`
--

CREATE TABLE `department` (
  `id` int(11) NOT NULL,
  `company` int(11) NOT NULL,
  `name` varchar(255) DEFAULT NULL,
  `status` int(11) DEFAULT NULL
) ENGINE=InnoDB DEFAULT CHARSET=latin1;

--
-- Dumping data for table `department`
--

INSERT INTO `department` (`id`, `company`, `name`, `status`) VALUES
(1, 1, 'Test Department 1', 1),
(2, 1, 'Test Department 2', 1),
(3, 2, 'Test Department 1', 1),
(4, 2, 'Test Department 2', 1);

-- --------------------------------------------------------

--
-- Table structure for table `heartbeat`
--

CREATE TABLE `heartbeat` (
  `id` int(11) NOT NULL,
  `systems` int(11) NOT NULL,
  `ip` varchar(45) DEFAULT NULL,
  `description` varchar(45) DEFAULT NULL,
  `regtime` datetime DEFAULT NULL,
  `status` int(11) DEFAULT '1'
) ENGINE=InnoDB DEFAULT CHARSET=latin1;

--
-- Dumping data for table `heartbeat`
--

INSERT INTO `heartbeat` (`id`, `systems`, `ip`, `description`, `regtime`, `status`) VALUES
(1, 1, '0:0:0:0:0:0:0:1', 'first', NULL, NULL),
(2, 1, '0:0:0:0:0:0:0:1', 'first', NULL, NULL),
(3, 1, '0:0:0:0:0:0:0:1', 'first', NULL, NULL),
(4, 1, '103.247.50.168', '1234567890', NULL, NULL),
(5, 1, '103.247.50.168', '1234567890', NULL, NULL),
(6, 1, '103.247.50.168', '1234567890', NULL, NULL),
(7, 1, '103.247.50.168', '1234567890', NULL, NULL),
(8, 1, '103.247.50.168', '1234567890', NULL, NULL),
(9, 1, '103.247.50.168', '1234567890', NULL, NULL),
(10, 1, '103.247.50.168', '1234567890', NULL, NULL),
(11, 1, '103.247.50.168', '1234567890', NULL, NULL),
(12, 1, '103.247.50.168', '1234567890', NULL, NULL),
(13, 1, '103.247.50.168', '1234567890', NULL, NULL),
(14, 1, '103.247.50.168', '1234567890', NULL, NULL),
(15, 1, '103.247.50.168', '1234567890', NULL, NULL),
(16, 1, '103.247.50.168', '1234567890', NULL, NULL),
(17, 1, '103.247.50.168', '1234567890', NULL, NULL),
(18, 1, '103.247.50.168', '1234567890', NULL, NULL),
(19, 1, '103.247.50.168', '1234567890', NULL, NULL),
(20, 1, '103.247.50.168', '1234567890', NULL, NULL),
(21, 1, '103.247.50.168', '1234567890', NULL, NULL),
(22, 1, '103.247.50.168', '1234567890', NULL, NULL),
(23, 1, '103.247.50.168', '1234567890', NULL, NULL),
(24, 1, '103.247.50.168', '1234567890', NULL, NULL),
(25, 1, '103.247.50.168', '1234567890', NULL, NULL),
(26, 1, '103.247.50.168', '1234567890', NULL, NULL),
(27, 1, '103.247.50.168', '1234567890', NULL, NULL),
(28, 1, '103.247.50.168', '1234567890', NULL, NULL),
(29, 1, '103.247.50.168', '1234567890', NULL, NULL),
(30, 1, '103.247.50.168', '1234567890', NULL, NULL),
(31, 1, '103.247.50.168', '1234567890', NULL, NULL),
(32, 1, '103.247.50.168', '1234567890', NULL, NULL),
(33, 1, '103.247.50.168', '1234567890', NULL, NULL),
(34, 1, '103.247.50.168', '1234567890', NULL, NULL),
(35, 1, '103.247.50.168', '1234567890', NULL, NULL),
(36, 1, '103.247.50.168', '1234567890', NULL, NULL),
(37, 1, '103.247.50.168', '1234567890', NULL, NULL),
(38, 1, '103.247.50.168', '1234567890', NULL, NULL),
(39, 1, '103.247.50.168', '1234567890', NULL, NULL),
(40, 1, '103.247.50.168', '1234567890', NULL, NULL),
(41, 1, '103.247.50.168', '1234567890', NULL, NULL),
(42, 1, '103.247.50.168', '1234567890', NULL, NULL),
(43, 1, '103.247.50.168', '1234567890', NULL, NULL),
(44, 1, '103.247.50.168', '1234567890', NULL, NULL),
(45, 1, '103.247.50.168', '1234567890', NULL, NULL),
(46, 1, '103.247.50.168', '1234567890', NULL, NULL),
(47, 1, '103.247.50.168', '1234567890', NULL, NULL),
(48, 1, '103.247.50.168', '1234567890', NULL, NULL),
(49, 1, '103.247.50.168', '1234567890', NULL, NULL),
(50, 1, '103.247.50.168', '1234567890', NULL, NULL),
(51, 1, '103.247.50.168', '1234567890', NULL, NULL),
(52, 1, '103.247.50.168', '1234567890', NULL, NULL),
(53, 1, '103.247.50.168', '1234567890', NULL, NULL),
(54, 1, '103.247.50.168', '1234567890', NULL, NULL),
(55, 1, '103.247.50.168', '1234567890', NULL, NULL),
(56, 1, '103.247.50.168', '1234567890', NULL, NULL),
(57, 1, '103.247.50.168', '1234567890', NULL, NULL),
(58, 1, '103.247.50.168', '1234567890', NULL, NULL),
(59, 1, '103.247.50.168', '1234567890', NULL, NULL),
(60, 1, '103.247.50.168', '1234567890', NULL, NULL),
(61, 1, '103.247.50.168', '1234567890', NULL, NULL),
(62, 1, '103.247.50.168', '1234567890', NULL, NULL),
(63, 1, '103.247.50.168', '1234567890', NULL, NULL),
(64, 1, '103.247.50.168', '1234567890', NULL, NULL),
(65, 1, '103.247.50.168', '1234567890', NULL, NULL),
(66, 1, '103.247.50.168', '1234567890', NULL, NULL),
(67, 1, '103.247.50.168', '1234567890', NULL, NULL),
(68, 1, '103.247.50.168', '1234567890', NULL, NULL),
(69, 1, '103.247.50.168', '1234567890', NULL, NULL),
(70, 1, '103.247.50.168', '1234567890', NULL, NULL),
(71, 1, '103.247.50.168', '1234567890', NULL, NULL),
(72, 1, '103.247.50.168', '1234567890', NULL, NULL),
(73, 1, '103.247.50.168', '1234567890', NULL, NULL),
(74, 1, '103.247.50.168', '1234567890', NULL, NULL),
(75, 1, '103.247.50.168', '1234567890', NULL, NULL),
(76, 1, '103.247.50.168', '1234567890', NULL, NULL),
(77, 1, '103.247.50.168', '1234567890', NULL, NULL),
(78, 1, '103.247.50.168', '1234567890', NULL, NULL),
(79, 1, '103.247.50.168', '1234567890', NULL, NULL),
(80, 1, '103.247.50.168', '1234567890', NULL, NULL),
(81, 1, '103.247.50.168', '1234567890', NULL, NULL),
(82, 1, '103.247.50.168', '1234567890', NULL, NULL),
(83, 1, '103.247.50.168', '1234567890', NULL, NULL),
(84, 1, '103.247.50.168', '1234567890', NULL, NULL),
(85, 1, '103.247.50.168', '1234567890', NULL, NULL),
(86, 1, '103.247.50.168', '1234567890', NULL, NULL),
(87, 1, '103.247.50.168', '1234567890', NULL, NULL),
(88, 1, '103.247.50.168', '1234567890', NULL, NULL),
(89, 1, '103.247.50.168', '1234567890', NULL, NULL),
(90, 1, '103.247.50.168', '1234567890', NULL, NULL),
(91, 1, '103.247.50.168', '1234567890', NULL, NULL),
(92, 1, '103.247.50.168', '1234567890', NULL, NULL),
(93, 1, '103.247.50.168', '1234567890', NULL, NULL),
(94, 1, '103.247.50.168', '1234567890', NULL, NULL),
(95, 1, '103.247.50.168', '1234567890', NULL, NULL),
(96, 1, '103.247.50.168', '1234567890', NULL, NULL),
(97, 1, '103.247.50.168', '1234567890', NULL, NULL),
(98, 1, '103.247.50.168', '1234567890', NULL, NULL),
(99, 1, '103.247.50.168', '1234567890', NULL, NULL),
(100, 1, '103.247.50.168', '1234567890', NULL, NULL),
(101, 1, '103.247.50.168', '1234567890', NULL, NULL),
(102, 1, '103.247.50.168', '1234567890', NULL, NULL),
(103, 1, '103.247.50.168', '1234567890', NULL, NULL),
(104, 1, '103.247.50.168', '1234567890', NULL, NULL),
(105, 1, '103.247.50.168', '1234567890', NULL, NULL),
(106, 1, '103.247.50.168', '1234567890', NULL, NULL),
(107, 1, '103.247.50.168', '1234567890', NULL, NULL),
(108, 1, '103.247.50.168', '1234567890', NULL, NULL),
(109, 1, '103.247.50.168', '1234567890', NULL, NULL),
(110, 1, '103.247.50.168', '1234567890', NULL, NULL),
(111, 1, '103.247.50.168', '1234567890', NULL, NULL),
(112, 1, '103.247.50.168', '1234567890', NULL, NULL),
(113, 1, '103.247.50.168', '1234567890', NULL, NULL),
(114, 1, '103.247.50.168', '1234567890', NULL, NULL),
(115, 1, '103.247.50.168', '1234567890', NULL, NULL),
(116, 1, '103.247.50.168', '1234567890', NULL, NULL),
(117, 1, '103.247.50.168', '1234567890', NULL, NULL),
(118, 1, '103.247.50.168', '1234567890', NULL, NULL),
(119, 1, '103.247.50.168', '1234567890', NULL, NULL),
(120, 1, '103.247.50.168', '1234567890', NULL, NULL),
(121, 1, '103.247.50.168', '1234567890', NULL, NULL),
(122, 1, '103.247.50.168', '1234567890', NULL, NULL),
(123, 1, '103.247.50.168', '1234567890', NULL, NULL),
(124, 1, '103.247.50.168', '1234567890', NULL, NULL),
(125, 1, '103.247.50.168', '1234567890', NULL, NULL),
(126, 1, '103.247.50.168', '1234567890', NULL, NULL),
(127, 1, '103.247.50.168', '1234567890', NULL, NULL),
(128, 1, '103.247.50.168', '1234567890', NULL, NULL),
(129, 1, '103.247.50.168', '1234567890', NULL, NULL),
(130, 1, '103.247.50.168', '1234567890', NULL, NULL),
(131, 1, '103.247.50.168', '1234567890', NULL, NULL),
(132, 1, '103.247.50.168', '1234567890', NULL, NULL),
(133, 1, '103.247.50.168', '1234567890', NULL, NULL),
(134, 1, '103.247.50.168', '1234567890', NULL, NULL),
(135, 1, '103.247.50.168', '1234567890', NULL, NULL),
(136, 1, '103.247.50.168', '1234567890', NULL, NULL),
(137, 1, '103.247.50.168', '1234567890', NULL, NULL),
(138, 1, '103.247.50.168', '1234567890', NULL, NULL),
(139, 1, '103.247.50.168', '1234567890', NULL, NULL),
(140, 1, '103.247.50.168', '1234567890', NULL, NULL),
(141, 1, '103.247.50.168', '1234567890', NULL, NULL),
(142, 1, '103.247.50.168', '1234567890', NULL, NULL),
(143, 1, '103.247.50.168', '1234567890', NULL, NULL),
(144, 1, '103.247.50.168', '1234567890', NULL, NULL),
(145, 1, '103.247.50.168', '1234567890', NULL, NULL),
(146, 1, '103.247.50.168', '1234567890', NULL, NULL),
(147, 1, '103.247.50.168', '1234567890', NULL, NULL),
(148, 1, '103.247.50.168', '1234567890', NULL, NULL),
(149, 1, '103.247.50.168', '1234567890', NULL, NULL),
(150, 1, '103.247.50.168', '1234567890', NULL, NULL),
(151, 1, '103.247.50.168', '1234567890', NULL, NULL),
(152, 1, '103.247.50.168', '1234567890', NULL, NULL),
(153, 1, '103.247.50.168', '1234567890', NULL, NULL),
(154, 1, '103.247.50.168', '1234567890', NULL, NULL),
(155, 1, '103.247.50.168', '1234567890', NULL, NULL),
(156, 1, '103.247.50.168', '1234567890', NULL, NULL),
(157, 1, '103.247.50.168', '1234567890', NULL, NULL),
(158, 1, '103.247.50.168', '1234567890', NULL, NULL),
(159, 1, '103.247.50.139', '1234567890', NULL, NULL),
(160, 1, '103.247.50.139', '1234567890', NULL, NULL),
(161, 1, '103.247.50.139', '1234567890', NULL, NULL),
(162, 1, '103.247.50.139', '1234567890', NULL, NULL),
(163, 1, '103.247.50.139', '1234567890', NULL, NULL),
(164, 1, '103.247.50.139', '1234567890', NULL, NULL),
(165, 1, '103.247.50.139', '1234567890', NULL, NULL),
(166, 1, '103.247.50.139', '1234567890', NULL, NULL),
(167, 1, '103.247.50.139', '1234567890', NULL, NULL),
(168, 1, '103.247.50.139', '1234567890', NULL, NULL),
(169, 1, '103.247.50.139', '1234567890', NULL, NULL),
(170, 1, '103.247.50.139', '1234567890', NULL, NULL),
(171, 1, '103.247.50.139', '1234567890', NULL, NULL),
(172, 1, '103.247.50.139', '1234567890', NULL, NULL),
(173, 1, '103.247.50.139', '1234567890', NULL, NULL),
(174, 1, '103.247.50.139', '1234567890', NULL, NULL),
(175, 1, '103.247.50.139', '1234567890', NULL, NULL),
(176, 1, '103.247.50.139', '1234567890', NULL, NULL),
(177, 1, '103.247.50.139', '1234567890', NULL, NULL),
(178, 1, '103.247.50.139', '1234567890', NULL, NULL),
(179, 1, '103.247.50.139', '1234567890', NULL, NULL),
(180, 1, '103.247.50.139', '1234567890', NULL, NULL),
(181, 1, '103.247.50.139', '1234567890', NULL, NULL),
(182, 1, '103.247.50.139', '1234567890', NULL, NULL),
(183, 1, '103.247.50.139', '1234567890', NULL, NULL),
(184, 1, '103.247.50.139', '1234567890', NULL, NULL),
(185, 1, '103.247.50.139', '1234567890', NULL, NULL),
(186, 1, '103.247.50.139', '1234567890', NULL, NULL),
(187, 1, '103.247.50.139', '1234567890', NULL, NULL),
(188, 1, '103.247.50.139', '1234567890', NULL, NULL),
(189, 1, '103.247.50.139', '1234567890', NULL, NULL),
(190, 1, '103.247.50.139', '1234567890', NULL, NULL),
(191, 1, '103.247.50.139', '1234567890', NULL, NULL),
(192, 1, '103.247.50.139', '1234567890', NULL, NULL),
(193, 1, '103.247.50.139', '1234567890', NULL, NULL),
(194, 1, '103.247.50.139', '1234567890', NULL, NULL),
(195, 1, '103.247.50.139', '1234567890', NULL, NULL),
(196, 1, '103.247.50.139', '1234567890', NULL, NULL),
(197, 1, '103.247.50.139', '1234567890', NULL, NULL),
(198, 1, '103.247.50.139', '1234567890', NULL, NULL),
(199, 1, '103.247.50.139', '1234567890', NULL, NULL),
(200, 1, '103.247.50.139', '1234567890', NULL, NULL),
(201, 1, '103.247.50.139', '1234567890', NULL, NULL),
(202, 1, '103.247.50.139', '1234567890', NULL, NULL),
(203, 1, '103.247.50.139', '1234567890', NULL, NULL),
(204, 1, '103.247.50.139', '1234567890', NULL, NULL),
(205, 1, '103.247.50.139', '1234567890', NULL, NULL),
(206, 1, '103.247.50.139', '1234567890', NULL, NULL),
(207, 1, '103.247.50.139', '1234567890', NULL, NULL),
(208, 1, '103.247.50.139', '1234567890', NULL, NULL),
(209, 1, '103.247.50.139', '1234567890', NULL, NULL),
(210, 1, '103.247.50.139', '1234567890', NULL, NULL),
(211, 1, '103.247.50.139', '1234567890', NULL, NULL),
(212, 1, '103.247.50.139', '1234567890', NULL, NULL),
(213, 1, '103.247.50.139', '1234567890', NULL, NULL),
(214, 1, '103.247.50.139', '1234567890', NULL, NULL),
(215, 1, '103.247.50.139', '1234567890', NULL, NULL),
(216, 1, '103.247.50.139', '1234567890', NULL, NULL),
(217, 1, '103.247.50.139', '1234567890', NULL, NULL),
(218, 1, '103.247.50.139', '1234567890', NULL, NULL),
(219, 1, '103.247.50.139', '1234567890', NULL, NULL),
(220, 1, '103.247.50.139', '1234567890', NULL, NULL),
(221, 1, '103.247.50.139', '1234567890', NULL, NULL),
(222, 1, '103.247.50.139', '1234567890', NULL, NULL),
(223, 1, '103.247.50.139', '1234567890', NULL, NULL),
(224, 1, '103.247.50.139', '1234567890', NULL, NULL),
(225, 1, '103.247.50.139', '1234567890', NULL, NULL),
(226, 1, '103.247.50.139', '1234567890', NULL, NULL),
(227, 1, '103.247.50.139', '1234567890', NULL, NULL),
(228, 1, '103.247.50.139', '1234567890', NULL, NULL),
(229, 1, '103.247.50.139', '1234567890', NULL, NULL),
(230, 1, '103.247.50.139', '1234567890', NULL, NULL),
(231, 1, '103.247.50.139', '1234567890', NULL, NULL),
(232, 1, '103.247.50.139', '1234567890', NULL, NULL),
(233, 1, '103.247.50.139', '1234567890', NULL, NULL),
(234, 1, '103.247.50.139', '1234567890', NULL, NULL),
(235, 1, '103.247.50.139', '1234567890', NULL, NULL),
(236, 1, '103.247.50.139', '1234567890', NULL, NULL),
(237, 1, '103.247.50.139', '1234567890', NULL, NULL),
(238, 1, '103.247.50.139', '1234567890', NULL, NULL),
(239, 1, '103.247.50.139', '1234567890', NULL, NULL),
(240, 1, '103.247.50.139', '1234567890', NULL, NULL),
(241, 1, '103.247.50.139', '1234567890', NULL, NULL),
(242, 1, '103.247.50.139', '1234567890', NULL, NULL),
(243, 1, '103.247.50.139', '1234567890', NULL, NULL),
(244, 1, '103.247.50.139', '1234567890', NULL, NULL),
(245, 1, '103.247.50.139', '1234567890', NULL, NULL),
(246, 1, '103.247.50.139', '1234567890', NULL, NULL),
(247, 1, '103.247.50.139', '1234567890', NULL, NULL),
(248, 1, '103.247.50.139', '1234567890', NULL, NULL),
(249, 1, '103.247.50.139', '1234567890', NULL, NULL),
(250, 1, '103.247.50.139', '1234567890', NULL, NULL),
(251, 1, '103.247.50.139', '1234567890', NULL, NULL),
(252, 1, '103.247.50.139', '1234567890', NULL, NULL),
(253, 1, '103.247.50.139', '1234567890', NULL, NULL),
(254, 1, '103.247.50.139', '1234567890', NULL, NULL),
(255, 1, '103.247.50.139', '1234567890', NULL, NULL),
(256, 1, '103.247.50.139', '1234567890', NULL, NULL),
(257, 1, '103.247.50.139', '1234567890', NULL, NULL),
(258, 1, '103.247.50.139', '1234567890', NULL, NULL),
(259, 1, '103.247.50.139', '1234567890', NULL, NULL),
(260, 1, '103.247.50.139', '1234567890', NULL, NULL),
(261, 1, '103.247.50.139', '1234567890', NULL, NULL),
(262, 1, '103.247.50.139', '1234567890', NULL, NULL),
(263, 1, '103.247.50.139', '1234567890', NULL, NULL),
(264, 1, '103.247.50.139', '1234567890', NULL, NULL),
(265, 1, '103.247.50.139', '1234567890', NULL, NULL),
(266, 1, '103.247.50.139', '1234567890', NULL, NULL),
(267, 1, '103.247.50.139', '1234567890', NULL, NULL),
(268, 1, '103.247.50.139', '1234567890', NULL, NULL),
(269, 1, '103.247.50.139', '1234567890', NULL, NULL),
(270, 1, '103.247.50.139', '1234567890', NULL, NULL),
(271, 1, '103.247.50.139', '1234567890', NULL, NULL),
(272, 1, '103.247.50.139', '1234567890', NULL, NULL),
(273, 1, '103.247.50.139', '1234567890', NULL, NULL),
(274, 1, '103.247.50.139', '1234567890', NULL, NULL),
(275, 1, '103.247.50.139', '1234567890', NULL, NULL),
(276, 1, '103.247.50.139', '1234567890', NULL, NULL),
(277, 1, '103.247.50.139', '1234567890', NULL, NULL),
(278, 1, '103.247.50.139', '1234567890', NULL, NULL),
(279, 1, '103.247.50.139', '1234567890', NULL, NULL),
(280, 1, '103.247.50.139', '1234567890', NULL, NULL),
(281, 1, '103.247.50.139', '1234567890', NULL, NULL),
(282, 1, '103.247.50.139', '1234567890', NULL, NULL),
(283, 1, '103.247.50.139', '1234567890', NULL, NULL),
(284, 1, '103.247.50.139', '1234567890', NULL, NULL),
(285, 1, '103.247.50.139', '1234567890', NULL, NULL),
(286, 1, '103.247.50.139', '1234567890', NULL, NULL),
(287, 1, '103.247.50.139', '1234567890', NULL, NULL),
(288, 1, '103.247.50.139', '1234567890', NULL, NULL),
(289, 1, '103.247.50.139', '1234567890', NULL, NULL),
(290, 1, '103.247.50.139', '1234567890', NULL, NULL),
(291, 1, '103.247.50.139', '1234567890', NULL, NULL),
(292, 1, '103.247.50.139', '1234567890', NULL, NULL),
(293, 1, '103.247.50.139', '1234567890', NULL, NULL),
(294, 1, '103.247.50.139', '1234567890', NULL, NULL),
(295, 1, '103.247.50.139', '1234567890', NULL, NULL),
(296, 1, '103.247.50.139', '1234567890', NULL, NULL),
(297, 1, '103.247.50.139', '1234567890', NULL, NULL),
(298, 1, '103.247.50.139', '1234567890', NULL, NULL),
(299, 1, '103.247.50.139', '1234567890', NULL, NULL),
(300, 1, '103.247.50.139', '1234567890', NULL, NULL),
(301, 1, '103.247.50.139', '1234567890', NULL, NULL),
(302, 1, '103.247.50.139', '1234567890', NULL, NULL),
(303, 1, '103.247.50.139', '1234567890', NULL, NULL),
(304, 1, '103.247.50.139', '1234567890', NULL, NULL),
(305, 1, '103.247.50.139', '1234567890', NULL, NULL),
(306, 1, '103.247.50.139', '1234567890', NULL, NULL),
(307, 1, '103.247.50.139', '1234567890', NULL, NULL),
(308, 1, '103.247.50.139', '1234567890', NULL, NULL),
(309, 1, '103.247.50.139', '1234567890', NULL, NULL),
(310, 1, '103.247.50.139', '1234567890', NULL, NULL),
(311, 1, '103.247.50.139', '1234567890', NULL, NULL),
(312, 1, '103.247.50.139', '1234567890', NULL, NULL),
(313, 1, '103.247.50.139', '1234567890', NULL, NULL),
(314, 1, '103.247.50.139', '1234567890', NULL, NULL),
(315, 1, '103.247.50.139', '1234567890', NULL, NULL),
(316, 1, '103.247.50.139', '1234567890', NULL, NULL),
(317, 1, '103.247.50.139', '1234567890', NULL, NULL),
(318, 1, '103.247.50.139', '1234567890', NULL, NULL),
(319, 1, '103.247.50.139', '1234567890', NULL, NULL),
(320, 1, '103.247.50.139', '1234567890', NULL, NULL),
(321, 1, '103.247.50.139', '1234567890', NULL, NULL),
(322, 1, '103.247.50.139', '1234567890', NULL, NULL),
(323, 1, '103.247.50.139', '1234567890', NULL, NULL),
(324, 1, '103.247.50.139', '1234567890', NULL, NULL),
(325, 1, '103.247.50.139', '1234567890', NULL, NULL),
(326, 1, '103.247.50.139', '1234567890', NULL, NULL),
(327, 1, '103.247.50.139', '1234567890', NULL, NULL),
(328, 1, '103.247.50.139', '1234567890', NULL, NULL),
(329, 1, '103.247.50.139', '1234567890', NULL, NULL),
(330, 1, '103.247.50.139', '1234567890', NULL, NULL),
(331, 1, '103.247.50.139', '1234567890', NULL, NULL),
(332, 1, '103.247.50.139', '1234567890', NULL, NULL),
(333, 1, '103.247.50.139', '1234567890', NULL, NULL),
(334, 1, '124.43.93.169', '1234567890', NULL, NULL),
(335, 1, '103.247.50.139', '1234567890', NULL, NULL),
(336, 1, '124.43.93.169', '1234567890', NULL, NULL),
(337, 1, '103.247.50.139', '1234567890', NULL, NULL),
(338, 1, '124.43.93.169', '1234567890', NULL, NULL),
(339, 1, '103.247.50.139', '1234567890', NULL, NULL),
(340, 1, '124.43.93.169', '1234567890', NULL, NULL),
(341, 1, '103.247.50.139', '1234567890', NULL, NULL),
(342, 1, '124.43.93.169', '1234567890', NULL, NULL),
(343, 1, '103.247.50.139', '1234567890', NULL, NULL),
(344, 1, '124.43.93.169', '1234567890', NULL, NULL),
(345, 1, '103.247.50.139', '1234567890', NULL, NULL),
(346, 1, '124.43.93.169', '1234567890', NULL, NULL),
(347, 1, '103.247.50.139', '1234567890', NULL, NULL),
(348, 1, '124.43.93.169', '1234567890', NULL, NULL),
(349, 1, '103.247.50.139', '1234567890', NULL, NULL),
(350, 1, '124.43.93.169', '1234567890', NULL, NULL),
(351, 1, '103.247.50.139', '1234567890', NULL, NULL),
(352, 1, '124.43.93.169', '1234567890', NULL, NULL),
(353, 1, '103.247.50.139', '1234567890', NULL, NULL),
(354, 1, '124.43.93.169', '1234567890', NULL, NULL),
(355, 1, '103.247.50.139', '1234567890', NULL, NULL),
(356, 1, '124.43.93.169', '1234567890', NULL, NULL),
(357, 1, '103.247.50.139', '1234567890', NULL, NULL),
(358, 1, '124.43.93.169', '1234567890', NULL, NULL),
(359, 1, '103.247.50.139', '1234567890', NULL, NULL),
(360, 1, '124.43.93.169', '1234567890', NULL, NULL),
(361, 1, '103.247.50.139', '1234567890', NULL, NULL),
(362, 1, '124.43.93.169', '1234567890', NULL, NULL),
(363, 1, '103.247.50.139', '1234567890', NULL, NULL),
(364, 1, '124.43.93.169', '1234567890', NULL, NULL),
(365, 1, '103.247.50.139', '1234567890', NULL, NULL),
(366, 1, '124.43.93.169', '1234567890', NULL, NULL),
(367, 1, '103.247.50.139', '1234567890', NULL, NULL),
(368, 1, '124.43.93.169', '1234567890', NULL, NULL),
(369, 1, '103.247.50.139', '1234567890', NULL, NULL),
(370, 1, '124.43.93.169', '1234567890', NULL, NULL),
(371, 1, '103.247.50.139', '1234567890', NULL, NULL),
(372, 1, '124.43.93.169', '1234567890', NULL, NULL),
(373, 1, '103.247.50.139', '1234567890', NULL, NULL),
(374, 1, '124.43.93.169', '1234567890', NULL, NULL),
(375, 1, '103.247.50.139', '1234567890', NULL, NULL),
(376, 1, '124.43.93.169', '1234567890', NULL, NULL),
(377, 1, '103.247.50.139', '1234567890', NULL, NULL),
(378, 1, '124.43.93.169', '1234567890', NULL, NULL),
(379, 1, '103.247.50.139', '1234567890', NULL, NULL),
(380, 1, '124.43.93.169', '1234567890', NULL, NULL),
(381, 1, '103.247.50.139', '1234567890', NULL, NULL),
(382, 1, '124.43.93.169', '1234567890', NULL, NULL),
(383, 1, '103.247.50.139', '1234567890', NULL, NULL),
(384, 1, '124.43.93.169', '1234567890', NULL, NULL),
(385, 1, '103.247.50.139', '1234567890', NULL, NULL),
(386, 1, '124.43.93.169', '1234567890', NULL, NULL),
(387, 1, '103.247.50.139', '1234567890', NULL, NULL),
(388, 1, '124.43.93.169', '1234567890', NULL, NULL),
(389, 1, '103.247.50.139', '1234567890', NULL, NULL),
(390, 1, '124.43.93.169', '1234567890', NULL, NULL),
(391, 1, '103.247.50.139', '1234567890', NULL, NULL),
(392, 1, '124.43.93.169', '1234567890', NULL, NULL),
(393, 1, '103.247.50.139', '1234567890', NULL, NULL),
(394, 1, '124.43.93.169', '1234567890', NULL, NULL),
(395, 1, '103.247.50.139', '1234567890', NULL, NULL),
(396, 1, '124.43.93.169', '1234567890', NULL, NULL),
(397, 1, '103.247.50.139', '1234567890', NULL, NULL),
(398, 1, '124.43.93.169', '1234567890', NULL, NULL),
(399, 1, '103.247.50.139', '1234567890', NULL, NULL),
(400, 1, '124.43.93.169', '1234567890', NULL, NULL),
(401, 1, '103.247.50.139', '1234567890', NULL, NULL),
(402, 1, '124.43.93.169', '1234567890', NULL, NULL),
(403, 1, '103.247.50.139', '1234567890', NULL, NULL),
(404, 1, '124.43.93.169', '1234567890', NULL, NULL),
(405, 1, '103.247.50.139', '1234567890', NULL, NULL),
(406, 1, '124.43.93.169', '1234567890', NULL, NULL),
(407, 1, '103.247.50.139', '1234567890', NULL, NULL),
(408, 1, '124.43.93.169', '1234567890', NULL, NULL),
(409, 1, '103.247.50.139', '1234567890', NULL, NULL),
(410, 1, '124.43.93.169', '1234567890', NULL, NULL),
(411, 1, '124.43.93.169', '1234567890', NULL, NULL),
(412, 1, '124.43.93.169', '1234567890', NULL, NULL),
(413, 1, '103.247.50.139', '1234567890', NULL, NULL),
(414, 1, '124.43.93.169', '1234567890', NULL, NULL),
(415, 1, '103.247.50.139', '1234567890', NULL, NULL),
(416, 1, '124.43.93.169', '1234567890', NULL, NULL),
(417, 1, '103.247.50.139', '1234567890', NULL, NULL),
(418, 1, '124.43.93.169', '1234567890', NULL, NULL),
(419, 1, '103.247.50.139', '1234567890', NULL, NULL),
(420, 1, '124.43.93.169', '1234567890', NULL, NULL),
(421, 1, '103.247.50.139', '1234567890', NULL, NULL),
(422, 1, '124.43.93.169', '1234567890', NULL, NULL),
(423, 1, '103.247.50.139', '1234567890', NULL, NULL),
(424, 1, '124.43.93.169', '1234567890', NULL, NULL),
(425, 1, '103.247.50.139', '1234567890', NULL, NULL),
(426, 1, '124.43.93.169', '1234567890', NULL, NULL),
(427, 1, '103.247.50.139', '1234567890', NULL, NULL),
(428, 1, '124.43.93.169', '1234567890', NULL, NULL),
(429, 1, '103.247.50.139', '1234567890', NULL, NULL),
(430, 1, '124.43.93.169', '1234567890', NULL, NULL),
(431, 1, '103.247.50.139', '1234567890', NULL, NULL),
(432, 1, '124.43.93.169', '1234567890', NULL, NULL),
(433, 1, '103.247.50.139', '1234567890', NULL, NULL),
(434, 1, '124.43.93.169', '1234567890', NULL, NULL),
(435, 1, '103.247.50.139', '1234567890', NULL, NULL),
(436, 1, '124.43.93.169', '1234567890', NULL, NULL),
(437, 1, '103.247.50.139', '1234567890', NULL, NULL),
(438, 1, '124.43.93.169', '1234567890', NULL, NULL),
(439, 1, '103.247.50.139', '1234567890', NULL, NULL),
(440, 1, '124.43.93.169', '1234567890', NULL, NULL),
(441, 1, '103.247.50.139', '1234567890', NULL, NULL),
(442, 1, '103.247.50.139', '1234567890', NULL, NULL),
(443, 1, '103.247.50.139', '1234567890', NULL, NULL),
(444, 1, '103.247.50.139', '1234567890', NULL, NULL),
(445, 1, '103.247.50.139', '1234567890', NULL, NULL),
(446, 1, '103.247.50.139', '1234567890', NULL, NULL),
(447, 1, '103.247.50.139', '1234567890', NULL, NULL),
(448, 1, '103.247.50.139', '1234567890', NULL, NULL),
(449, 1, '103.247.50.139', '1234567890', NULL, NULL),
(450, 1, '103.247.50.139', '1234567890', NULL, NULL),
(451, 1, '103.247.50.139', '1234567890', NULL, NULL),
(452, 1, '103.247.50.139', '1234567890', NULL, NULL),
(453, 1, '103.247.50.139', '1234567890', NULL, NULL),
(454, 1, '103.247.50.139', '1234567890', NULL, NULL),
(455, 1, '103.247.50.139', '1234567890', NULL, NULL),
(456, 1, '103.247.50.139', '1234567890', NULL, NULL),
(457, 1, '103.247.50.139', '1234567890', NULL, NULL),
(458, 1, '103.247.50.139', '1234567890', NULL, NULL),
(459, 1, '103.247.50.139', '1234567890', NULL, NULL),
(460, 1, '103.247.50.139', '1234567890', NULL, NULL),
(461, 1, '103.247.50.139', '1234567890', NULL, NULL),
(462, 1, '103.247.50.139', '1234567890', NULL, NULL),
(463, 1, '103.247.50.139', '1234567890', NULL, NULL),
(464, 1, '103.247.50.139', '1234567890', NULL, NULL),
(465, 1, '103.247.50.139', '1234567890', NULL, NULL),
(466, 1, '103.247.50.139', '1234567890', NULL, NULL),
(467, 1, '103.247.50.139', '1234567890', NULL, NULL),
(468, 1, '103.247.50.139', '1234567890', NULL, NULL),
(469, 1, '103.247.50.139', '1234567890', NULL, NULL),
(470, 1, '103.247.50.139', '1234567890', NULL, NULL),
(471, 1, '103.247.50.139', '1234567890', NULL, NULL),
(472, 1, '103.247.50.139', '1234567890', NULL, NULL),
(473, 1, '103.247.50.139', '1234567890', NULL, NULL),
(474, 1, '103.247.50.139', '1234567890', NULL, NULL),
(475, 1, '103.247.50.139', '1234567890', NULL, NULL),
(476, 1, '103.247.50.139', '1234567890', NULL, NULL),
(477, 1, '103.247.50.139', '1234567890', NULL, NULL),
(478, 1, '103.247.50.139', '1234567890', NULL, NULL),
(479, 1, '103.247.50.139', '1234567890', NULL, NULL),
(480, 1, '103.247.50.139', '1234567890', NULL, NULL),
(481, 1, '103.247.50.139', '1234567890', NULL, NULL),
(482, 1, '103.247.50.139', '1234567890', NULL, NULL),
(483, 1, '103.247.50.139', '1234567890', NULL, NULL),
(484, 1, '103.247.50.139', '1234567890', NULL, NULL),
(485, 1, '103.247.50.139', '1234567890', NULL, NULL),
(486, 1, '103.247.50.139', '1234567890', NULL, NULL),
(487, 1, '103.247.50.139', '1234567890', NULL, NULL),
(488, 1, '103.247.50.139', '1234567890', NULL, NULL),
(489, 1, '103.247.50.139', '1234567890', NULL, NULL),
(490, 1, '103.247.50.139', '1234567890', NULL, NULL),
(491, 1, '103.247.50.139', '1234567890', NULL, NULL),
(492, 1, '103.247.50.139', '1234567890', NULL, NULL),
(493, 1, '103.247.50.139', '1234567890', NULL, NULL),
(494, 1, '103.247.50.139', '1234567890', NULL, NULL),
(495, 1, '103.247.50.139', '1234567890', NULL, NULL),
(496, 1, '103.247.50.139', '1234567890', NULL, NULL),
(497, 1, '103.247.50.139', '1234567890', NULL, NULL),
(498, 1, '103.247.50.139', '1234567890', NULL, NULL),
(499, 1, '124.43.93.169', '1234567890', NULL, NULL),
(500, 1, '103.247.50.139', '1234567890', NULL, NULL),
(501, 1, '103.247.50.139', '1234567890', NULL, NULL),
(502, 1, '103.247.50.139', '1234567890', NULL, NULL),
(503, 1, '103.247.50.139', '1234567890', NULL, NULL),
(504, 1, '103.247.50.139', '1234567890', NULL, NULL),
(505, 1, '103.247.50.139', '1234567890', NULL, NULL),
(506, 1, '103.247.50.139', '1234567890', NULL, NULL),
(507, 1, '103.247.50.139', '1234567890', NULL, NULL),
(508, 1, '103.247.50.139', '1234567890', NULL, NULL),
(509, 1, '103.247.50.139', '1234567890', NULL, NULL),
(510, 1, '103.247.50.139', '1234567890', NULL, NULL),
(511, 1, '103.247.50.139', '1234567890', NULL, NULL),
(512, 1, '103.247.50.139', '1234567890', NULL, NULL),
(513, 1, '103.247.50.139', '1234567890', NULL, NULL),
(514, 1, '103.247.50.139', '1234567890', NULL, NULL),
(515, 1, '103.247.50.139', '1234567890', NULL, NULL),
(516, 1, '103.247.50.139', '1234567890', NULL, NULL),
(517, 1, '103.247.50.139', '1234567890', NULL, NULL),
(518, 1, '103.247.50.139', '1234567890', NULL, NULL),
(519, 1, '103.247.50.139', '1234567890', NULL, NULL),
(520, 1, '103.247.50.139', '1234567890', NULL, NULL),
(521, 1, '103.247.50.139', '1234567890', NULL, NULL),
(522, 1, '103.247.50.139', '1234567890', NULL, NULL),
(523, 1, '103.247.50.139', '1234567890', NULL, NULL),
(524, 1, '103.247.50.139', '1234567890', NULL, NULL),
(525, 1, '103.247.50.139', '1234567890', NULL, NULL),
(526, 1, '103.247.50.139', '1234567890', NULL, NULL),
(527, 1, '103.247.50.139', '1234567890', NULL, NULL),
(528, 1, '103.247.50.139', '1234567890', NULL, NULL),
(529, 1, '103.247.50.139', '1234567890', NULL, NULL),
(530, 1, '103.247.50.139', '1234567890', NULL, NULL),
(531, 1, '103.247.50.139', '1234567890', NULL, NULL),
(532, 1, '103.247.50.139', '1234567890', NULL, NULL),
(533, 1, '103.247.50.139', '1234567890', NULL, NULL),
(534, 1, '103.247.50.139', '1234567890', NULL, NULL),
(535, 1, '103.247.50.139', '1234567890', NULL, NULL),
(536, 1, '103.247.50.139', '1234567890', NULL, NULL),
(537, 1, '103.247.50.139', '1234567890', NULL, NULL),
(538, 1, '103.247.50.139', '1234567890', NULL, NULL),
(539, 1, '103.247.50.139', '1234567890', NULL, NULL),
(540, 1, '103.247.50.139', '1234567890', NULL, NULL),
(541, 1, '103.247.50.139', '1234567890', NULL, NULL),
(542, 1, '103.247.50.139', '1234567890', NULL, NULL),
(543, 1, '103.247.50.139', '1234567890', NULL, NULL),
(544, 1, '103.247.50.139', '1234567890', NULL, NULL),
(545, 1, '103.247.50.139', '1234567890', NULL, NULL),
(546, 1, '103.247.50.139', '1234567890', NULL, NULL),
(547, 1, '103.247.50.139', '1234567890', NULL, NULL),
(548, 1, '103.247.50.139', '1234567890', NULL, NULL),
(549, 1, '103.247.50.139', '1234567890', NULL, NULL),
(550, 1, '103.247.50.139', '1234567890', NULL, NULL),
(551, 1, '103.247.50.139', '1234567890', NULL, NULL),
(552, 1, '103.247.50.139', '1234567890', NULL, NULL),
(553, 1, '103.247.50.139', '1234567890', NULL, NULL),
(554, 1, '103.247.50.139', '1234567890', NULL, NULL),
(555, 1, '103.247.50.139', '1234567890', NULL, NULL),
(556, 1, '103.247.50.139', '1234567890', NULL, NULL),
(557, 1, '103.247.50.139', '1234567890', NULL, NULL),
(558, 1, '103.247.50.139', '1234567890', NULL, NULL),
(559, 1, '103.247.50.139', '1234567890', NULL, NULL),
(560, 1, '103.247.50.139', '1234567890', NULL, NULL),
(561, 1, '103.247.50.139', '1234567890', NULL, NULL),
(562, 1, '103.247.50.139', '1234567890', NULL, NULL),
(563, 1, '103.247.50.139', '1234567890', NULL, NULL),
(564, 1, '103.247.50.139', '1234567890', NULL, NULL),
(565, 1, '103.247.50.139', '1234567890', NULL, NULL),
(566, 1, '103.247.50.139', '1234567890', NULL, NULL),
(567, 1, '103.247.50.139', '1234567890', NULL, NULL),
(568, 1, '103.247.50.139', '1234567890', NULL, NULL),
(569, 1, '103.247.50.139', '1234567890', NULL, NULL),
(570, 1, '103.247.50.139', '1234567890', NULL, NULL),
(571, 1, '103.247.50.139', '1234567890', NULL, NULL),
(572, 1, '103.247.50.139', '1234567890', NULL, NULL),
(573, 1, '103.247.50.139', '1234567890', NULL, NULL),
(574, 1, '103.247.50.139', '1234567890', NULL, NULL),
(575, 1, '103.247.50.139', '1234567890', NULL, NULL),
(576, 1, '103.247.50.139', '1234567890', NULL, NULL),
(577, 1, '103.247.50.139', '1234567890', NULL, NULL),
(578, 1, '103.247.50.139', '1234567890', NULL, NULL),
(579, 1, '103.247.50.139', '1234567890', NULL, NULL),
(580, 1, '103.247.50.139', '1234567890', NULL, NULL),
(581, 1, '103.247.50.139', '1234567890', NULL, NULL),
(582, 1, '103.247.50.139', '1234567890', NULL, NULL),
(583, 1, '103.247.50.139', '1234567890', NULL, NULL),
(584, 1, '103.247.50.139', '1234567890', NULL, NULL),
(585, 1, '103.247.50.139', '1234567890', NULL, NULL),
(586, 1, '103.247.50.139', '1234567890', NULL, NULL),
(587, 1, '103.247.50.139', '1234567890', NULL, NULL),
(588, 1, '103.247.50.139', '1234567890', NULL, NULL),
(589, 1, '103.247.50.139', '1234567890', NULL, NULL),
(590, 1, '103.247.50.139', '1234567890', NULL, NULL),
(591, 1, '103.247.50.139', '1234567890', NULL, NULL),
(592, 1, '103.247.50.139', '1234567890', NULL, NULL),
(593, 1, '103.247.50.139', '1234567890', NULL, NULL),
(594, 1, '103.247.50.139', '1234567890', NULL, NULL),
(595, 1, '103.247.50.139', '1234567890', NULL, NULL),
(596, 1, '103.247.50.139', '1234567890', NULL, NULL),
(597, 1, '103.247.50.139', '1234567890', NULL, NULL),
(598, 1, '103.247.50.139', '1234567890', NULL, NULL),
(599, 1, '103.247.50.139', '1234567890', NULL, NULL),
(600, 1, '103.247.50.139', '1234567890', NULL, NULL),
(601, 1, '103.247.50.139', '1234567890', NULL, NULL),
(602, 1, '103.247.50.139', '1234567890', NULL, NULL),
(603, 1, '103.247.50.139', '1234567890', NULL, NULL),
(604, 1, '103.247.50.139', '1234567890', NULL, NULL),
(605, 1, '103.247.50.139', '1234567890', NULL, NULL),
(606, 1, '103.247.50.139', '1234567890', NULL, NULL),
(607, 1, '103.247.50.139', '1234567890', NULL, NULL),
(608, 1, '103.247.50.139', '1234567890', NULL, NULL),
(609, 1, '103.247.50.139', '1234567890', NULL, NULL),
(610, 1, '103.247.50.139', '1234567890', NULL, NULL),
(611, 1, '103.247.50.139', '1234567890', NULL, NULL),
(612, 1, '103.247.50.139', '1234567890', NULL, NULL),
(613, 1, '103.247.50.139', '1234567890', NULL, NULL),
(614, 1, '103.247.50.139', '1234567890', NULL, NULL),
(615, 1, '103.247.50.139', '1234567890', NULL, NULL),
(616, 1, '103.247.50.139', '1234567890', NULL, NULL),
(617, 1, '103.247.50.139', '1234567890', NULL, NULL),
(618, 1, '103.247.50.139', '1234567890', NULL, NULL),
(619, 1, '103.247.50.139', '1234567890', NULL, NULL),
(620, 1, '103.247.50.139', '1234567890', NULL, NULL),
(621, 1, '103.247.50.139', '1234567890', NULL, NULL),
(622, 1, '103.247.50.139', '1234567890', NULL, NULL),
(623, 1, '103.247.50.139', '1234567890', NULL, NULL),
(624, 1, '103.247.50.139', '1234567890', NULL, NULL),
(625, 1, '103.247.50.139', '1234567890', NULL, NULL),
(626, 1, '103.247.50.139', '1234567890', NULL, NULL),
(627, 1, '103.247.50.139', '1234567890', NULL, NULL),
(628, 1, '103.247.50.139', '1234567890', NULL, NULL),
(629, 1, '103.247.50.139', '1234567890', NULL, NULL),
(630, 1, '103.247.50.139', '1234567890', NULL, NULL),
(631, 1, '103.247.50.139', '1234567890', NULL, NULL),
(632, 1, '103.247.50.139', '1234567890', NULL, NULL),
(633, 1, '103.247.50.139', '1234567890', NULL, NULL),
(634, 1, '103.247.50.139', '1234567890', NULL, NULL),
(635, 1, '103.247.50.139', '1234567890', NULL, NULL),
(636, 1, '103.247.50.139', '1234567890', NULL, NULL),
(637, 1, '103.247.50.139', '1234567890', NULL, NULL),
(638, 1, '103.247.50.139', '1234567890', NULL, NULL),
(639, 1, '103.247.50.139', '1234567890', NULL, NULL),
(640, 1, '103.247.50.139', '1234567890', NULL, NULL),
(641, 1, '103.247.50.139', '1234567890', NULL, NULL),
(642, 1, '103.247.50.139', '1234567890', NULL, NULL),
(643, 1, '103.247.50.139', '1234567890', NULL, NULL),
(644, 1, '103.247.50.139', '1234567890', NULL, NULL),
(645, 1, '103.247.50.139', '1234567890', NULL, NULL),
(646, 1, '103.247.50.139', '1234567890', NULL, NULL),
(647, 1, '103.247.50.139', '1234567890', NULL, NULL),
(648, 1, '103.247.50.139', '1234567890', NULL, NULL),
(649, 1, '103.247.50.139', '1234567890', NULL, NULL),
(650, 1, '103.247.50.139', '1234567890', NULL, NULL),
(651, 1, '103.247.50.139', '1234567890', NULL, NULL),
(652, 1, '103.247.50.139', '1234567890', NULL, NULL),
(653, 1, '103.247.50.139', '1234567890', NULL, NULL),
(654, 1, '103.247.50.139', '1234567890', NULL, NULL),
(655, 1, '103.247.50.139', '1234567890', NULL, NULL),
(656, 1, '103.247.50.139', '1234567890', NULL, NULL),
(657, 1, '103.247.50.139', '1234567890', NULL, NULL),
(658, 1, '103.247.50.139', '1234567890', NULL, NULL),
(659, 1, '103.247.50.139', '1234567890', NULL, NULL),
(660, 1, '103.247.50.139', '1234567890', NULL, NULL),
(661, 1, '103.247.50.139', '1234567890', NULL, NULL),
(662, 1, '103.247.50.139', '1234567890', NULL, NULL),
(663, 1, '103.247.50.139', '1234567890', NULL, NULL),
(664, 1, '103.247.50.139', '1234567890', NULL, NULL),
(665, 1, '103.247.50.139', '1234567890', NULL, NULL),
(666, 1, '103.247.50.139', '1234567890', NULL, NULL),
(667, 1, '103.247.50.139', '1234567890', NULL, NULL),
(668, 1, '103.247.50.139', '1234567890', NULL, NULL),
(669, 1, '103.247.50.139', '1234567890', NULL, NULL),
(670, 1, '103.247.50.139', '1234567890', NULL, NULL),
(671, 1, '103.247.50.139', '1234567890', NULL, NULL),
(672, 1, '103.247.50.139', '1234567890', NULL, NULL),
(673, 1, '103.247.50.139', '1234567890', NULL, NULL),
(674, 1, '103.247.50.139', '1234567890', NULL, NULL),
(675, 1, '103.247.50.139', '1234567890', NULL, NULL),
(676, 1, '103.247.50.139', '1234567890', NULL, NULL),
(677, 1, '103.247.50.139', '1234567890', NULL, NULL),
(678, 1, '103.247.50.139', '1234567890', NULL, NULL),
(679, 1, '103.247.50.139', '1234567890', NULL, NULL),
(680, 1, '103.247.50.139', '1234567890', NULL, NULL),
(681, 1, '103.247.50.139', '1234567890', NULL, NULL),
(682, 1, '103.247.50.139', '1234567890', NULL, NULL),
(683, 1, '103.247.50.139', '1234567890', NULL, NULL),
(684, 1, '103.247.50.139', '1234567890', NULL, NULL),
(685, 1, '103.247.50.139', '1234567890', NULL, NULL),
(686, 1, '103.247.50.139', '1234567890', NULL, NULL),
(687, 1, '103.247.50.139', '1234567890', NULL, NULL),
(688, 1, '103.247.50.139', '1234567890', NULL, NULL),
(689, 1, '103.247.50.139', '1234567890', NULL, NULL),
(690, 1, '103.247.50.139', '1234567890', NULL, NULL),
(691, 1, '103.247.50.139', '1234567890', NULL, NULL),
(692, 1, '103.247.50.139', '1234567890', NULL, NULL),
(693, 1, '103.247.50.139', '1234567890', NULL, NULL),
(694, 1, '103.247.50.139', '1234567890', NULL, NULL),
(695, 1, '103.247.50.139', '1234567890', NULL, NULL),
(696, 1, '103.247.50.139', '1234567890', NULL, NULL),
(697, 1, '103.247.50.139', '1234567890', NULL, NULL),
(698, 1, '103.247.50.139', '1234567890', NULL, NULL),
(699, 1, '103.247.50.139', '1234567890', NULL, NULL),
(700, 1, '103.247.50.139', '1234567890', NULL, NULL),
(701, 1, '103.247.50.139', '1234567890', NULL, NULL),
(702, 1, '103.247.50.139', '1234567890', NULL, NULL),
(703, 1, '103.247.50.139', '1234567890', NULL, NULL),
(704, 1, '103.247.50.139', '1234567890', NULL, NULL),
(705, 1, '103.247.50.139', '1234567890', NULL, NULL),
(706, 1, '103.247.50.139', '1234567890', NULL, NULL),
(707, 1, '103.247.50.139', '1234567890', NULL, NULL),
(708, 1, '103.247.50.139', '1234567890', NULL, NULL),
(709, 1, '103.247.50.139', '1234567890', NULL, NULL),
(710, 1, '103.247.50.139', '1234567890', NULL, NULL),
(711, 1, '103.247.50.139', '1234567890', NULL, NULL),
(712, 1, '103.247.50.139', '1234567890', NULL, NULL),
(713, 1, '103.247.50.139', '1234567890', NULL, NULL),
(714, 1, '103.247.50.139', '1234567890', NULL, NULL),
(715, 1, '103.247.50.139', '1234567890', NULL, NULL),
(716, 1, '103.247.50.139', '1234567890', NULL, NULL),
(717, 1, '103.247.50.139', '1234567890', NULL, NULL),
(718, 1, '103.247.50.139', '1234567890', NULL, NULL),
(719, 1, '103.247.50.139', '1234567890', NULL, NULL),
(720, 1, '103.247.50.139', '1234567890', NULL, NULL),
(721, 1, '103.247.50.139', '1234567890', NULL, NULL),
(722, 1, '103.247.50.139', '1234567890', NULL, NULL),
(723, 1, '103.247.50.139', '1234567890', NULL, NULL),
(724, 1, '103.247.50.139', '1234567890', NULL, NULL),
(725, 1, '103.247.50.139', '1234567890', NULL, NULL),
(726, 1, '103.247.50.139', '1234567890', NULL, NULL),
(727, 1, '103.247.50.139', '1234567890', NULL, NULL),
(728, 1, '103.247.50.139', '1234567890', NULL, NULL),
(729, 1, '103.247.50.139', '1234567890', NULL, NULL),
(730, 1, '103.247.50.139', '1234567890', NULL, NULL),
(731, 1, '103.247.50.139', '1234567890', NULL, NULL),
(732, 1, '103.247.50.139', '1234567890', NULL, NULL),
(733, 1, '103.247.50.139', '1234567890', NULL, NULL),
(734, 1, '103.247.50.139', '1234567890', NULL, NULL),
(735, 1, '103.247.50.139', '1234567890', NULL, NULL),
(736, 1, '103.247.50.139', '1234567890', NULL, NULL),
(737, 1, '103.247.50.139', '1234567890', NULL, NULL),
(738, 1, '103.247.50.139', '1234567890', NULL, NULL),
(739, 1, '103.247.50.139', '1234567890', NULL, NULL),
(740, 1, '103.247.50.139', '1234567890', NULL, NULL),
(741, 1, '103.247.50.139', '1234567890', NULL, NULL),
(742, 1, '103.247.50.139', '1234567890', NULL, NULL),
(743, 1, '103.247.50.139', '1234567890', NULL, NULL),
(744, 1, '103.247.50.139', '1234567890', NULL, NULL),
(745, 1, '103.247.50.139', '1234567890', NULL, NULL),
(746, 1, '103.247.50.139', '1234567890', NULL, NULL),
(747, 1, '103.247.50.139', '1234567890', NULL, NULL),
(748, 1, '103.247.50.139', '1234567890', NULL, NULL),
(749, 1, '103.247.50.139', '1234567890', NULL, NULL),
(750, 1, '103.247.50.139', '1234567890', NULL, NULL),
(751, 1, '103.247.50.139', '1234567890', NULL, NULL),
(752, 1, '103.247.50.139', '1234567890', NULL, NULL),
(753, 1, '103.247.50.139', '1234567890', NULL, NULL),
(754, 1, '103.247.50.139', '1234567890', NULL, NULL),
(755, 1, '103.247.50.139', '1234567890', NULL, NULL),
(756, 1, '103.247.50.139', '1234567890', NULL, NULL),
(757, 1, '103.247.50.139', '1234567890', NULL, NULL),
(758, 1, '103.247.50.139', '1234567890', NULL, NULL),
(759, 1, '103.247.50.139', '1234567890', NULL, NULL),
(760, 1, '103.247.50.139', '1234567890', NULL, NULL),
(761, 1, '103.247.50.139', '1234567890', NULL, NULL),
(762, 1, '103.247.50.139', '1234567890', NULL, NULL),
(763, 1, '103.247.50.139', '1234567890', NULL, NULL),
(764, 1, '103.247.50.139', '1234567890', NULL, NULL),
(765, 1, '103.247.50.139', '1234567890', NULL, NULL),
(766, 1, '103.247.50.139', '1234567890', NULL, NULL),
(767, 1, '103.247.50.139', '1234567890', NULL, NULL),
(768, 1, '103.247.50.139', '1234567890', NULL, NULL),
(769, 1, '103.247.50.139', '1234567890', NULL, NULL),
(770, 1, '103.247.50.139', '1234567890', NULL, NULL),
(771, 1, '103.247.50.139', '1234567890', NULL, NULL),
(772, 1, '103.247.50.139', '1234567890', NULL, NULL),
(773, 1, '103.247.50.139', '1234567890', NULL, NULL),
(774, 1, '103.247.50.139', '1234567890', NULL, NULL),
(775, 1, '103.247.50.139', '1234567890', NULL, NULL),
(776, 1, '103.247.50.139', '1234567890', NULL, NULL),
(777, 1, '103.247.50.139', '1234567890', NULL, NULL),
(778, 1, '103.247.50.139', '1234567890', NULL, NULL),
(779, 1, '103.247.50.139', '1234567890', NULL, NULL),
(780, 1, '103.247.50.139', '1234567890', NULL, NULL),
(781, 1, '103.247.50.139', '1234567890', NULL, NULL),
(782, 1, '103.247.50.139', '1234567890', NULL, NULL),
(783, 1, '103.247.50.139', '1234567890', NULL, NULL),
(784, 1, '103.247.50.139', '1234567890', NULL, NULL),
(785, 1, '103.247.50.139', '1234567890', NULL, NULL),
(786, 1, '103.247.50.139', '1234567890', NULL, NULL),
(787, 1, '103.247.50.139', '1234567890', NULL, NULL),
(788, 1, '103.247.50.139', '1234567890', NULL, NULL),
(789, 1, '103.247.50.139', '1234567890', NULL, NULL),
(790, 1, '103.247.50.139', '1234567890', NULL, NULL),
(791, 1, '103.247.50.139', '1234567890', NULL, NULL),
(792, 1, '103.247.50.139', '1234567890', NULL, NULL),
(793, 1, '103.247.50.167', '1234567890', NULL, NULL),
(794, 1, '103.247.50.167', '1234567890', NULL, NULL),
(795, 1, '103.247.50.167', '1234567890', NULL, NULL),
(796, 1, '103.247.50.167', '1234567890', NULL, NULL),
(797, 1, '103.247.50.172', '1234567890', NULL, NULL),
(798, 1, '103.247.50.172', '1234567890', NULL, NULL),
(799, 1, '103.247.50.172', '1234567890', NULL, NULL),
(800, 1, '103.247.50.172', '1234567890', NULL, NULL),
(801, 1, '103.247.50.172', '1234567890', NULL, NULL),
(802, 1, '103.247.50.172', '1234567890', NULL, NULL),
(803, 1, '103.247.50.172', '1234567890', NULL, NULL),
(804, 1, '103.247.50.172', '1234567890', NULL, NULL),
(805, 1, '103.247.50.172', '1234567890', NULL, NULL),
(806, 1, '103.247.50.172', '1234567890', NULL, NULL),
(807, 1, '103.247.50.172', '1234567890', NULL, NULL),
(808, 1, '103.247.50.172', '1234567890', NULL, NULL),
(809, 1, '103.247.50.172', '1234567890', NULL, NULL),
(810, 1, '103.247.50.172', '1234567890', NULL, NULL),
(811, 1, '103.247.50.172', '1234567890', NULL, NULL),
(812, 1, '103.247.50.172', '1234567890', NULL, NULL),
(813, 1, '103.247.50.172', '1234567890', NULL, NULL),
(814, 1, '103.247.50.172', '1234567890', NULL, NULL),
(815, 1, '103.247.50.172', '1234567890', NULL, NULL),
(816, 1, '103.247.50.172', '1234567890', NULL, NULL),
(817, 1, '103.247.50.172', '1234567890', NULL, NULL),
(818, 1, '103.247.50.172', '1234567890', NULL, NULL),
(819, 1, '103.247.50.172', '1234567890', NULL, NULL),
(820, 1, '103.247.50.172', '1234567890', NULL, NULL),
(821, 1, '103.247.50.172', '1234567890', NULL, NULL),
(822, 1, '103.247.50.172', '1234567890', NULL, NULL),
(823, 1, '103.247.50.172', '1234567890', NULL, NULL),
(824, 1, '103.247.50.172', '1234567890', NULL, NULL),
(825, 1, '103.247.50.172', '1234567890', NULL, NULL),
(826, 1, '103.247.50.172', '1234567890', NULL, NULL),
(827, 1, '103.247.50.172', '1234567890', NULL, NULL),
(828, 1, '103.247.50.172', '1234567890', NULL, NULL),
(829, 1, '103.247.50.172', '1234567890', NULL, NULL),
(830, 1, '103.247.50.172', '1234567890', NULL, NULL),
(831, 1, '103.247.50.172', '1234567890', NULL, NULL),
(832, 1, '103.247.50.172', '1234567890', NULL, NULL),
(833, 1, '103.247.50.172', '1234567890', NULL, NULL),
(834, 1, '103.247.50.172', '1234567890', NULL, NULL),
(835, 1, '103.247.50.172', '1234567890', NULL, NULL),
(836, 1, '103.247.50.172', '1234567890', NULL, NULL),
(837, 1, '103.247.50.154', '1234567890', NULL, NULL),
(838, 1, '103.247.50.154', '1234567890', NULL, NULL),
(839, 1, '103.247.50.154', '1234567890', NULL, NULL),
(840, 1, '103.247.50.154', '1234567890', NULL, NULL),
(841, 1, '103.247.50.154', '1234567890', NULL, NULL),
(842, 1, '103.247.50.154', '1234567890', NULL, NULL),
(843, 1, '103.247.50.154', '1234567890', NULL, NULL),
(844, 1, '103.247.50.154', '1234567890', NULL, NULL),
(845, 1, '103.247.50.154', '1234567890', NULL, NULL),
(846, 1, '103.247.50.154', '1234567890', NULL, NULL),
(847, 1, '103.247.50.154', '1234567890', NULL, NULL),
(848, 1, '103.247.50.154', '1234567890', NULL, NULL),
(849, 1, '103.247.50.154', '1234567890', NULL, NULL),
(850, 1, '103.247.50.154', '1234567890', NULL, NULL),
(851, 1, '103.247.50.154', '1234567890', NULL, NULL),
(852, 1, '103.247.50.154', '1234567890', NULL, NULL),
(853, 1, '103.247.50.154', '1234567890', NULL, NULL),
(854, 1, '103.247.50.154', '1234567890', NULL, NULL),
(855, 1, '103.247.50.154', '1234567890', NULL, NULL),
(856, 1, '103.247.50.154', '1234567890', NULL, NULL),
(857, 1, '103.247.50.154', '1234567890', NULL, NULL),
(858, 1, '103.247.50.154', '1234567890', NULL, NULL),
(859, 1, '103.247.50.154', '1234567890', NULL, NULL),
(860, 1, '103.247.50.154', '1234567890', NULL, NULL),
(861, 1, '103.247.50.154', '1234567890', NULL, NULL),
(862, 1, '103.247.50.154', '1234567890', NULL, NULL),
(863, 1, '103.247.50.154', '1234567890', NULL, NULL),
(864, 1, '103.247.50.154', '1234567890', NULL, NULL),
(865, 1, '103.247.50.154', '1234567890', NULL, NULL),
(866, 1, '103.247.50.154', '1234567890', NULL, NULL),
(867, 1, '103.247.50.154', '1234567890', NULL, NULL),
(868, 1, '103.247.50.154', '1234567890', NULL, NULL),
(869, 1, '103.247.50.154', '1234567890', NULL, NULL),
(870, 1, '103.247.50.154', '1234567890', NULL, NULL),
(871, 1, '103.247.50.154', '1234567890', NULL, NULL),
(872, 1, '103.247.50.154', '1234567890', NULL, NULL),
(873, 1, '103.247.50.154', '1234567890', NULL, NULL),
(874, 1, '103.247.50.154', '1234567890', NULL, NULL),
(875, 1, '103.247.50.154', '1234567890', NULL, NULL),
(876, 1, '103.247.50.154', '1234567890', NULL, NULL),
(877, 1, '103.247.50.154', '1234567890', NULL, NULL),
(878, 1, '103.247.50.154', '1234567890', NULL, NULL),
(879, 1, '103.247.50.154', '1234567890', NULL, NULL),
(880, 1, '103.247.50.154', '1234567890', NULL, NULL),
(881, 1, '103.247.50.154', '1234567890', NULL, NULL),
(882, 1, '103.247.50.154', '1234567890', NULL, NULL),
(883, 1, '103.247.50.154', '1234567890', NULL, NULL),
(884, 1, '103.247.50.154', '1234567890', NULL, NULL),
(885, 1, '103.247.50.154', '1234567890', NULL, NULL),
(886, 1, '103.247.50.154', '1234567890', NULL, NULL),
(887, 1, '103.247.50.154', '1234567890', NULL, NULL),
(888, 1, '103.247.50.154', '1234567890', NULL, NULL),
(889, 1, '103.247.50.154', '1234567890', NULL, NULL),
(890, 1, '103.247.50.154', '1234567890', NULL, NULL),
(891, 1, '103.247.50.154', '1234567890', NULL, NULL),
(892, 1, '103.247.50.154', '1234567890', NULL, NULL),
(893, 1, '103.247.50.154', '1234567890', NULL, NULL),
(894, 1, '103.247.50.154', '1234567890', NULL, NULL),
(895, 1, '103.247.50.154', '1234567890', NULL, NULL),
(896, 1, '103.247.50.154', '1234567890', NULL, NULL),
(897, 1, '103.247.50.154', '1234567890', NULL, NULL),
(898, 1, '103.247.50.154', '1234567890', NULL, NULL),
(899, 1, '103.247.50.154', '1234567890', NULL, NULL),
(900, 1, '103.247.50.154', '1234567890', NULL, NULL),
(901, 1, '103.247.50.154', '1234567890', NULL, NULL),
(902, 1, '103.247.50.154', '1234567890', NULL, NULL),
(903, 1, '103.247.50.154', '1234567890', NULL, NULL),
(904, 1, '103.247.50.154', '1234567890', NULL, NULL),
(905, 1, '103.247.50.154', '1234567890', NULL, NULL),
(906, 1, '103.247.50.154', '1234567890', NULL, NULL),
(907, 1, '103.247.50.154', '1234567890', NULL, NULL),
(908, 1, '103.247.50.154', '1234567890', NULL, NULL),
(909, 1, '103.247.50.154', '1234567890', NULL, NULL),
(910, 1, '103.247.50.154', '1234567890', NULL, NULL),
(911, 1, '103.247.50.130', '1234567890', NULL, NULL),
(912, 1, '103.247.50.130', '1234567890', NULL, NULL),
(913, 1, '103.247.50.130', '1234567890', NULL, NULL),
(914, 1, '103.247.50.130', '1234567890', NULL, NULL),
(915, 1, '103.247.50.130', '1234567890', NULL, NULL),
(916, 1, '103.247.50.130', '1234567890', NULL, NULL),
(917, 1, '103.247.50.130', '1234567890', NULL, NULL),
(918, 1, '103.247.50.130', '1234567890', NULL, NULL),
(919, 1, '103.247.50.130', '1234567890', NULL, NULL),
(920, 1, '103.247.50.130', '1234567890', NULL, NULL),
(921, 1, '103.247.50.130', '1234567890', NULL, NULL),
(922, 1, '103.247.50.130', '1234567890', NULL, NULL),
(923, 1, '103.247.50.130', '1234567890', NULL, NULL),
(924, 1, '103.247.50.130', '1234567890', NULL, NULL),
(925, 1, '103.247.50.130', '1234567890', NULL, NULL),
(926, 1, '103.247.50.130', '1234567890', NULL, NULL),
(927, 1, '103.247.50.130', '1234567890', NULL, NULL),
(928, 1, '103.247.50.130', '1234567890', NULL, NULL),
(929, 1, '103.247.50.130', '1234567890', NULL, NULL),
(930, 1, '103.247.50.130', '1234567890', NULL, NULL),
(931, 1, '103.247.50.130', '1234567890', NULL, NULL),
(932, 1, '103.247.50.130', '1234567890', NULL, NULL),
(933, 1, '103.247.50.130', '1234567890', NULL, NULL),
(934, 1, '103.247.50.130', '1234567890', NULL, NULL),
(935, 1, '103.247.50.130', '1234567890', NULL, NULL),
(936, 1, '103.247.50.130', '1234567890', NULL, NULL),
(937, 1, '103.247.50.130', '1234567890', NULL, NULL),
(938, 1, '103.247.50.130', '1234567890', NULL, NULL),
(939, 1, '103.247.50.130', '1234567890', NULL, NULL),
(940, 1, '103.247.50.130', '1234567890', NULL, NULL),
(941, 1, '103.247.50.130', '1234567890', NULL, NULL),
(942, 1, '103.247.50.130', '1234567890', NULL, NULL),
(943, 1, '103.247.50.130', '1234567890', NULL, NULL),
(944, 1, '103.247.50.130', '1234567890', NULL, NULL),
(945, 1, '103.247.50.130', '1234567890', NULL, NULL),
(946, 1, '103.247.50.130', '1234567890', NULL, NULL),
(947, 1, '103.247.50.130', '1234567890', NULL, NULL),
(948, 1, '103.247.50.130', '1234567890', NULL, NULL),
(949, 1, '103.247.50.130', '1234567890', NULL, NULL),
(950, 1, '103.247.50.130', '1234567890', NULL, NULL),
(951, 1, '103.247.50.130', '1234567890', NULL, NULL),
(952, 1, '103.247.50.130', '1234567890', NULL, NULL),
(953, 1, '103.247.50.130', '1234567890', NULL, NULL),
(954, 1, '103.247.50.130', '1234567890', NULL, NULL),
(955, 1, '103.247.50.130', '1234567890', NULL, NULL),
(956, 1, '103.247.50.130', '1234567890', NULL, NULL),
(957, 1, '103.247.50.130', '1234567890', NULL, NULL),
(958, 1, '103.247.50.130', '1234567890', NULL, NULL),
(959, 1, '103.247.50.130', '1234567890', NULL, NULL),
(960, 1, '103.247.50.130', '1234567890', NULL, NULL),
(961, 1, '103.247.50.130', '1234567890', NULL, NULL),
(962, 1, '103.247.50.130', '1234567890', NULL, NULL),
(963, 1, '103.247.50.130', '1234567890', NULL, NULL);
INSERT INTO `heartbeat` (`id`, `systems`, `ip`, `description`, `regtime`, `status`) VALUES
(964, 1, '103.247.50.130', '1234567890', NULL, NULL),
(965, 1, '103.247.50.130', '1234567890', NULL, NULL),
(966, 1, '103.247.50.130', '1234567890', NULL, NULL),
(967, 1, '103.247.50.130', '1234567890', NULL, NULL),
(968, 1, '103.247.50.130', '1234567890', NULL, NULL),
(969, 1, '103.247.50.130', '1234567890', NULL, NULL),
(970, 1, '103.247.50.130', '1234567890', NULL, NULL),
(971, 1, '103.247.50.130', '1234567890', NULL, NULL),
(972, 1, '103.247.50.130', '1234567890', NULL, NULL),
(973, 1, '103.247.50.130', '1234567890', NULL, NULL),
(974, 1, '103.247.50.130', '1234567890', NULL, NULL),
(975, 1, '103.247.50.130', '1234567890', NULL, NULL),
(976, 1, '103.247.50.130', '1234567890', NULL, NULL),
(977, 1, '103.247.50.130', '1234567890', NULL, NULL),
(978, 1, '103.247.50.130', '1234567890', NULL, NULL),
(979, 1, '103.247.50.130', '1234567890', NULL, NULL),
(980, 1, '103.247.50.130', '1234567890', NULL, NULL),
(981, 1, '103.247.50.130', '1234567890', NULL, NULL),
(982, 1, '103.247.50.130', '1234567890', NULL, NULL),
(983, 1, '103.247.50.130', '1234567890', NULL, NULL),
(984, 1, '103.247.50.130', '1234567890', NULL, NULL),
(985, 1, '103.247.50.130', '1234567890', NULL, NULL),
(986, 1, '103.247.50.130', '1234567890', NULL, NULL),
(987, 1, '103.247.50.130', '1234567890', NULL, NULL),
(988, 1, '103.247.50.130', '1234567890', NULL, NULL),
(989, 1, '103.247.50.130', '1234567890', NULL, NULL),
(990, 1, '103.247.50.130', '1234567890', NULL, NULL),
(991, 1, '103.247.50.130', '1234567890', NULL, NULL),
(992, 1, '103.247.50.130', '1234567890', NULL, NULL),
(993, 1, '103.247.50.130', '1234567890', NULL, NULL),
(994, 1, '103.247.50.130', '1234567890', NULL, NULL),
(995, 1, '103.247.50.130', '1234567890', NULL, NULL),
(996, 1, '103.247.50.130', '1234567890', NULL, NULL),
(997, 1, '103.247.50.130', '1234567890', NULL, NULL),
(998, 1, '103.247.50.130', '1234567890', NULL, NULL),
(999, 1, '103.247.50.130', '1234567890', NULL, NULL),
(1000, 1, '103.247.50.130', '1234567890', NULL, NULL),
(1001, 1, '103.247.50.130', '1234567890', NULL, NULL),
(1002, 1, '103.247.50.130', '1234567890', NULL, NULL),
(1003, 1, '103.247.50.130', '1234567890', NULL, NULL),
(1004, 1, '103.247.50.130', '1234567890', NULL, NULL),
(1005, 1, '103.247.50.130', '1234567890', NULL, NULL),
(1006, 1, '103.247.50.130', '1234567890', NULL, NULL),
(1007, 1, '103.247.50.130', '1234567890', NULL, NULL),
(1008, 1, '103.247.50.130', '1234567890', NULL, NULL),
(1009, 1, '103.247.50.130', '1234567890', NULL, NULL),
(1010, 1, '103.247.50.130', '1234567890', NULL, NULL),
(1011, 1, '103.247.50.130', '1234567890', NULL, NULL),
(1012, 1, '103.247.50.130', '1234567890', NULL, NULL),
(1013, 1, '103.247.50.130', '1234567890', NULL, NULL),
(1014, 1, '103.247.50.130', '1234567890', NULL, NULL),
(1015, 1, '103.247.50.130', '1234567890', NULL, NULL),
(1016, 1, '103.247.50.130', '1234567890', NULL, NULL),
(1017, 1, '103.247.50.130', '1234567890', NULL, NULL),
(1018, 1, '103.247.50.130', '1234567890', NULL, NULL),
(1019, 1, '103.247.50.130', '1234567890', NULL, NULL),
(1020, 1, '103.247.50.130', '1234567890', NULL, NULL),
(1021, 1, '103.247.50.130', '1234567890', NULL, NULL),
(1022, 1, '103.247.50.130', '1234567890', NULL, NULL),
(1023, 1, '103.247.50.130', '1234567890', NULL, NULL),
(1024, 1, '103.247.50.130', '1234567890', NULL, NULL),
(1025, 1, '103.247.50.130', '1234567890', NULL, NULL),
(1026, 1, '103.247.50.130', '1234567890', NULL, NULL),
(1027, 1, '103.247.50.130', '1234567890', NULL, NULL),
(1028, 1, '103.247.50.130', '1234567890', NULL, NULL),
(1029, 1, '103.247.50.130', '1234567890', NULL, NULL),
(1030, 1, '103.247.50.130', '1234567890', NULL, NULL),
(1031, 1, '103.247.50.130', '1234567890', NULL, NULL),
(1032, 1, '103.247.50.130', '1234567890', NULL, NULL),
(1033, 1, '103.247.50.130', '1234567890', NULL, NULL),
(1034, 1, '103.247.50.130', '1234567890', NULL, NULL),
(1035, 1, '103.247.50.130', '1234567890', NULL, NULL),
(1036, 1, '103.247.50.130', '1234567890', NULL, NULL),
(1037, 1, '103.247.50.130', '1234567890', NULL, NULL),
(1038, 1, '103.247.50.130', '1234567890', NULL, NULL),
(1039, 1, '103.247.50.130', '1234567890', NULL, NULL),
(1040, 1, '103.247.50.130', '1234567890', NULL, NULL),
(1041, 1, '103.247.50.130', '1234567890', NULL, NULL),
(1042, 1, '103.247.50.130', '1234567890', NULL, NULL),
(1043, 1, '103.247.50.130', '1234567890', NULL, NULL),
(1044, 1, '103.247.50.130', '1234567890', NULL, NULL),
(1045, 1, '103.247.50.130', '1234567890', NULL, NULL),
(1046, 1, '103.247.50.130', '1234567890', NULL, NULL),
(1047, 1, '103.247.50.130', '1234567890', NULL, NULL),
(1048, 1, '103.247.50.130', '1234567890', NULL, NULL),
(1049, 1, '103.247.50.130', '1234567890', NULL, NULL),
(1050, 1, '103.247.50.130', '1234567890', NULL, NULL),
(1051, 1, '103.247.50.130', '1234567890', NULL, NULL),
(1052, 1, '103.247.50.130', '1234567890', NULL, NULL),
(1053, 1, '103.247.50.130', '1234567890', NULL, NULL),
(1054, 1, '103.247.50.130', '1234567890', NULL, NULL),
(1055, 1, '103.247.50.130', '1234567890', NULL, NULL),
(1056, 1, '103.247.50.130', '1234567890', NULL, NULL),
(1057, 1, '103.247.50.130', '1234567890', NULL, NULL),
(1058, 1, '103.247.50.130', '1234567890', NULL, NULL),
(1059, 1, '103.247.50.130', '1234567890', NULL, NULL),
(1060, 1, '103.247.50.130', '1234567890', NULL, NULL),
(1061, 1, '103.247.50.130', '1234567890', NULL, NULL),
(1062, 1, '103.247.50.130', '1234567890', NULL, NULL),
(1063, 1, '103.247.50.130', '1234567890', NULL, NULL),
(1064, 1, '103.247.50.130', '1234567890', NULL, NULL),
(1065, 1, '103.247.50.130', '1234567890', NULL, NULL),
(1066, 1, '103.247.50.130', '1234567890', NULL, NULL),
(1067, 1, '103.247.50.130', '1234567890', NULL, NULL),
(1068, 1, '103.247.50.130', '1234567890', NULL, NULL),
(1069, 1, '103.247.50.130', '1234567890', NULL, NULL),
(1070, 1, '103.247.50.130', '1234567890', NULL, NULL),
(1071, 1, '103.247.50.130', '1234567890', NULL, NULL),
(1072, 1, '103.247.50.130', '1234567890', NULL, NULL),
(1073, 1, '103.247.50.130', '1234567890', NULL, NULL),
(1074, 1, '103.247.50.130', '1234567890', NULL, NULL),
(1075, 1, '103.247.50.130', '1234567890', NULL, NULL),
(1076, 1, '103.247.50.130', '1234567890', NULL, NULL),
(1077, 1, '103.247.50.130', '1234567890', NULL, NULL),
(1078, 1, '103.247.50.130', '1234567890', NULL, NULL),
(1079, 1, '103.247.50.130', '1234567890', NULL, NULL),
(1080, 1, '103.247.50.130', '1234567890', NULL, NULL),
(1081, 1, '103.247.50.130', '1234567890', NULL, NULL),
(1082, 1, '103.247.50.130', '1234567890', NULL, NULL),
(1083, 1, '103.247.50.130', '1234567890', NULL, NULL),
(1084, 1, '103.247.50.130', '1234567890', NULL, NULL),
(1085, 1, '103.247.50.130', '1234567890', NULL, NULL),
(1086, 1, '103.247.50.130', '1234567890', NULL, NULL),
(1087, 1, '103.247.50.130', '1234567890', NULL, NULL),
(1088, 1, '103.247.50.130', '1234567890', NULL, NULL),
(1089, 1, '103.247.50.130', '1234567890', NULL, NULL),
(1090, 1, '103.247.50.130', '1234567890', NULL, NULL),
(1091, 1, '103.247.50.130', '1234567890', NULL, NULL),
(1092, 1, '103.247.50.130', '1234567890', NULL, NULL),
(1093, 1, '103.247.50.130', '1234567890', NULL, NULL),
(1094, 1, '103.247.50.130', '1234567890', NULL, NULL),
(1095, 1, '103.247.50.130', '1234567890', NULL, NULL),
(1096, 1, '103.247.50.130', '1234567890', NULL, NULL),
(1097, 1, '103.247.50.130', '1234567890', NULL, NULL),
(1098, 1, '103.247.50.130', '1234567890', NULL, NULL),
(1099, 1, '103.247.50.130', '1234567890', NULL, NULL),
(1100, 1, '103.247.50.130', '1234567890', NULL, NULL),
(1101, 1, '103.247.50.130', '1234567890', NULL, NULL),
(1102, 1, '103.247.50.130', '1234567890', NULL, NULL),
(1103, 1, '103.247.50.130', '1234567890', NULL, NULL),
(1104, 1, '103.247.50.130', '1234567890', NULL, NULL),
(1105, 1, '103.247.50.130', '1234567890', NULL, NULL),
(1106, 1, '103.247.50.130', '1234567890', NULL, NULL),
(1107, 1, '103.247.50.130', '1234567890', NULL, NULL),
(1108, 1, '103.247.50.130', '1234567890', NULL, NULL),
(1109, 1, '103.247.50.130', '1234567890', NULL, NULL),
(1110, 1, '103.247.50.130', '1234567890', NULL, NULL),
(1111, 1, '103.247.50.130', '1234567890', NULL, NULL),
(1112, 1, '103.247.50.130', '1234567890', NULL, NULL),
(1113, 1, '103.247.50.130', '1234567890', NULL, NULL),
(1114, 1, '103.247.50.130', '1234567890', NULL, NULL),
(1115, 1, '103.247.50.130', '1234567890', NULL, NULL),
(1116, 1, '103.247.50.130', '1234567890', NULL, NULL),
(1117, 1, '103.247.50.130', '1234567890', NULL, NULL),
(1118, 1, '103.247.50.130', '1234567890', NULL, NULL),
(1119, 1, '103.247.50.130', '1234567890', NULL, NULL),
(1120, 1, '103.247.50.130', '1234567890', NULL, NULL),
(1121, 1, '103.247.50.130', '1234567890', NULL, NULL),
(1122, 1, '103.247.50.130', '1234567890', NULL, NULL),
(1123, 1, '103.247.50.130', '1234567890', NULL, NULL),
(1124, 1, '103.247.50.130', '1234567890', NULL, NULL),
(1125, 1, '103.247.50.130', '1234567890', NULL, NULL),
(1126, 1, '103.247.50.130', '1234567890', NULL, NULL),
(1127, 1, '103.247.50.130', '1234567890', NULL, NULL),
(1128, 1, '103.247.50.130', '1234567890', NULL, NULL),
(1129, 1, '103.247.50.130', '1234567890', NULL, NULL),
(1130, 1, '103.247.50.130', '1234567890', NULL, NULL),
(1131, 1, '103.247.50.130', '1234567890', NULL, NULL),
(1132, 1, '103.247.50.130', '1234567890', NULL, NULL),
(1133, 1, '103.247.50.130', '1234567890', NULL, NULL),
(1134, 1, '103.247.50.130', '1234567890', NULL, NULL),
(1135, 1, '103.247.50.130', '1234567890', NULL, NULL),
(1136, 1, '103.247.50.154', '1234567890', NULL, NULL),
(1137, 1, '103.247.50.154', '1234567890', NULL, NULL),
(1138, 1, '103.247.50.154', '1234567890', NULL, NULL),
(1139, 1, '103.247.50.154', '1234567890', NULL, NULL),
(1140, 1, '103.247.50.154', '1234567890', NULL, NULL),
(1141, 1, '103.247.50.154', '1234567890', NULL, NULL),
(1142, 1, '103.247.50.154', '1234567890', NULL, NULL),
(1143, 1, '103.247.50.154', '1234567890', NULL, NULL),
(1144, 1, '103.247.50.154', '1234567890', NULL, NULL),
(1145, 1, '103.247.50.154', '1234567890', NULL, NULL),
(1146, 1, '103.247.50.146', '1234567890', NULL, NULL),
(1147, 1, '103.247.50.146', '1234567890', NULL, NULL),
(1148, 1, '103.247.50.146', '1234567890', NULL, NULL),
(1149, 1, '103.247.50.146', '1234567890', NULL, NULL),
(1150, 1, '103.247.50.146', '1234567890', NULL, NULL),
(1151, 1, '103.247.50.146', '1234567890', NULL, NULL),
(1152, 1, '103.247.50.146', '1234567890', NULL, NULL),
(1153, 1, '103.247.50.146', '1234567890', NULL, NULL),
(1154, 1, '103.247.50.146', '1234567890', NULL, NULL),
(1155, 1, '103.247.50.146', '1234567890', NULL, NULL),
(1156, 1, '103.247.50.146', '1234567890', NULL, NULL),
(1157, 1, '103.247.50.146', '1234567890', NULL, NULL),
(1158, 1, '103.247.50.146', '1234567890', NULL, NULL),
(1159, 1, '103.247.50.146', '1234567890', NULL, NULL),
(1160, 1, '103.247.50.146', '1234567890', NULL, NULL),
(1161, 1, '103.247.50.146', '1234567890', NULL, NULL),
(1162, 1, '103.247.50.146', '1234567890', NULL, NULL),
(1163, 1, '103.247.50.146', '1234567890', NULL, NULL),
(1164, 1, '103.247.50.146', '1234567890', NULL, NULL),
(1165, 1, '103.247.50.146', '1234567890', NULL, NULL),
(1166, 1, '103.247.50.146', '1234567890', NULL, NULL),
(1167, 1, '103.247.50.146', '1234567890', NULL, NULL),
(1168, 1, '103.247.50.146', '1234567890', NULL, NULL),
(1169, 1, '103.247.50.146', '1234567890', NULL, NULL),
(1170, 1, '103.247.50.146', '1234567890', NULL, NULL),
(1171, 1, '103.247.50.146', '1234567890', NULL, NULL),
(1172, 1, '103.247.50.146', '1234567890', NULL, NULL),
(1173, 1, '103.247.50.146', '1234567890', NULL, NULL),
(1174, 1, '103.247.50.146', '1234567890', NULL, NULL),
(1175, 1, '103.247.50.146', '1234567890', NULL, NULL),
(1176, 1, '103.247.50.146', '1234567890', NULL, NULL),
(1177, 1, '103.247.50.146', '1234567890', NULL, NULL),
(1178, 1, '103.247.50.146', '1234567890', NULL, NULL),
(1179, 1, '103.247.50.146', '1234567890', NULL, NULL),
(1180, 1, '103.247.50.146', '1234567890', NULL, NULL),
(1181, 1, '103.247.50.146', '1234567890', NULL, NULL),
(1182, 1, '103.247.50.146', '1234567890', NULL, NULL),
(1183, 1, '103.247.50.146', '1234567890', NULL, NULL),
(1184, 1, '103.247.50.146', '1234567890', NULL, NULL),
(1185, 1, '103.247.50.146', '1234567890', NULL, NULL),
(1186, 1, '103.247.50.146', '1234567890', NULL, NULL),
(1187, 1, '103.247.50.146', '1234567890', NULL, NULL),
(1188, 1, '103.247.50.146', '1234567890', NULL, NULL),
(1189, 1, '103.247.50.146', '1234567890', NULL, NULL),
(1190, 1, '103.247.50.146', '1234567890', NULL, NULL),
(1191, 1, '103.247.50.146', '1234567890', NULL, NULL),
(1192, 1, '103.247.50.146', '1234567890', NULL, NULL),
(1193, 1, '103.247.50.146', '1234567890', NULL, NULL),
(1194, 1, '103.247.50.146', '1234567890', NULL, NULL),
(1195, 1, '103.247.50.146', '1234567890', NULL, NULL),
(1196, 1, '103.247.50.146', '1234567890', NULL, NULL),
(1197, 1, '103.247.50.146', '1234567890', NULL, NULL),
(1198, 1, '103.247.50.146', '1234567890', NULL, NULL),
(1199, 1, '103.247.50.146', '1234567890', NULL, NULL),
(1200, 1, '103.247.50.146', '1234567890', NULL, NULL),
(1201, 1, '103.247.50.146', '1234567890', NULL, NULL),
(1202, 1, '103.247.50.146', '1234567890', NULL, NULL),
(1203, 1, '103.247.50.146', '1234567890', NULL, NULL),
(1204, 1, '103.247.50.146', '1234567890', NULL, NULL),
(1205, 1, '103.247.50.146', '1234567890', NULL, NULL),
(1206, 1, '103.247.50.146', '1234567890', NULL, NULL),
(1207, 1, '103.247.50.146', '1234567890', NULL, NULL),
(1208, 1, '103.247.50.146', '1234567890', NULL, NULL),
(1209, 1, '103.247.50.146', '1234567890', NULL, NULL),
(1210, 1, '103.247.50.146', '1234567890', NULL, NULL),
(1211, 1, '103.247.50.146', '1234567890', NULL, NULL),
(1212, 1, '103.247.50.146', '1234567890', NULL, NULL),
(1213, 1, '103.247.50.146', '1234567890', NULL, NULL),
(1214, 1, '103.247.50.146', '1234567890', NULL, NULL),
(1215, 1, '103.247.50.146', '1234567890', NULL, NULL),
(1216, 1, '103.247.50.146', '1234567890', NULL, NULL),
(1217, 1, '103.247.50.146', '1234567890', NULL, NULL),
(1218, 1, '103.247.50.146', '1234567890', NULL, NULL),
(1219, 1, '103.247.50.146', '1234567890', NULL, NULL),
(1220, 1, '103.247.50.146', '1234567890', NULL, NULL),
(1221, 1, '103.247.50.146', '1234567890', NULL, NULL),
(1222, 1, '103.247.50.146', '1234567890', NULL, NULL),
(1223, 1, '103.247.50.146', '1234567890', NULL, NULL),
(1224, 1, '103.247.50.146', '1234567890', NULL, NULL),
(1225, 1, '103.247.50.146', '1234567890', NULL, NULL),
(1226, 1, '103.247.50.146', '1234567890', NULL, NULL),
(1227, 1, '103.247.50.146', '1234567890', NULL, NULL),
(1228, 1, '103.247.50.146', '1234567890', NULL, NULL),
(1229, 1, '103.247.50.146', '1234567890', NULL, NULL),
(1230, 1, '103.247.50.146', '1234567890', NULL, NULL),
(1231, 1, '103.247.50.146', '1234567890', NULL, NULL),
(1232, 1, '103.247.50.146', '1234567890', NULL, NULL),
(1233, 1, '103.247.50.146', '1234567890', NULL, NULL),
(1234, 1, '103.247.50.146', '1234567890', NULL, NULL),
(1235, 1, '103.247.50.146', '1234567890', NULL, NULL),
(1236, 1, '103.247.50.146', '1234567890', NULL, NULL),
(1237, 1, '103.247.50.146', '1234567890', NULL, NULL),
(1238, 1, '103.247.50.146', '1234567890', NULL, NULL),
(1239, 1, '103.247.50.146', '1234567890', NULL, NULL),
(1240, 1, '103.247.50.146', '1234567890', NULL, NULL),
(1241, 1, '103.247.50.146', '1234567890', NULL, NULL),
(1242, 1, '103.247.50.146', '1234567890', NULL, NULL),
(1243, 1, '103.247.50.146', '1234567890', NULL, NULL),
(1244, 1, '103.247.50.146', '1234567890', NULL, NULL),
(1245, 1, '103.247.50.146', '1234567890', NULL, NULL),
(1246, 1, '103.247.50.146', '1234567890', NULL, NULL),
(1247, 1, '103.247.50.146', '1234567890', NULL, NULL),
(1248, 1, '103.247.50.146', '1234567890', NULL, NULL),
(1249, 1, '103.247.50.146', '1234567890', NULL, NULL),
(1250, 1, '103.247.50.146', '1234567890', NULL, NULL),
(1251, 1, '103.247.50.146', '1234567890', NULL, NULL),
(1252, 1, '103.247.50.146', '1234567890', NULL, NULL),
(1253, 1, '103.247.50.146', '1234567890', NULL, NULL),
(1254, 1, '103.247.50.146', '1234567890', NULL, NULL),
(1255, 1, '103.247.50.146', '1234567890', NULL, NULL),
(1256, 1, '103.247.50.146', '1234567890', NULL, NULL),
(1257, 1, '103.247.50.146', '1234567890', NULL, NULL),
(1258, 1, '103.247.50.146', '1234567890', NULL, NULL),
(1259, 1, '103.247.50.146', '1234567890', NULL, NULL),
(1260, 1, '103.247.50.146', '1234567890', NULL, NULL),
(1261, 1, '103.247.50.146', '1234567890', NULL, NULL),
(1262, 1, '103.247.50.146', '1234567890', NULL, NULL),
(1263, 1, '103.247.50.146', '1234567890', NULL, NULL),
(1264, 1, '103.247.50.146', '1234567890', NULL, NULL),
(1265, 1, '103.247.50.146', '1234567890', NULL, NULL),
(1266, 1, '103.247.50.146', '1234567890', NULL, NULL),
(1267, 1, '103.247.50.146', '1234567890', NULL, NULL),
(1268, 1, '103.247.50.146', '1234567890', NULL, NULL),
(1269, 1, '103.247.50.146', '1234567890', NULL, NULL),
(1270, 1, '103.247.50.146', '1234567890', NULL, NULL),
(1271, 1, '103.247.50.146', '1234567890', NULL, NULL),
(1272, 1, '103.247.50.146', '1234567890', NULL, NULL),
(1273, 1, '103.247.50.146', '1234567890', NULL, NULL),
(1274, 1, '103.247.50.146', '1234567890', NULL, NULL),
(1275, 1, '103.247.50.146', '1234567890', NULL, NULL),
(1276, 1, '103.247.50.146', '1234567890', NULL, NULL),
(1277, 1, '103.247.50.146', '1234567890', NULL, NULL),
(1278, 1, '103.247.50.146', '1234567890', NULL, NULL),
(1279, 1, '103.247.50.147', '1234567890', NULL, NULL),
(1280, 1, '103.247.50.147', '1234567890', NULL, NULL),
(1281, 1, '103.247.50.147', '1234567890', NULL, NULL),
(1282, 1, '103.247.50.147', '1234567890', NULL, NULL),
(1283, 1, '103.247.50.147', '1234567890', NULL, NULL),
(1284, 1, '103.247.50.147', '1234567890', NULL, NULL),
(1285, 1, '103.247.50.147', '1234567890', NULL, NULL),
(1286, 1, '103.247.50.147', '1234567890', NULL, NULL),
(1287, 1, '103.247.50.147', '1234567890', NULL, NULL),
(1288, 1, '103.247.50.147', '1234567890', NULL, NULL),
(1289, 1, '103.247.50.147', '1234567890', NULL, NULL),
(1290, 1, '103.247.50.147', '1234567890', NULL, NULL),
(1291, 1, '103.247.50.147', '1234567890', NULL, NULL),
(1292, 1, '103.247.50.147', '1234567890', NULL, NULL),
(1293, 1, '103.247.50.147', '1234567890', NULL, NULL),
(1294, 1, '103.247.50.147', '1234567890', NULL, NULL),
(1295, 1, '103.247.50.147', '1234567890', NULL, NULL),
(1296, 1, '103.247.50.147', '1234567890', NULL, NULL),
(1297, 1, '103.247.50.147', '1234567890', NULL, NULL),
(1298, 1, '103.247.50.147', '1234567890', NULL, NULL),
(1299, 1, '103.247.50.147', '1234567890', NULL, NULL),
(1300, 1, '103.247.50.147', '1234567890', NULL, NULL),
(1301, 1, '103.247.50.147', '1234567890', NULL, NULL),
(1302, 1, '103.247.50.147', '1234567890', NULL, NULL),
(1303, 1, '103.247.50.147', '1234567890', NULL, NULL),
(1304, 1, '103.247.50.147', '1234567890', NULL, NULL),
(1305, 1, '103.247.50.147', '1234567890', NULL, NULL),
(1306, 1, '103.247.50.147', '1234567890', NULL, NULL),
(1307, 1, '103.247.50.147', '1234567890', NULL, NULL),
(1308, 1, '103.247.50.147', '1234567890', NULL, NULL),
(1309, 1, '103.247.50.147', '1234567890', NULL, NULL),
(1310, 1, '103.247.50.147', '1234567890', NULL, NULL),
(1311, 1, '103.247.50.147', '1234567890', NULL, NULL),
(1312, 1, '103.247.50.147', '1234567890', NULL, NULL),
(1313, 1, '103.247.50.147', '1234567890', NULL, NULL),
(1314, 1, '103.247.50.147', '1234567890', NULL, NULL),
(1315, 1, '103.247.50.147', '1234567890', NULL, NULL),
(1316, 1, '103.247.50.147', '1234567890', NULL, NULL),
(1317, 1, '103.247.50.147', '1234567890', NULL, NULL),
(1318, 1, '103.247.50.147', '1234567890', NULL, NULL),
(1319, 1, '103.247.50.147', '1234567890', NULL, NULL),
(1320, 1, '103.247.50.147', '1234567890', NULL, NULL),
(1321, 1, '103.247.50.147', '1234567890', NULL, NULL),
(1322, 1, '103.247.50.147', '1234567890', NULL, NULL),
(1323, 1, '103.247.50.147', '1234567890', NULL, NULL),
(1324, 1, '103.247.50.147', '1234567890', NULL, NULL),
(1325, 1, '103.247.50.147', '1234567890', NULL, NULL),
(1326, 1, '103.247.50.147', '1234567890', NULL, NULL),
(1327, 1, '103.247.50.147', '1234567890', NULL, NULL),
(1328, 1, '103.247.50.147', '1234567890', NULL, NULL),
(1329, 1, '103.247.50.147', '1234567890', NULL, NULL),
(1330, 1, '103.247.50.147', '1234567890', NULL, NULL),
(1331, 1, '103.247.50.147', '1234567890', NULL, NULL),
(1332, 1, '103.247.50.147', '1234567890', NULL, NULL),
(1333, 1, '103.247.50.147', '1234567890', NULL, NULL),
(1334, 1, '103.247.50.147', '1234567890', NULL, NULL),
(1335, 1, '103.247.50.147', '1234567890', NULL, NULL),
(1336, 1, '103.247.50.147', '1234567890', NULL, NULL),
(1337, 1, '103.247.50.147', '1234567890', NULL, NULL),
(1338, 1, '103.247.50.147', '1234567890', NULL, NULL),
(1339, 1, '103.247.50.147', '1234567890', NULL, NULL),
(1340, 1, '103.247.50.147', '1234567890', NULL, NULL),
(1341, 1, '103.247.50.147', '1234567890', NULL, NULL),
(1342, 1, '103.247.50.147', '1234567890', NULL, NULL),
(1343, 1, '103.247.50.147', '1234567890', NULL, NULL),
(1344, 1, '103.247.50.147', '1234567890', NULL, NULL),
(1345, 1, '103.247.50.147', '1234567890', NULL, NULL),
(1346, 1, '103.247.50.147', '1234567890', NULL, NULL),
(1347, 1, '103.247.50.147', '1234567890', NULL, NULL),
(1348, 1, '103.247.50.147', '1234567890', NULL, NULL),
(1349, 1, '103.247.50.147', '1234567890', NULL, NULL),
(1350, 1, '103.247.50.147', '1234567890', NULL, NULL),
(1351, 1, '103.247.50.147', '1234567890', NULL, NULL),
(1352, 1, '103.247.50.147', '1234567890', NULL, NULL),
(1353, 1, '103.247.50.147', '1234567890', NULL, NULL),
(1354, 1, '103.247.50.147', '1234567890', NULL, NULL),
(1355, 1, '103.247.50.147', '1234567890', NULL, NULL),
(1356, 1, '103.247.50.147', '1234567890', NULL, NULL),
(1357, 1, '103.247.50.147', '1234567890', NULL, NULL),
(1358, 1, '103.247.50.147', '1234567890', NULL, NULL),
(1359, 1, '103.247.50.147', '1234567890', NULL, NULL),
(1360, 1, '103.247.50.147', '1234567890', NULL, NULL),
(1361, 1, '103.247.50.147', '1234567890', NULL, NULL),
(1362, 1, '103.247.50.147', '1234567890', NULL, NULL),
(1363, 1, '103.247.50.147', '1234567890', NULL, NULL),
(1364, 1, '103.247.50.147', '1234567890', NULL, NULL),
(1365, 1, '103.247.50.147', '1234567890', NULL, NULL),
(1366, 1, '103.247.50.147', '1234567890', NULL, NULL),
(1367, 1, '103.247.50.147', '1234567890', NULL, NULL),
(1368, 1, '103.247.50.147', '1234567890', NULL, NULL),
(1369, 1, '103.247.50.147', '1234567890', NULL, NULL),
(1370, 1, '103.247.50.147', '1234567890', NULL, NULL),
(1371, 1, '103.247.50.147', '1234567890', NULL, NULL),
(1372, 1, '103.247.50.147', '1234567890', NULL, NULL),
(1373, 1, '103.247.50.147', '1234567890', NULL, NULL),
(1374, 1, '103.247.50.147', '1234567890', NULL, NULL),
(1375, 1, '103.247.50.147', '1234567890', NULL, NULL),
(1376, 1, '103.247.50.147', '1234567890', NULL, NULL),
(1377, 1, '103.247.50.147', '1234567890', NULL, NULL),
(1378, 1, '103.247.50.147', '1234567890', NULL, NULL),
(1379, 1, '103.247.50.147', '1234567890', NULL, NULL),
(1380, 1, '103.247.50.147', '1234567890', NULL, NULL),
(1381, 1, '103.247.50.147', '1234567890', NULL, NULL),
(1382, 1, '103.247.50.147', '1234567890', NULL, NULL),
(1383, 1, '103.247.50.147', '1234567890', NULL, NULL),
(1384, 1, '103.247.50.147', '1234567890', NULL, NULL),
(1385, 1, '103.247.50.147', '1234567890', NULL, NULL),
(1386, 1, '103.247.50.147', '1234567890', NULL, NULL),
(1387, 1, '103.247.50.147', '1234567890', NULL, NULL),
(1388, 1, '103.247.50.147', '1234567890', NULL, NULL),
(1389, 1, '103.247.50.147', '1234567890', NULL, NULL),
(1390, 1, '103.247.50.147', '1234567890', NULL, NULL),
(1391, 1, '103.247.50.147', '1234567890', NULL, NULL),
(1392, 1, '103.247.50.147', '1234567890', NULL, NULL),
(1393, 1, '103.247.50.147', '1234567890', NULL, NULL),
(1394, 1, '103.247.50.147', '1234567890', NULL, NULL),
(1395, 1, '103.247.50.147', '1234567890', NULL, NULL),
(1396, 1, '103.247.50.147', '1234567890', NULL, NULL),
(1397, 1, '103.247.50.147', '1234567890', NULL, NULL),
(1398, 1, '103.247.50.180', '1234567890', NULL, NULL),
(1399, 1, '103.247.50.180', '1234567890', NULL, NULL),
(1400, 1, '103.247.50.180', '1234567890', NULL, NULL),
(1401, 1, '103.247.50.180', '1234567890', NULL, NULL),
(1402, 1, '103.247.50.180', '1234567890', NULL, NULL),
(1403, 1, '103.247.50.180', '1234567890', NULL, NULL),
(1404, 1, '103.247.50.180', '1234567890', NULL, NULL),
(1405, 1, '103.247.50.180', '1234567890', NULL, NULL),
(1406, 1, '103.247.50.180', '1234567890', NULL, NULL),
(1407, 1, '103.247.50.180', '1234567890', NULL, NULL),
(1408, 1, '103.247.50.180', '1234567890', NULL, NULL),
(1409, 1, '103.247.50.180', '1234567890', NULL, NULL),
(1410, 1, '103.247.50.180', '1234567890', NULL, NULL),
(1411, 1, '103.247.50.180', '1234567890', NULL, NULL),
(1412, 1, '103.247.50.180', '1234567890', NULL, NULL),
(1413, 1, '103.247.50.180', '1234567890', NULL, NULL),
(1414, 1, '103.247.50.180', '1234567890', NULL, NULL),
(1415, 1, '103.247.50.180', '1234567890', NULL, NULL),
(1416, 1, '103.247.50.180', '1234567890', NULL, NULL),
(1417, 1, '103.247.50.180', '1234567890', NULL, NULL),
(1418, 1, '103.247.50.180', '1234567890', NULL, NULL),
(1419, 1, '103.247.50.180', '1234567890', NULL, NULL),
(1420, 1, '103.247.50.180', '1234567890', NULL, NULL),
(1421, 1, '103.247.50.180', '1234567890', NULL, NULL),
(1422, 1, '103.247.50.180', '1234567890', NULL, NULL),
(1423, 1, '103.247.50.180', '1234567890', NULL, NULL),
(1424, 1, '103.247.50.180', '1234567890', NULL, NULL),
(1425, 1, '103.247.50.180', '1234567890', NULL, NULL),
(1426, 1, '103.247.50.180', '1234567890', NULL, NULL),
(1427, 1, '103.247.50.180', '1234567890', NULL, NULL),
(1428, 1, '103.247.50.180', '1234567890', NULL, NULL),
(1429, 1, '103.247.50.180', '1234567890', NULL, NULL),
(1430, 1, '103.247.50.180', '1234567890', NULL, NULL),
(1431, 1, '103.247.50.180', '1234567890', NULL, NULL),
(1432, 1, '103.247.50.180', '1234567890', NULL, NULL),
(1433, 1, '103.247.50.180', '1234567890', NULL, NULL),
(1434, 1, '103.247.50.180', '1234567890', NULL, NULL),
(1435, 1, '103.247.50.180', '1234567890', NULL, NULL),
(1436, 1, '103.247.50.180', '1234567890', NULL, NULL),
(1437, 1, '103.247.50.180', '1234567890', NULL, NULL),
(1438, 1, '103.247.50.180', '1234567890', NULL, NULL),
(1439, 1, '103.247.50.180', '1234567890', NULL, NULL),
(1440, 1, '103.247.50.180', '1234567890', NULL, NULL),
(1441, 1, '103.247.50.180', '1234567890', NULL, NULL),
(1442, 1, '103.247.50.180', '1234567890', NULL, NULL),
(1443, 1, '103.247.50.180', '1234567890', NULL, NULL),
(1444, 1, '103.247.50.180', '1234567890', NULL, NULL),
(1445, 1, '103.247.50.180', '1234567890', NULL, NULL),
(1446, 1, '103.247.50.180', '1234567890', NULL, NULL),
(1447, 1, '103.247.50.180', '1234567890', NULL, NULL),
(1448, 1, '103.247.50.180', '1234567890', NULL, NULL),
(1449, 1, '103.247.50.180', '1234567890', NULL, NULL),
(1450, 1, '103.247.50.180', '1234567890', NULL, NULL),
(1451, 1, '103.247.50.180', '1234567890', NULL, NULL),
(1452, 1, '103.247.50.180', '1234567890', NULL, NULL),
(1453, 1, '103.247.50.180', '1234567890', NULL, NULL),
(1454, 1, '103.247.50.180', '1234567890', NULL, NULL),
(1455, 1, '103.247.50.180', '1234567890', NULL, NULL),
(1456, 1, '103.247.50.180', '1234567890', NULL, NULL),
(1457, 1, '103.247.50.180', '1234567890', NULL, NULL),
(1458, 1, '103.247.50.180', '1234567890', NULL, NULL),
(1459, 1, '103.247.50.180', '1234567890', NULL, NULL),
(1460, 1, '103.247.50.180', '1234567890', NULL, NULL),
(1461, 1, '103.247.50.180', '1234567890', NULL, NULL),
(1462, 1, '103.247.50.180', '1234567890', NULL, NULL),
(1463, 1, '103.247.50.180', '1234567890', NULL, NULL),
(1464, 1, '103.247.50.180', '1234567890', NULL, NULL),
(1465, 1, '103.247.50.180', '1234567890', NULL, NULL),
(1466, 1, '103.247.50.180', '1234567890', NULL, NULL),
(1467, 1, '103.247.50.180', '1234567890', NULL, NULL),
(1468, 1, '103.247.50.180', '1234567890', NULL, NULL),
(1469, 1, '103.247.50.180', '1234567890', NULL, NULL),
(1470, 1, '103.247.50.180', '1234567890', NULL, NULL),
(1471, 1, '103.247.50.180', '1234567890', NULL, NULL),
(1472, 1, '103.247.50.180', '1234567890', NULL, NULL),
(1473, 1, '103.247.50.180', '1234567890', NULL, NULL),
(1474, 1, '103.247.50.180', '1234567890', NULL, NULL),
(1475, 1, '103.247.50.180', '1234567890', NULL, NULL),
(1476, 1, '103.247.50.180', '1234567890', NULL, NULL),
(1477, 1, '103.247.50.180', '1234567890', NULL, NULL),
(1478, 1, '103.247.50.180', '1234567890', NULL, NULL),
(1479, 1, '103.247.50.180', '1234567890', NULL, NULL),
(1480, 1, '103.247.50.180', '1234567890', NULL, NULL),
(1481, 1, '103.247.50.180', '1234567890', NULL, NULL),
(1482, 1, '103.247.50.180', '1234567890', NULL, NULL),
(1483, 1, '103.247.50.180', '1234567890', NULL, NULL),
(1484, 1, '103.247.50.180', '1234567890', NULL, NULL),
(1485, 1, '103.247.50.180', '1234567890', NULL, NULL),
(1486, 1, '103.247.50.180', '1234567890', NULL, NULL),
(1487, 1, '103.247.50.180', '1234567890', NULL, NULL),
(1488, 1, '103.247.50.149', '1234567890', NULL, NULL),
(1489, 1, '103.247.50.149', '1234567890', NULL, NULL),
(1490, 1, '103.247.50.149', '1234567890', NULL, NULL),
(1491, 1, '103.247.50.149', '1234567890', NULL, NULL),
(1492, 1, '103.247.50.149', '1234567890', NULL, NULL),
(1493, 1, '103.247.50.149', '1234567890', NULL, NULL),
(1494, 1, '103.247.50.149', '1234567890', NULL, NULL),
(1495, 1, '103.247.50.149', '1234567890', NULL, NULL),
(1496, 1, '103.247.50.149', '1234567890', NULL, NULL),
(1497, 1, '103.247.50.149', '1234567890', NULL, NULL),
(1498, 1, '103.247.50.149', '1234567890', NULL, NULL),
(1499, 1, '103.247.50.149', '1234567890', NULL, NULL),
(1500, 1, '103.247.50.149', '1234567890', NULL, NULL),
(1501, 1, '103.247.50.149', '1234567890', NULL, NULL),
(1502, 1, '103.247.50.149', '1234567890', NULL, NULL),
(1503, 1, '103.247.50.149', '1234567890', NULL, NULL),
(1504, 1, '103.247.50.149', '1234567890', NULL, NULL),
(1505, 1, '103.247.50.149', '1234567890', NULL, NULL),
(1506, 1, '103.247.50.149', '1234567890', NULL, NULL),
(1507, 1, '103.247.50.149', '1234567890', NULL, NULL),
(1508, 1, '103.247.50.149', '1234567890', NULL, NULL),
(1509, 1, '103.247.50.149', '1234567890', NULL, NULL),
(1510, 1, '103.247.50.149', '1234567890', NULL, NULL),
(1511, 1, '103.247.50.149', '1234567890', NULL, NULL),
(1512, 1, '103.247.50.149', '1234567890', NULL, NULL),
(1513, 1, '103.247.50.149', '1234567890', NULL, NULL),
(1514, 1, '103.247.50.149', '1234567890', NULL, NULL),
(1515, 1, '103.247.50.149', '1234567890', NULL, NULL),
(1516, 1, '103.247.50.149', '1234567890', NULL, NULL),
(1517, 1, '103.247.50.149', '1234567890', NULL, NULL),
(1518, 1, '103.247.50.149', '1234567890', NULL, NULL),
(1519, 1, '103.247.50.149', '1234567890', NULL, NULL),
(1520, 1, '103.247.50.149', '1234567890', NULL, NULL),
(1521, 1, '103.247.50.149', '1234567890', NULL, NULL),
(1522, 1, '103.247.50.149', '1234567890', NULL, NULL),
(1523, 1, '103.247.50.149', '1234567890', NULL, NULL),
(1524, 1, '103.247.50.149', '1234567890', NULL, NULL),
(1525, 1, '103.247.50.149', '1234567890', NULL, NULL),
(1526, 1, '103.247.50.149', '1234567890', NULL, NULL),
(1527, 1, '103.247.50.149', '1234567890', NULL, NULL),
(1528, 1, '103.247.50.149', '1234567890', NULL, NULL),
(1529, 1, '103.247.50.149', '1234567890', NULL, NULL),
(1530, 1, '103.247.50.149', '1234567890', NULL, NULL),
(1531, 1, '103.247.50.149', '1234567890', NULL, NULL),
(1532, 1, '103.247.50.149', '1234567890', NULL, NULL),
(1533, 1, '103.247.50.149', '1234567890', NULL, NULL),
(1534, 1, '103.247.50.149', '1234567890', NULL, NULL),
(1535, 1, '103.247.50.149', '1234567890', NULL, NULL),
(1536, 1, '103.247.50.149', '1234567890', NULL, NULL),
(1537, 1, '103.247.50.149', '1234567890', NULL, NULL),
(1538, 1, '103.247.50.149', '1234567890', NULL, NULL),
(1539, 1, '103.247.50.149', '1234567890', NULL, NULL),
(1540, 1, '103.247.50.149', '1234567890', NULL, NULL),
(1541, 1, '103.247.50.149', '1234567890', NULL, NULL),
(1542, 1, '103.247.50.149', '1234567890', NULL, NULL),
(1543, 1, '103.247.50.149', '1234567890', NULL, NULL),
(1544, 1, '103.247.50.149', '1234567890', NULL, NULL),
(1545, 1, '103.247.50.149', '1234567890', NULL, NULL),
(1546, 1, '103.247.50.149', '1234567890', NULL, NULL),
(1547, 1, '103.247.50.149', '1234567890', NULL, NULL),
(1548, 1, '103.247.50.149', '1234567890', NULL, NULL),
(1549, 1, '103.247.50.149', '1234567890', NULL, NULL),
(1550, 1, '103.247.50.149', '1234567890', NULL, NULL),
(1551, 1, '103.247.50.149', '1234567890', NULL, NULL),
(1552, 1, '103.247.50.149', '1234567890', NULL, NULL),
(1553, 1, '103.247.50.149', '1234567890', NULL, NULL),
(1554, 1, '103.247.50.149', '1234567890', NULL, NULL),
(1555, 1, '103.247.50.149', '1234567890', NULL, NULL),
(1556, 1, '103.247.50.149', '1234567890', NULL, NULL),
(1557, 1, '103.247.50.149', '1234567890', NULL, NULL),
(1558, 1, '103.247.50.149', '1234567890', NULL, NULL),
(1559, 1, '103.247.50.149', '1234567890', NULL, NULL),
(1560, 1, '103.247.50.149', '1234567890', NULL, NULL),
(1561, 1, '103.247.50.149', '1234567890', NULL, NULL),
(1562, 1, '103.247.50.149', '1234567890', NULL, NULL),
(1563, 1, '103.247.50.149', '1234567890', NULL, NULL),
(1564, 1, '103.247.50.149', '1234567890', NULL, NULL),
(1565, 1, '103.247.50.149', '1234567890', NULL, NULL),
(1566, 1, '103.247.50.149', '1234567890', NULL, NULL),
(1567, 1, '103.247.50.149', '1234567890', NULL, NULL),
(1568, 1, '103.247.50.149', '1234567890', NULL, NULL),
(1569, 1, '103.247.50.149', '1234567890', NULL, NULL),
(1570, 1, '103.247.50.149', '1234567890', NULL, NULL),
(1571, 1, '103.247.50.149', '1234567890', NULL, NULL),
(1572, 1, '103.247.50.149', '1234567890', NULL, NULL),
(1573, 1, '103.247.50.149', '1234567890', NULL, NULL),
(1574, 1, '103.247.50.149', '1234567890', NULL, NULL),
(1575, 1, '103.247.50.149', '1234567890', NULL, NULL),
(1576, 1, '103.247.50.149', '1234567890', NULL, NULL),
(1577, 1, '103.247.50.149', '1234567890', NULL, NULL),
(1578, 1, '103.247.50.149', '1234567890', NULL, NULL),
(1579, 1, '103.247.50.149', '1234567890', NULL, NULL),
(1580, 1, '103.247.50.149', '1234567890', NULL, NULL),
(1581, 1, '103.247.50.149', '1234567890', NULL, NULL),
(1582, 1, '103.247.50.149', '1234567890', NULL, NULL),
(1583, 1, '103.247.50.149', '1234567890', NULL, NULL),
(1584, 1, '103.247.50.149', '1234567890', NULL, NULL),
(1585, 1, '103.247.50.149', '1234567890', NULL, NULL),
(1586, 1, '103.247.50.149', '1234567890', NULL, NULL),
(1587, 1, '103.247.50.149', '1234567890', NULL, NULL),
(1588, 1, '103.247.50.149', '1234567890', NULL, NULL),
(1589, 1, '103.247.50.149', '1234567890', NULL, NULL),
(1590, 1, '103.247.50.149', '1234567890', NULL, NULL),
(1591, 1, '103.247.50.149', '1234567890', NULL, NULL),
(1592, 1, '103.247.50.149', '1234567890', NULL, NULL),
(1593, 1, '103.247.50.149', '1234567890', NULL, NULL),
(1594, 1, '103.247.50.149', '1234567890', NULL, NULL),
(1595, 1, '103.247.50.149', '1234567890', NULL, NULL),
(1596, 1, '103.247.50.149', '1234567890', NULL, NULL),
(1597, 1, '103.247.50.149', '1234567890', NULL, NULL),
(1598, 1, '103.247.50.149', '1234567890', NULL, NULL),
(1599, 1, '103.247.50.149', '1234567890', NULL, NULL),
(1600, 1, '103.247.50.149', '1234567890', NULL, NULL),
(1601, 1, '103.247.50.149', '1234567890', NULL, NULL),
(1602, 1, '103.247.50.149', '1234567890', NULL, NULL),
(1603, 1, '103.247.50.149', '1234567890', NULL, NULL),
(1604, 1, '103.247.50.149', '1234567890', NULL, NULL),
(1605, 1, '103.247.50.149', '1234567890', NULL, NULL),
(1606, 1, '103.247.50.149', '1234567890', NULL, NULL),
(1607, 1, '103.247.50.149', '1234567890', NULL, NULL),
(1608, 1, '103.247.50.149', '1234567890', NULL, NULL),
(1609, 1, '103.247.50.149', '1234567890', NULL, NULL),
(1610, 1, '103.247.50.149', '1234567890', NULL, NULL),
(1611, 1, '103.247.50.149', '1234567890', NULL, NULL),
(1612, 1, '103.247.50.149', '1234567890', NULL, NULL),
(1613, 1, '103.247.50.149', '1234567890', NULL, NULL),
(1614, 1, '103.247.50.149', '1234567890', NULL, NULL),
(1615, 1, '103.247.50.149', '1234567890', NULL, NULL),
(1616, 1, '103.247.50.149', '1234567890', NULL, NULL),
(1617, 1, '103.247.50.149', '1234567890', NULL, NULL),
(1618, 1, '103.247.50.149', '1234567890', NULL, NULL),
(1619, 1, '103.247.50.149', '1234567890', NULL, NULL),
(1620, 1, '103.247.50.149', '1234567890', NULL, NULL),
(1621, 1, '103.247.50.149', '1234567890', NULL, NULL),
(1622, 1, '103.247.50.149', '1234567890', NULL, NULL),
(1623, 1, '103.247.50.149', '1234567890', NULL, NULL),
(1624, 1, '103.247.50.149', '1234567890', NULL, NULL),
(1625, 1, '103.247.50.149', '1234567890', NULL, NULL),
(1626, 1, '103.247.50.149', '1234567890', NULL, NULL),
(1627, 1, '103.247.50.149', '1234567890', NULL, NULL),
(1628, 1, '103.247.50.149', '1234567890', NULL, NULL),
(1629, 1, '103.247.50.149', '1234567890', NULL, NULL),
(1630, 1, '103.247.50.149', '1234567890', NULL, NULL),
(1631, 1, '103.247.50.149', '1234567890', NULL, NULL),
(1632, 1, '103.247.50.149', '1234567890', NULL, NULL),
(1633, 1, '103.247.50.149', '1234567890', NULL, NULL),
(1634, 1, '103.247.50.149', '1234567890', NULL, NULL),
(1635, 1, '103.247.50.149', '1234567890', NULL, NULL),
(1636, 1, '103.247.50.149', '1234567890', NULL, NULL),
(1637, 1, '103.247.50.149', '1234567890', NULL, NULL),
(1638, 1, '103.247.50.149', '1234567890', NULL, NULL),
(1639, 1, '103.247.50.149', '1234567890', NULL, NULL),
(1640, 1, '103.247.50.149', '1234567890', NULL, NULL),
(1641, 1, '103.247.50.149', '1234567890', NULL, NULL),
(1642, 1, '103.247.50.149', '1234567890', NULL, NULL),
(1643, 1, '103.247.50.149', '1234567890', NULL, NULL),
(1644, 1, '103.247.50.149', '1234567890', NULL, NULL),
(1645, 1, '103.247.50.149', '1234567890', NULL, NULL),
(1646, 1, '103.247.50.149', '1234567890', NULL, NULL),
(1647, 1, '103.247.50.149', '1234567890', NULL, NULL),
(1648, 1, '103.247.50.149', '1234567890', NULL, NULL),
(1649, 1, '103.247.50.149', '1234567890', NULL, NULL),
(1650, 1, '103.247.50.149', '1234567890', NULL, NULL),
(1651, 1, '103.247.50.149', '1234567890', NULL, NULL),
(1652, 1, '103.247.50.149', '1234567890', NULL, NULL),
(1653, 1, '103.247.50.149', '1234567890', NULL, NULL),
(1654, 1, '103.247.50.149', '1234567890', NULL, NULL),
(1655, 1, '103.247.50.149', '1234567890', NULL, NULL),
(1656, 1, '103.247.50.149', '1234567890', NULL, NULL),
(1657, 1, '103.247.50.149', '1234567890', NULL, NULL),
(1658, 1, '103.247.50.149', '1234567890', NULL, NULL),
(1659, 1, '103.247.50.149', '1234567890', NULL, NULL),
(1660, 1, '103.247.50.149', '1234567890', NULL, NULL),
(1661, 1, '103.247.50.149', '1234567890', NULL, NULL),
(1662, 1, '103.247.50.149', '1234567890', NULL, NULL),
(1663, 1, '103.247.50.149', '1234567890', NULL, NULL),
(1664, 1, '103.247.50.149', '1234567890', NULL, NULL),
(1665, 1, '103.247.50.149', '1234567890', NULL, NULL),
(1666, 1, '103.247.50.149', '1234567890', NULL, NULL),
(1667, 1, '103.247.50.149', '1234567890', NULL, NULL),
(1668, 1, '103.247.50.149', '1234567890', NULL, NULL),
(1669, 1, '103.247.50.149', '1234567890', NULL, NULL),
(1670, 1, '103.247.50.149', '1234567890', NULL, NULL),
(1671, 1, '103.247.50.149', '1234567890', NULL, NULL),
(1672, 1, '103.247.50.149', '1234567890', NULL, NULL),
(1673, 1, '103.247.50.149', '1234567890', NULL, NULL),
(1674, 1, '103.247.50.149', '1234567890', NULL, NULL),
(1675, 1, '103.247.50.149', '1234567890', NULL, NULL),
(1676, 1, '103.247.50.149', '1234567890', NULL, NULL),
(1677, 1, '103.247.50.149', '1234567890', NULL, NULL),
(1678, 1, '103.247.50.149', '1234567890', NULL, NULL),
(1679, 1, '103.247.50.149', '1234567890', NULL, NULL),
(1680, 1, '103.247.50.149', '1234567890', NULL, NULL),
(1681, 1, '103.247.50.149', '1234567890', NULL, NULL),
(1682, 1, '103.247.50.149', '1234567890', NULL, NULL),
(1683, 1, '103.247.50.149', '1234567890', NULL, NULL),
(1684, 1, '103.247.50.149', '1234567890', NULL, NULL),
(1685, 1, '103.247.50.149', '1234567890', NULL, NULL),
(1686, 1, '103.247.50.149', '1234567890', NULL, NULL),
(1687, 1, '103.247.50.149', '1234567890', NULL, NULL),
(1688, 1, '103.247.50.149', '1234567890', NULL, NULL),
(1689, 1, '103.247.50.149', '1234567890', NULL, NULL),
(1690, 1, '103.247.50.149', '1234567890', NULL, NULL),
(1691, 1, '103.247.50.149', '1234567890', NULL, NULL),
(1692, 1, '103.247.50.149', '1234567890', NULL, NULL),
(1693, 1, '103.247.50.149', '1234567890', NULL, NULL),
(1694, 1, '103.247.50.149', '1234567890', NULL, NULL),
(1695, 1, '103.247.50.149', '1234567890', NULL, NULL),
(1696, 1, '103.247.50.149', '1234567890', NULL, NULL),
(1697, 1, '103.247.50.149', '1234567890', NULL, NULL),
(1698, 1, '103.247.50.149', '1234567890', NULL, NULL),
(1699, 1, '103.247.50.149', '1234567890', NULL, NULL),
(1700, 1, '103.247.50.149', '1234567890', NULL, NULL),
(1701, 1, '103.247.50.149', '1234567890', NULL, NULL),
(1702, 1, '103.247.50.149', '1234567890', NULL, NULL),
(1703, 1, '103.247.50.149', '1234567890', NULL, NULL),
(1704, 1, '103.247.50.149', '1234567890', NULL, NULL),
(1705, 1, '103.247.50.149', '1234567890', NULL, NULL),
(1706, 1, '103.247.50.149', '1234567890', NULL, NULL),
(1707, 1, '103.247.50.149', '1234567890', NULL, NULL),
(1708, 1, '103.247.50.149', '1234567890', NULL, NULL),
(1709, 1, '103.247.50.149', '1234567890', NULL, NULL),
(1710, 1, '103.247.50.149', '1234567890', NULL, NULL),
(1711, 1, '103.247.50.149', '1234567890', NULL, NULL),
(1712, 1, '103.247.50.149', '1234567890', NULL, NULL),
(1713, 1, '103.247.50.149', '1234567890', NULL, NULL),
(1714, 1, '103.247.50.149', '1234567890', NULL, NULL),
(1715, 1, '103.247.50.149', '1234567890', NULL, NULL),
(1716, 1, '103.247.50.149', '1234567890', NULL, NULL),
(1717, 1, '103.247.50.149', '1234567890', NULL, NULL),
(1718, 1, '103.247.50.149', '1234567890', NULL, NULL),
(1719, 1, '103.247.50.149', '1234567890', NULL, NULL),
(1720, 1, '103.247.50.149', '1234567890', NULL, NULL),
(1721, 1, '103.247.50.149', '1234567890', NULL, NULL),
(1722, 1, '103.247.50.149', '1234567890', NULL, NULL),
(1723, 1, '103.247.50.149', '1234567890', NULL, NULL),
(1724, 1, '103.247.50.149', '1234567890', NULL, NULL),
(1725, 1, '103.247.50.149', '1234567890', NULL, NULL),
(1726, 1, '103.247.50.149', '1234567890', NULL, NULL),
(1727, 1, '103.247.50.149', '1234567890', NULL, NULL),
(1728, 1, '103.247.50.149', '1234567890', NULL, NULL),
(1729, 1, '103.247.50.149', '1234567890', NULL, NULL),
(1730, 1, '103.247.50.149', '1234567890', NULL, NULL),
(1731, 1, '103.247.50.149', '1234567890', NULL, NULL),
(1732, 1, '103.247.50.149', '1234567890', NULL, NULL),
(1733, 1, '103.247.50.149', '1234567890', NULL, NULL),
(1734, 1, '103.247.50.149', '1234567890', NULL, NULL),
(1735, 1, '103.247.50.149', '1234567890', NULL, NULL),
(1736, 1, '103.247.50.149', '1234567890', NULL, NULL),
(1737, 1, '103.247.50.149', '1234567890', NULL, NULL),
(1738, 1, '103.247.50.149', '1234567890', NULL, NULL),
(1739, 1, '103.247.50.149', '1234567890', NULL, NULL),
(1740, 1, '103.247.50.149', '1234567890', NULL, NULL),
(1741, 1, '103.247.50.149', '1234567890', NULL, NULL),
(1742, 1, '103.247.50.149', '1234567890', NULL, NULL),
(1743, 1, '103.247.50.149', '1234567890', NULL, NULL),
(1744, 1, '103.247.50.149', '1234567890', NULL, NULL),
(1745, 1, '103.247.50.149', '1234567890', NULL, NULL),
(1746, 1, '103.247.50.149', '1234567890', NULL, NULL),
(1747, 1, '103.247.50.149', '1234567890', NULL, NULL),
(1748, 1, '103.247.50.149', '1234567890', NULL, NULL),
(1749, 1, '103.247.50.149', '1234567890', NULL, NULL),
(1750, 1, '103.247.50.149', '1234567890', NULL, NULL),
(1751, 1, '103.247.50.149', '1234567890', NULL, NULL),
(1752, 1, '103.247.50.149', '1234567890', NULL, NULL),
(1753, 1, '103.247.50.149', '1234567890', NULL, NULL),
(1754, 1, '103.247.50.149', '1234567890', NULL, NULL),
(1755, 1, '103.247.50.149', '1234567890', NULL, NULL),
(1756, 1, '103.247.50.149', '1234567890', NULL, NULL),
(1757, 1, '103.247.50.149', '1234567890', NULL, NULL),
(1758, 1, '103.247.50.149', '1234567890', NULL, NULL),
(1759, 1, '103.247.50.149', '1234567890', NULL, NULL),
(1760, 1, '103.247.50.149', '1234567890', NULL, NULL),
(1761, 1, '103.247.50.149', '1234567890', NULL, NULL),
(1762, 1, '103.247.50.149', '1234567890', NULL, NULL),
(1763, 1, '103.247.50.149', '1234567890', NULL, NULL),
(1764, 1, '103.247.50.149', '1234567890', NULL, NULL),
(1765, 1, '103.247.50.149', '1234567890', NULL, NULL),
(1766, 1, '103.247.50.149', '1234567890', NULL, NULL),
(1767, 1, '103.247.50.149', '1234567890', NULL, NULL),
(1768, 1, '103.247.50.149', '1234567890', NULL, NULL),
(1769, 1, '103.247.50.149', '1234567890', NULL, NULL),
(1770, 1, '103.247.50.149', '1234567890', NULL, NULL),
(1771, 1, '103.247.50.149', '1234567890', NULL, NULL),
(1772, 1, '103.247.50.149', '1234567890', NULL, NULL),
(1773, 1, '103.247.50.149', '1234567890', NULL, NULL),
(1774, 1, '103.247.50.149', '1234567890', NULL, NULL),
(1775, 1, '103.247.50.149', '1234567890', NULL, NULL),
(1776, 1, '103.247.50.149', '1234567890', NULL, NULL),
(1777, 1, '103.247.50.149', '1234567890', NULL, NULL),
(1778, 1, '103.247.50.149', '1234567890', NULL, NULL),
(1779, 1, '103.247.50.149', '1234567890', NULL, NULL),
(1780, 1, '103.247.50.149', '1234567890', NULL, NULL),
(1781, 1, '103.247.50.149', '1234567890', NULL, NULL),
(1782, 1, '103.247.50.149', '1234567890', NULL, NULL),
(1783, 1, '103.247.50.149', '1234567890', NULL, NULL),
(1784, 1, '103.247.50.149', '1234567890', NULL, NULL),
(1785, 1, '103.247.50.149', '1234567890', NULL, NULL),
(1786, 1, '103.247.50.149', '1234567890', NULL, NULL),
(1787, 1, '103.247.50.149', '1234567890', NULL, NULL),
(1788, 1, '103.247.50.149', '1234567890', NULL, NULL),
(1789, 1, '103.247.50.149', '1234567890', NULL, NULL),
(1790, 1, '103.247.50.149', '1234567890', NULL, NULL),
(1791, 1, '103.247.50.149', '1234567890', NULL, NULL),
(1792, 1, '103.247.50.149', '1234567890', NULL, NULL),
(1793, 1, '103.247.50.149', '1234567890', NULL, NULL),
(1794, 1, '103.247.50.149', '1234567890', NULL, NULL),
(1795, 1, '103.247.50.149', '1234567890', NULL, NULL),
(1796, 1, '103.247.50.149', '1234567890', NULL, NULL),
(1797, 1, '103.247.50.149', '1234567890', NULL, NULL),
(1798, 1, '103.247.50.149', '1234567890', NULL, NULL),
(1799, 1, '103.247.50.149', '1234567890', NULL, NULL),
(1800, 1, '103.247.50.149', '1234567890', NULL, NULL),
(1801, 1, '103.247.50.149', '1234567890', NULL, NULL),
(1802, 1, '103.247.50.149', '1234567890', NULL, NULL),
(1803, 1, '103.247.50.149', '1234567890', NULL, NULL),
(1804, 1, '103.247.50.149', '1234567890', NULL, NULL),
(1805, 1, '103.247.50.149', '1234567890', NULL, NULL),
(1806, 1, '103.247.50.149', '1234567890', NULL, NULL),
(1807, 1, '103.247.50.149', '1234567890', NULL, NULL),
(1808, 1, '103.247.50.149', '1234567890', NULL, NULL),
(1809, 1, '103.247.50.149', '1234567890', NULL, NULL),
(1810, 1, '103.247.50.149', '1234567890', NULL, NULL),
(1811, 1, '103.247.50.149', '1234567890', NULL, NULL),
(1812, 1, '103.247.50.149', '1234567890', NULL, NULL),
(1813, 1, '103.247.50.149', '1234567890', NULL, NULL),
(1814, 1, '103.247.50.149', '1234567890', NULL, NULL),
(1815, 1, '103.247.50.149', '1234567890', NULL, NULL),
(1816, 1, '103.247.50.149', '1234567890', NULL, NULL),
(1817, 1, '103.247.50.149', '1234567890', NULL, NULL),
(1818, 1, '103.247.50.149', '1234567890', NULL, NULL),
(1819, 1, '103.247.50.149', '1234567890', NULL, NULL),
(1820, 1, '103.247.50.149', '1234567890', NULL, NULL),
(1821, 1, '103.247.50.149', '1234567890', NULL, NULL),
(1822, 1, '103.247.50.149', '1234567890', NULL, NULL),
(1823, 1, '103.247.50.149', '1234567890', NULL, NULL),
(1824, 1, '103.247.50.149', '1234567890', NULL, NULL),
(1825, 1, '103.247.50.149', '1234567890', NULL, NULL),
(1826, 1, '103.247.50.149', '1234567890', NULL, NULL),
(1827, 1, '103.247.50.149', '1234567890', NULL, NULL),
(1828, 1, '103.247.50.149', '1234567890', NULL, NULL),
(1829, 1, '103.247.50.149', '1234567890', NULL, NULL),
(1830, 1, '103.247.50.149', '1234567890', NULL, NULL),
(1831, 1, '103.247.50.149', '1234567890', NULL, NULL),
(1832, 1, '103.247.50.149', '1234567890', NULL, NULL),
(1833, 1, '103.247.50.149', '1234567890', NULL, NULL),
(1834, 1, '103.247.50.149', '1234567890', NULL, NULL),
(1835, 1, '103.247.50.149', '1234567890', NULL, NULL),
(1836, 1, '103.247.50.149', '1234567890', NULL, NULL),
(1837, 1, '103.247.50.149', '1234567890', NULL, NULL),
(1838, 1, '103.247.50.149', '1234567890', NULL, NULL),
(1839, 1, '103.247.50.149', '1234567890', NULL, NULL),
(1840, 1, '103.247.50.149', '1234567890', NULL, NULL),
(1841, 1, '103.247.50.149', '1234567890', NULL, NULL),
(1842, 1, '103.247.50.149', '1234567890', NULL, NULL),
(1843, 1, '103.247.50.149', '1234567890', NULL, NULL),
(1844, 1, '103.247.50.149', '1234567890', NULL, NULL),
(1845, 1, '103.247.50.149', '1234567890', NULL, NULL),
(1846, 1, '103.247.50.149', '1234567890', NULL, NULL),
(1847, 1, '103.247.50.149', '1234567890', NULL, NULL),
(1848, 1, '103.247.50.149', '1234567890', NULL, NULL),
(1849, 1, '103.247.50.149', '1234567890', NULL, NULL),
(1850, 1, '103.247.50.149', '1234567890', NULL, NULL),
(1851, 1, '103.247.50.149', '1234567890', NULL, NULL),
(1852, 1, '103.247.50.149', '1234567890', NULL, NULL),
(1853, 1, '103.247.50.149', '1234567890', NULL, NULL),
(1854, 1, '103.247.50.149', '1234567890', NULL, NULL),
(1855, 1, '103.247.50.149', '1234567890', NULL, NULL),
(1856, 1, '103.247.50.149', '1234567890', NULL, NULL),
(1857, 1, '103.247.50.149', '1234567890', NULL, NULL),
(1858, 1, '103.247.50.149', '1234567890', NULL, NULL),
(1859, 1, '103.247.50.149', '1234567890', NULL, NULL),
(1860, 1, '103.247.50.149', '1234567890', NULL, NULL),
(1861, 1, '103.247.50.149', '1234567890', NULL, NULL),
(1862, 1, '103.247.50.149', '1234567890', NULL, NULL),
(1863, 1, '103.247.50.149', '1234567890', NULL, NULL),
(1864, 1, '103.247.50.149', '1234567890', NULL, NULL),
(1865, 1, '103.247.50.149', '1234567890', NULL, NULL),
(1866, 1, '103.247.50.149', '1234567890', NULL, NULL),
(1867, 1, '103.247.50.149', '1234567890', NULL, NULL),
(1868, 1, '103.247.50.149', '1234567890', NULL, NULL),
(1869, 1, '103.247.50.149', '1234567890', NULL, NULL),
(1870, 1, '103.247.50.149', '1234567890', NULL, NULL),
(1871, 1, '103.247.50.149', '1234567890', NULL, NULL),
(1872, 1, '103.247.50.149', '1234567890', NULL, NULL),
(1873, 1, '103.247.50.149', '1234567890', NULL, NULL),
(1874, 1, '103.247.50.149', '1234567890', NULL, NULL),
(1875, 1, '103.247.50.149', '1234567890', NULL, NULL),
(1876, 1, '103.247.50.149', '1234567890', NULL, NULL),
(1877, 1, '103.247.50.149', '1234567890', NULL, NULL),
(1878, 1, '103.247.50.149', '1234567890', NULL, NULL),
(1879, 1, '103.247.50.149', '1234567890', NULL, NULL),
(1880, 1, '103.247.50.149', '1234567890', NULL, NULL),
(1881, 1, '103.247.50.149', '1234567890', NULL, NULL),
(1882, 1, '103.247.50.149', '1234567890', NULL, NULL),
(1883, 1, '103.247.50.149', '1234567890', NULL, NULL),
(1884, 1, '103.247.50.149', '1234567890', NULL, NULL),
(1885, 1, '103.247.50.149', '1234567890', NULL, NULL),
(1886, 1, '103.247.50.149', '1234567890', NULL, NULL),
(1887, 1, '103.247.50.149', '1234567890', NULL, NULL),
(1888, 1, '103.247.50.149', '1234567890', NULL, NULL),
(1889, 1, '103.247.50.149', '1234567890', NULL, NULL),
(1890, 1, '103.247.50.149', '1234567890', NULL, NULL),
(1891, 1, '103.247.50.149', '1234567890', NULL, NULL),
(1892, 1, '103.247.50.149', '1234567890', NULL, NULL),
(1893, 1, '103.247.50.149', '1234567890', NULL, NULL),
(1894, 1, '103.247.50.149', '1234567890', NULL, NULL),
(1895, 1, '103.247.50.149', '1234567890', NULL, NULL),
(1896, 1, '103.247.50.149', '1234567890', NULL, NULL),
(1897, 1, '103.247.50.149', '1234567890', NULL, NULL),
(1898, 1, '103.247.50.149', '1234567890', NULL, NULL),
(1899, 1, '103.247.50.149', '1234567890', NULL, NULL),
(1900, 1, '103.247.50.149', '1234567890', NULL, NULL),
(1901, 1, '103.247.50.149', '1234567890', NULL, NULL),
(1902, 1, '103.247.50.149', '1234567890', NULL, NULL),
(1903, 1, '103.247.50.149', '1234567890', NULL, NULL),
(1904, 1, '103.247.50.149', '1234567890', NULL, NULL),
(1905, 1, '103.247.50.149', '1234567890', NULL, NULL);
INSERT INTO `heartbeat` (`id`, `systems`, `ip`, `description`, `regtime`, `status`) VALUES
(1906, 1, '103.247.50.149', '1234567890', NULL, NULL),
(1907, 1, '103.247.50.149', '1234567890', NULL, NULL),
(1908, 1, '103.247.50.149', '1234567890', NULL, NULL),
(1909, 1, '103.247.50.149', '1234567890', NULL, NULL),
(1910, 1, '103.247.50.149', '1234567890', NULL, NULL),
(1911, 1, '103.247.50.149', '1234567890', NULL, NULL),
(1912, 1, '103.247.50.149', '1234567890', NULL, NULL),
(1913, 1, '103.247.50.149', '1234567890', NULL, NULL),
(1914, 1, '103.247.50.149', '1234567890', NULL, NULL),
(1915, 1, '103.247.50.149', '1234567890', NULL, NULL),
(1916, 1, '103.247.50.149', '1234567890', NULL, NULL),
(1917, 1, '103.247.50.149', '1234567890', NULL, NULL),
(1918, 1, '103.247.50.149', '1234567890', NULL, NULL),
(1919, 1, '103.247.50.149', '1234567890', NULL, NULL),
(1920, 1, '103.247.50.149', '1234567890', NULL, NULL),
(1921, 1, '103.247.50.149', '1234567890', NULL, NULL),
(1922, 1, '103.247.50.149', '1234567890', NULL, NULL),
(1923, 1, '103.247.50.149', '1234567890', NULL, NULL),
(1924, 1, '103.247.50.149', '1234567890', NULL, NULL),
(1925, 1, '103.247.50.149', '1234567890', NULL, NULL),
(1926, 1, '103.247.50.149', '1234567890', NULL, NULL),
(1927, 1, '103.247.50.149', '1234567890', NULL, NULL),
(1928, 1, '103.247.50.149', '1234567890', NULL, NULL),
(1929, 1, '103.247.50.149', '1234567890', NULL, NULL),
(1930, 1, '103.247.50.149', '1234567890', NULL, NULL),
(1931, 1, '103.247.50.149', '1234567890', NULL, NULL),
(1932, 1, '103.247.50.149', '1234567890', NULL, NULL),
(1933, 1, '103.247.50.149', '1234567890', NULL, NULL),
(1934, 1, '103.247.50.149', '1234567890', NULL, NULL),
(1935, 1, '103.247.50.149', '1234567890', NULL, NULL),
(1936, 1, '103.247.50.149', '1234567890', NULL, NULL),
(1937, 1, '103.247.50.149', '1234567890', NULL, NULL),
(1938, 1, '103.247.50.149', '1234567890', NULL, NULL),
(1939, 1, '103.247.50.149', '1234567890', NULL, NULL),
(1940, 1, '103.247.50.149', '1234567890', NULL, NULL),
(1941, 1, '103.247.50.149', '1234567890', NULL, NULL),
(1942, 1, '103.247.50.149', '1234567890', NULL, NULL),
(1943, 1, '103.247.50.149', '1234567890', NULL, NULL),
(1944, 1, '103.247.50.149', '1234567890', NULL, NULL),
(1945, 1, '103.247.50.149', '1234567890', NULL, NULL),
(1946, 1, '103.247.50.149', '1234567890', NULL, NULL),
(1947, 1, '103.247.50.149', '1234567890', NULL, NULL),
(1948, 1, '103.247.50.149', '1234567890', NULL, NULL),
(1949, 1, '103.247.50.149', '1234567890', NULL, NULL),
(1950, 1, '103.247.50.149', '1234567890', NULL, NULL),
(1951, 1, '103.247.50.149', '1234567890', NULL, NULL),
(1952, 1, '103.247.50.149', '1234567890', NULL, NULL),
(1953, 1, '103.247.50.149', '1234567890', NULL, NULL),
(1954, 1, '103.247.50.149', '1234567890', NULL, NULL),
(1955, 1, '103.247.50.149', '1234567890', NULL, NULL),
(1956, 1, '103.247.50.149', '1234567890', NULL, NULL),
(1957, 1, '103.247.50.149', '1234567890', NULL, NULL),
(1958, 1, '103.247.50.149', '1234567890', NULL, NULL),
(1959, 1, '103.247.50.149', '1234567890', NULL, NULL),
(1960, 1, '103.247.50.149', '1234567890', NULL, NULL),
(1961, 1, '103.247.50.149', '1234567890', NULL, NULL),
(1962, 1, '103.247.50.149', '1234567890', NULL, NULL),
(1963, 1, '103.247.50.149', '1234567890', NULL, NULL),
(1964, 1, '103.247.50.149', '1234567890', NULL, NULL),
(1965, 1, '103.247.50.149', '1234567890', NULL, NULL),
(1966, 1, '103.247.50.149', '1234567890', NULL, NULL),
(1967, 1, '103.247.50.149', '1234567890', NULL, NULL),
(1968, 1, '103.247.50.149', '1234567890', NULL, NULL),
(1969, 1, '103.247.50.149', '1234567890', NULL, NULL),
(1970, 1, '103.247.50.149', '1234567890', NULL, NULL),
(1971, 1, '103.247.50.149', '1234567890', NULL, NULL),
(1972, 1, '103.247.50.149', '1234567890', NULL, NULL),
(1973, 1, '103.247.50.149', '1234567890', NULL, NULL),
(1974, 1, '103.247.50.149', '1234567890', NULL, NULL),
(1975, 1, '103.247.50.149', '1234567890', NULL, NULL),
(1976, 1, '103.247.50.149', '1234567890', NULL, NULL),
(1977, 1, '103.247.50.149', '1234567890', NULL, NULL),
(1978, 1, '103.247.50.149', '1234567890', NULL, NULL),
(1979, 1, '103.247.50.149', '1234567890', NULL, NULL),
(1980, 1, '103.247.50.149', '1234567890', NULL, NULL),
(1981, 1, '103.247.50.149', '1234567890', NULL, NULL),
(1982, 1, '103.247.50.149', '1234567890', NULL, NULL),
(1983, 1, '103.247.50.149', '1234567890', NULL, NULL),
(1984, 1, '103.247.50.149', '1234567890', NULL, NULL),
(1985, 1, '103.247.50.149', '1234567890', NULL, NULL),
(1986, 1, '103.247.50.149', '1234567890', NULL, NULL),
(1987, 1, '103.247.50.149', '1234567890', NULL, NULL),
(1988, 1, '103.247.50.149', '1234567890', NULL, NULL),
(1989, 1, '103.247.50.149', '1234567890', NULL, NULL),
(1990, 1, '103.247.50.149', '1234567890', NULL, NULL),
(1991, 1, '103.247.50.149', '1234567890', NULL, NULL),
(1992, 1, '103.247.50.149', '1234567890', NULL, NULL),
(1993, 1, '103.247.50.149', '1234567890', NULL, NULL),
(1994, 1, '103.247.50.149', '1234567890', NULL, NULL),
(1995, 1, '103.247.50.149', '1234567890', NULL, NULL),
(1996, 1, '103.247.50.149', '1234567890', NULL, NULL),
(1997, 1, '103.247.50.149', '1234567890', NULL, NULL),
(1998, 1, '103.247.50.149', '1234567890', NULL, NULL),
(1999, 1, '103.247.50.149', '1234567890', NULL, NULL),
(2000, 1, '103.247.50.149', '1234567890', NULL, NULL),
(2001, 1, '103.247.50.149', '1234567890', NULL, NULL),
(2002, 1, '103.247.50.149', '1234567890', NULL, NULL),
(2003, 1, '103.247.50.149', '1234567890', NULL, NULL),
(2004, 1, '103.247.50.149', '1234567890', NULL, NULL),
(2005, 1, '103.247.50.149', '1234567890', NULL, NULL),
(2006, 1, '103.247.50.149', '1234567890', NULL, NULL),
(2007, 1, '103.247.50.149', '1234567890', NULL, NULL),
(2008, 1, '103.247.50.149', '1234567890', NULL, NULL),
(2009, 1, '103.247.50.149', '1234567890', NULL, NULL),
(2010, 1, '103.247.50.149', '1234567890', NULL, NULL),
(2011, 1, '103.247.50.149', '1234567890', NULL, NULL),
(2012, 1, '103.247.50.149', '1234567890', NULL, NULL),
(2013, 1, '103.247.50.149', '1234567890', NULL, NULL),
(2014, 1, '103.247.50.149', '1234567890', NULL, NULL),
(2015, 1, '103.247.50.149', '1234567890', NULL, NULL),
(2016, 1, '103.247.50.149', '1234567890', NULL, NULL),
(2017, 1, '103.247.50.149', '1234567890', NULL, NULL),
(2018, 1, '103.247.50.149', '1234567890', NULL, NULL),
(2019, 1, '103.247.50.149', '1234567890', NULL, NULL),
(2020, 1, '103.247.50.149', '1234567890', NULL, NULL),
(2021, 1, '103.247.50.149', '1234567890', NULL, NULL),
(2022, 1, '103.247.50.149', '1234567890', NULL, NULL),
(2023, 1, '103.247.50.149', '1234567890', NULL, NULL),
(2024, 1, '103.247.50.149', '1234567890', NULL, NULL),
(2025, 1, '103.247.50.149', '1234567890', NULL, NULL),
(2026, 1, '103.247.50.149', '1234567890', NULL, NULL),
(2027, 1, '103.247.50.149', '1234567890', NULL, NULL),
(2028, 1, '103.247.50.149', '1234567890', NULL, NULL),
(2029, 1, '103.247.50.149', '1234567890', NULL, NULL),
(2030, 1, '103.247.50.149', '1234567890', NULL, NULL),
(2031, 1, '103.247.50.149', '1234567890', NULL, NULL),
(2032, 1, '103.247.50.149', '1234567890', NULL, NULL),
(2033, 1, '103.247.50.149', '1234567890', NULL, NULL),
(2034, 1, '103.247.50.149', '1234567890', NULL, NULL),
(2035, 1, '103.247.50.149', '1234567890', NULL, NULL),
(2036, 1, '103.247.50.149', '1234567890', NULL, NULL),
(2037, 1, '103.247.50.149', '1234567890', NULL, NULL),
(2038, 1, '103.247.50.149', '1234567890', NULL, NULL),
(2039, 1, '103.247.50.149', '1234567890', NULL, NULL),
(2040, 1, '103.247.50.149', '1234567890', NULL, NULL),
(2041, 1, '103.247.50.149', '1234567890', NULL, NULL),
(2042, 1, '103.247.50.149', '1234567890', NULL, NULL),
(2043, 1, '103.247.50.149', '1234567890', NULL, NULL),
(2044, 1, '103.247.50.149', '1234567890', NULL, NULL),
(2045, 1, '103.247.50.149', '1234567890', NULL, NULL),
(2046, 1, '103.247.50.149', '1234567890', NULL, NULL),
(2047, 1, '103.247.50.149', '1234567890', NULL, NULL),
(2048, 1, '103.247.50.149', '1234567890', NULL, NULL),
(2049, 1, '103.247.50.149', '1234567890', NULL, NULL),
(2050, 1, '103.247.50.149', '1234567890', NULL, NULL),
(2051, 1, '103.247.50.149', '1234567890', NULL, NULL),
(2052, 1, '103.247.50.149', '1234567890', NULL, NULL),
(2053, 1, '103.247.50.149', '1234567890', NULL, NULL),
(2054, 1, '103.247.50.149', '1234567890', NULL, NULL),
(2055, 1, '103.247.50.149', '1234567890', NULL, NULL),
(2056, 1, '103.247.50.149', '1234567890', NULL, NULL),
(2057, 1, '103.247.50.149', '1234567890', NULL, NULL),
(2058, 1, '103.247.50.149', '1234567890', NULL, NULL),
(2059, 1, '103.247.50.149', '1234567890', NULL, NULL),
(2060, 1, '103.247.50.149', '1234567890', NULL, NULL),
(2061, 1, '103.247.50.149', '1234567890', NULL, NULL),
(2062, 1, '103.247.50.149', '1234567890', NULL, NULL),
(2063, 1, '103.247.50.149', '1234567890', NULL, NULL),
(2064, 1, '103.247.50.149', '1234567890', NULL, NULL),
(2065, 1, '103.247.50.149', '1234567890', NULL, NULL),
(2066, 1, '103.247.50.149', '1234567890', NULL, NULL),
(2067, 1, '103.247.50.149', '1234567890', NULL, NULL),
(2068, 1, '103.247.50.149', '1234567890', NULL, NULL),
(2069, 1, '103.247.50.149', '1234567890', NULL, NULL),
(2070, 1, '103.247.50.149', '1234567890', NULL, NULL),
(2071, 1, '103.247.50.149', '1234567890', NULL, NULL),
(2072, 1, '103.247.50.149', '1234567890', NULL, NULL),
(2073, 1, '103.247.50.149', '1234567890', NULL, NULL),
(2074, 1, '103.247.50.149', '1234567890', NULL, NULL),
(2075, 1, '103.247.50.149', '1234567890', NULL, NULL),
(2076, 1, '103.247.50.149', '1234567890', NULL, NULL),
(2077, 1, '103.247.50.149', '1234567890', NULL, NULL),
(2078, 1, '103.247.50.149', '1234567890', NULL, NULL),
(2079, 1, '103.247.50.149', '1234567890', NULL, NULL),
(2080, 1, '103.247.50.149', '1234567890', NULL, NULL),
(2081, 1, '103.247.50.149', '1234567890', NULL, NULL),
(2082, 1, '103.247.50.149', '1234567890', NULL, NULL),
(2083, 1, '103.247.50.149', '1234567890', NULL, NULL),
(2084, 1, '103.247.50.149', '1234567890', NULL, NULL),
(2085, 1, '103.247.50.149', '1234567890', NULL, NULL),
(2086, 1, '103.247.50.149', '1234567890', NULL, NULL),
(2087, 1, '103.247.50.149', '1234567890', NULL, NULL),
(2088, 1, '103.247.50.149', '1234567890', NULL, NULL),
(2089, 1, '103.247.50.149', '1234567890', NULL, NULL),
(2090, 1, '103.247.50.149', '1234567890', NULL, NULL),
(2091, 1, '103.247.50.149', '1234567890', NULL, NULL),
(2092, 1, '103.247.50.149', '1234567890', NULL, NULL),
(2093, 1, '103.247.50.149', '1234567890', NULL, NULL),
(2094, 1, '103.247.50.149', '1234567890', NULL, NULL),
(2095, 1, '103.247.50.149', '1234567890', NULL, NULL),
(2096, 1, '103.247.50.149', '1234567890', NULL, NULL),
(2097, 1, '103.247.50.149', '1234567890', NULL, NULL),
(2098, 1, '103.247.50.149', '1234567890', NULL, NULL),
(2099, 1, '103.247.50.149', '1234567890', NULL, NULL),
(2100, 1, '103.247.50.149', '1234567890', NULL, NULL),
(2101, 1, '103.247.50.149', '1234567890', NULL, NULL),
(2102, 1, '103.247.50.149', '1234567890', NULL, NULL),
(2103, 1, '103.247.50.149', '1234567890', NULL, NULL),
(2104, 1, '103.247.50.149', '1234567890', NULL, NULL),
(2105, 1, '103.247.50.149', '1234567890', NULL, NULL),
(2106, 1, '103.247.50.149', '1234567890', NULL, NULL),
(2107, 1, '103.247.50.149', '1234567890', NULL, NULL),
(2108, 1, '103.247.50.149', '1234567890', NULL, NULL),
(2109, 1, '103.247.50.149', '1234567890', NULL, NULL),
(2110, 1, '103.247.50.149', '1234567890', NULL, NULL),
(2111, 1, '103.247.50.149', '1234567890', NULL, NULL),
(2112, 1, '103.247.50.149', '1234567890', NULL, NULL),
(2113, 1, '103.247.50.149', '1234567890', NULL, NULL),
(2114, 1, '103.247.50.149', '1234567890', NULL, NULL),
(2115, 1, '103.247.50.149', '1234567890', NULL, NULL),
(2116, 1, '103.247.50.149', '1234567890', NULL, NULL),
(2117, 1, '103.247.50.149', '1234567890', NULL, NULL),
(2118, 1, '103.247.50.149', '1234567890', NULL, NULL),
(2119, 1, '103.247.50.149', '1234567890', NULL, NULL),
(2120, 1, '103.247.50.149', '1234567890', NULL, NULL),
(2121, 1, '103.247.50.149', '1234567890', NULL, NULL),
(2122, 1, '103.247.50.149', '1234567890', NULL, NULL),
(2123, 1, '103.247.50.149', '1234567890', NULL, NULL),
(2124, 1, '103.247.50.149', '1234567890', NULL, NULL),
(2125, 1, '103.247.50.149', '1234567890', NULL, NULL),
(2126, 1, '103.247.50.149', '1234567890', NULL, NULL),
(2127, 1, '103.247.50.149', '1234567890', NULL, NULL),
(2128, 1, '103.247.50.149', '1234567890', NULL, NULL),
(2129, 1, '103.247.50.149', '1234567890', NULL, NULL),
(2130, 1, '103.247.50.149', '1234567890', NULL, NULL),
(2131, 1, '103.247.50.149', '1234567890', NULL, NULL),
(2132, 1, '103.247.50.149', '1234567890', NULL, NULL),
(2133, 1, '103.247.50.149', '1234567890', NULL, NULL),
(2134, 1, '103.247.50.149', '1234567890', NULL, NULL),
(2135, 1, '103.247.50.149', '1234567890', NULL, NULL),
(2136, 1, '103.247.50.149', '1234567890', NULL, NULL),
(2137, 1, '103.247.50.149', '1234567890', NULL, NULL),
(2138, 1, '103.247.50.149', '1234567890', NULL, NULL),
(2139, 1, '103.247.50.149', '1234567890', NULL, NULL),
(2140, 1, '103.247.50.149', '1234567890', NULL, NULL),
(2141, 1, '103.247.50.149', '1234567890', NULL, NULL),
(2142, 1, '103.247.50.149', '1234567890', NULL, NULL),
(2143, 1, '103.247.50.149', '1234567890', NULL, NULL),
(2144, 1, '103.247.50.149', '1234567890', NULL, NULL),
(2145, 1, '103.247.50.149', '1234567890', NULL, NULL),
(2146, 1, '103.247.50.149', '1234567890', NULL, NULL),
(2147, 1, '103.247.50.149', '1234567890', NULL, NULL),
(2148, 1, '103.247.50.149', '1234567890', NULL, NULL),
(2149, 1, '103.247.50.149', '1234567890', NULL, NULL),
(2150, 1, '103.247.50.149', '1234567890', NULL, NULL),
(2151, 1, '103.247.50.149', '1234567890', NULL, NULL),
(2152, 1, '103.247.50.149', '1234567890', NULL, NULL),
(2153, 1, '103.247.50.149', '1234567890', NULL, NULL),
(2154, 1, '103.247.50.149', '1234567890', NULL, NULL),
(2155, 1, '103.247.50.149', '1234567890', NULL, NULL),
(2156, 1, '103.247.50.149', '1234567890', NULL, NULL),
(2157, 1, '103.247.50.149', '1234567890', NULL, NULL),
(2158, 1, '103.247.50.149', '1234567890', NULL, NULL),
(2159, 1, '103.247.50.149', '1234567890', NULL, NULL),
(2160, 1, '103.247.50.149', '1234567890', NULL, NULL),
(2161, 1, '103.247.50.149', '1234567890', NULL, NULL),
(2162, 1, '103.247.50.149', '1234567890', NULL, NULL),
(2163, 1, '103.247.50.149', '1234567890', NULL, NULL),
(2164, 1, '103.247.50.149', '1234567890', NULL, NULL),
(2165, 1, '103.247.50.149', '1234567890', NULL, NULL),
(2166, 1, '103.247.50.149', '1234567890', NULL, NULL),
(2167, 1, '103.247.50.149', '1234567890', NULL, NULL),
(2168, 1, '103.247.50.149', '1234567890', NULL, NULL),
(2169, 1, '103.247.50.149', '1234567890', NULL, NULL),
(2170, 1, '103.247.50.149', '1234567890', NULL, NULL),
(2171, 1, '103.247.50.149', '1234567890', NULL, NULL),
(2172, 1, '103.247.50.149', '1234567890', NULL, NULL),
(2173, 1, '103.247.50.149', '1234567890', NULL, NULL),
(2174, 1, '103.247.50.149', '1234567890', NULL, NULL),
(2175, 1, '103.247.50.149', '1234567890', NULL, NULL),
(2176, 1, '103.247.50.149', '1234567890', NULL, NULL),
(2177, 1, '103.247.50.149', '1234567890', NULL, NULL),
(2178, 1, '103.247.50.149', '1234567890', NULL, NULL),
(2179, 1, '103.247.50.149', '1234567890', NULL, NULL),
(2180, 1, '103.247.50.149', '1234567890', NULL, NULL),
(2181, 1, '103.247.50.149', '1234567890', NULL, NULL),
(2182, 1, '103.247.50.149', '1234567890', NULL, NULL),
(2183, 1, '103.247.50.149', '1234567890', NULL, NULL),
(2184, 1, '103.247.50.149', '1234567890', NULL, NULL),
(2185, 1, '103.247.50.149', '1234567890', NULL, NULL),
(2186, 1, '103.247.50.149', '1234567890', NULL, NULL),
(2187, 1, '103.247.50.149', '1234567890', NULL, NULL),
(2188, 1, '103.247.50.149', '1234567890', NULL, NULL),
(2189, 1, '103.247.50.149', '1234567890', NULL, NULL),
(2190, 1, '103.247.50.149', '1234567890', NULL, NULL),
(2191, 1, '103.247.50.149', '1234567890', NULL, NULL),
(2192, 1, '103.247.50.149', '1234567890', NULL, NULL),
(2193, 1, '103.247.50.149', '1234567890', NULL, NULL),
(2194, 1, '103.247.50.149', '1234567890', NULL, NULL),
(2195, 1, '103.247.50.149', '1234567890', NULL, NULL),
(2196, 1, '103.247.50.149', '1234567890', NULL, NULL),
(2197, 1, '103.247.50.149', '1234567890', NULL, NULL),
(2198, 1, '103.247.50.149', '1234567890', NULL, NULL),
(2199, 1, '103.247.50.149', '1234567890', NULL, NULL),
(2200, 1, '103.247.50.149', '1234567890', NULL, NULL),
(2201, 1, '103.247.50.149', '1234567890', NULL, NULL),
(2202, 1, '103.247.50.149', '1234567890', NULL, NULL),
(2203, 1, '103.247.50.149', '1234567890', NULL, NULL),
(2204, 1, '103.247.50.149', '1234567890', NULL, NULL),
(2205, 1, '103.247.50.149', '1234567890', NULL, NULL),
(2206, 1, '103.247.50.149', '1234567890', NULL, NULL),
(2207, 1, '103.247.50.149', '1234567890', NULL, NULL),
(2208, 1, '103.247.50.149', '1234567890', NULL, NULL),
(2209, 1, '103.247.50.149', '1234567890', NULL, NULL),
(2210, 1, '103.247.50.149', '1234567890', NULL, NULL),
(2211, 1, '103.247.50.149', '1234567890', NULL, NULL),
(2212, 1, '103.247.50.149', '1234567890', NULL, NULL),
(2213, 1, '103.247.50.149', '1234567890', NULL, NULL),
(2214, 1, '103.247.50.149', '1234567890', NULL, NULL),
(2215, 1, '103.247.50.149', '1234567890', NULL, NULL),
(2216, 1, '103.247.50.149', '1234567890', NULL, NULL),
(2217, 1, '103.247.50.149', '1234567890', NULL, NULL),
(2218, 1, '103.247.50.149', '1234567890', NULL, NULL),
(2219, 1, '103.247.50.149', '1234567890', NULL, NULL),
(2220, 1, '103.247.50.149', '1234567890', NULL, NULL),
(2221, 1, '103.247.50.149', '1234567890', NULL, NULL),
(2222, 1, '103.247.50.149', '1234567890', NULL, NULL),
(2223, 1, '103.247.50.149', '1234567890', NULL, NULL),
(2224, 1, '103.247.50.149', '1234567890', NULL, NULL),
(2225, 1, '103.247.50.149', '1234567890', NULL, NULL),
(2226, 1, '103.247.50.149', '1234567890', NULL, NULL),
(2227, 1, '103.247.50.149', '1234567890', NULL, NULL),
(2228, 1, '103.247.50.149', '1234567890', NULL, NULL),
(2229, 1, '103.247.50.149', '1234567890', NULL, NULL),
(2230, 1, '103.247.50.149', '1234567890', NULL, NULL),
(2231, 1, '103.247.50.149', '1234567890', NULL, NULL),
(2232, 1, '103.247.50.149', '1234567890', NULL, NULL),
(2233, 1, '103.247.50.149', '1234567890', NULL, NULL),
(2234, 1, '103.247.50.149', '1234567890', NULL, NULL),
(2235, 1, '103.247.50.149', '1234567890', NULL, NULL),
(2236, 1, '103.247.50.149', '1234567890', NULL, NULL),
(2237, 1, '103.247.50.149', '1234567890', NULL, NULL),
(2238, 1, '103.247.50.149', '1234567890', NULL, NULL),
(2239, 1, '103.247.50.149', '1234567890', NULL, NULL),
(2240, 1, '103.247.50.149', '1234567890', NULL, NULL),
(2241, 1, '103.247.50.149', '1234567890', NULL, NULL),
(2242, 1, '103.247.50.149', '1234567890', NULL, NULL),
(2243, 1, '103.247.50.149', '1234567890', NULL, NULL),
(2244, 1, '103.247.50.149', '1234567890', NULL, NULL),
(2245, 1, '103.247.50.149', '1234567890', NULL, NULL),
(2246, 1, '103.247.50.149', '1234567890', NULL, NULL),
(2247, 1, '103.247.50.149', '1234567890', NULL, NULL),
(2248, 1, '103.247.50.149', '1234567890', NULL, NULL),
(2249, 1, '103.247.50.149', '1234567890', NULL, NULL),
(2250, 1, '103.247.50.149', '1234567890', NULL, NULL),
(2251, 1, '103.247.50.149', '1234567890', NULL, NULL),
(2252, 1, '103.247.50.149', '1234567890', NULL, NULL),
(2253, 1, '103.247.50.149', '1234567890', NULL, NULL),
(2254, 1, '103.247.50.149', '1234567890', NULL, NULL),
(2255, 1, '103.247.50.149', '1234567890', NULL, NULL),
(2256, 1, '103.247.50.149', '1234567890', NULL, NULL),
(2257, 1, '103.247.50.149', '1234567890', NULL, NULL),
(2258, 1, '103.247.50.149', '1234567890', NULL, NULL),
(2259, 1, '103.247.50.149', '1234567890', NULL, NULL),
(2260, 1, '103.247.50.149', '1234567890', NULL, NULL),
(2261, 1, '103.247.50.149', '1234567890', NULL, NULL),
(2262, 1, '103.247.50.149', '1234567890', NULL, NULL),
(2263, 1, '103.247.50.149', '1234567890', NULL, NULL),
(2264, 1, '103.247.50.149', '1234567890', NULL, NULL),
(2265, 1, '103.247.50.149', '1234567890', NULL, NULL),
(2266, 1, '103.247.50.149', '1234567890', NULL, NULL),
(2267, 1, '103.247.50.149', '1234567890', NULL, NULL),
(2268, 1, '103.247.50.149', '1234567890', NULL, NULL),
(2269, 1, '103.247.50.149', '1234567890', NULL, NULL),
(2270, 1, '103.247.50.149', '1234567890', NULL, NULL),
(2271, 1, '103.247.50.149', '1234567890', NULL, NULL),
(2272, 1, '103.247.50.149', '1234567890', NULL, NULL),
(2273, 1, '103.247.50.149', '1234567890', NULL, NULL),
(2274, 1, '103.247.50.149', '1234567890', NULL, NULL),
(2275, 1, '103.247.50.149', '1234567890', NULL, NULL),
(2276, 1, '103.247.50.149', '1234567890', NULL, NULL),
(2277, 1, '103.247.50.149', '1234567890', NULL, NULL),
(2278, 1, '103.247.50.149', '1234567890', NULL, NULL),
(2279, 1, '103.247.50.149', '1234567890', NULL, NULL),
(2280, 1, '103.247.50.149', '1234567890', NULL, NULL),
(2281, 1, '103.247.50.149', '1234567890', NULL, NULL),
(2282, 1, '103.247.50.149', '1234567890', NULL, NULL),
(2283, 1, '103.247.50.149', '1234567890', NULL, NULL),
(2284, 1, '103.247.50.149', '1234567890', NULL, NULL),
(2285, 1, '103.247.50.149', '1234567890', NULL, NULL),
(2286, 1, '103.247.50.149', '1234567890', NULL, NULL),
(2287, 1, '103.247.50.149', '1234567890', NULL, NULL),
(2288, 1, '103.247.50.149', '1234567890', NULL, NULL),
(2289, 1, '103.247.50.149', '1234567890', NULL, NULL),
(2290, 1, '103.247.50.149', '1234567890', NULL, NULL),
(2291, 1, '103.247.50.149', '1234567890', NULL, NULL),
(2292, 1, '103.247.50.149', '1234567890', NULL, NULL),
(2293, 1, '103.247.50.149', '1234567890', NULL, NULL),
(2294, 1, '103.247.50.149', '1234567890', NULL, NULL),
(2295, 1, '103.247.50.149', '1234567890', NULL, NULL),
(2296, 1, '103.247.50.149', '1234567890', NULL, NULL),
(2297, 1, '103.247.50.149', '1234567890', NULL, NULL),
(2298, 1, '103.247.50.149', '1234567890', NULL, NULL),
(2299, 1, '103.247.50.149', '1234567890', NULL, NULL),
(2300, 1, '103.247.50.149', '1234567890', NULL, NULL),
(2301, 1, '103.247.50.149', '1234567890', NULL, NULL),
(2302, 1, '103.247.50.149', '1234567890', NULL, NULL),
(2303, 1, '103.247.50.149', '1234567890', NULL, NULL),
(2304, 1, '103.247.50.149', '1234567890', NULL, NULL),
(2305, 1, '103.247.50.149', '1234567890', NULL, NULL),
(2306, 1, '103.247.50.149', '1234567890', NULL, NULL),
(2307, 1, '103.247.50.149', '1234567890', NULL, NULL),
(2308, 1, '103.247.50.158', '1234567890', NULL, NULL),
(2309, 1, '103.247.50.158', '1234567890', NULL, NULL),
(2310, 1, '103.247.50.158', '1234567890', NULL, NULL),
(2311, 1, '103.247.50.158', '1234567890', NULL, NULL),
(2312, 1, '103.247.50.158', '1234567890', NULL, NULL),
(2313, 1, '103.247.50.158', '1234567890', NULL, NULL),
(2314, 1, '103.247.50.158', '1234567890', NULL, NULL),
(2315, 1, '103.247.50.158', '1234567890', NULL, NULL),
(2316, 1, '103.247.50.158', '1234567890', NULL, NULL),
(2317, 1, '103.247.50.158', '1234567890', NULL, NULL),
(2318, 1, '103.247.50.158', '1234567890', NULL, NULL),
(2319, 1, '103.247.50.158', '1234567890', NULL, NULL),
(2320, 1, '103.247.50.158', '1234567890', NULL, NULL),
(2321, 1, '103.247.50.158', '1234567890', NULL, NULL),
(2322, 1, '103.247.50.158', '1234567890', NULL, NULL),
(2323, 1, '103.247.50.158', '1234567890', NULL, NULL),
(2324, 1, '103.247.50.158', '1234567890', NULL, NULL),
(2325, 1, '103.247.50.158', '1234567890', NULL, NULL),
(2326, 1, '103.247.50.158', '1234567890', NULL, NULL),
(2327, 1, '103.247.50.158', '1234567890', NULL, NULL),
(2328, 1, '103.247.50.158', '1234567890', NULL, NULL),
(2329, 1, '103.247.50.158', '1234567890', NULL, NULL),
(2330, 1, '103.247.50.158', '1234567890', NULL, NULL),
(2331, 1, '103.247.50.158', '1234567890', NULL, NULL),
(2332, 1, '103.247.50.158', '1234567890', NULL, NULL),
(2333, 1, '103.247.50.158', '1234567890', NULL, NULL),
(2334, 1, '103.247.50.158', '1234567890', NULL, NULL),
(2335, 1, '103.247.50.158', '1234567890', NULL, NULL),
(2336, 1, '103.247.50.158', '1234567890', NULL, NULL),
(2337, 1, '103.247.50.158', '1234567890', NULL, NULL),
(2338, 1, '103.247.50.158', '1234567890', NULL, NULL),
(2339, 1, '103.247.50.158', '1234567890', NULL, NULL),
(2340, 1, '103.247.50.158', '1234567890', NULL, NULL),
(2341, 1, '103.247.50.158', '1234567890', NULL, NULL),
(2342, 1, '103.247.50.158', '1234567890', NULL, NULL),
(2343, 1, '103.247.50.158', '1234567890', NULL, NULL),
(2344, 1, '103.247.50.158', '1234567890', NULL, NULL),
(2345, 1, '103.247.50.158', '1234567890', NULL, NULL),
(2346, 1, '103.247.50.158', '1234567890', NULL, NULL),
(2347, 1, '103.247.50.158', '1234567890', NULL, NULL),
(2348, 1, '103.247.50.158', '1234567890', NULL, NULL),
(2349, 1, '103.247.50.158', '1234567890', NULL, NULL),
(2350, 1, '103.247.50.158', '1234567890', NULL, NULL),
(2351, 1, '103.247.50.158', '1234567890', NULL, NULL),
(2352, 1, '103.247.50.158', '1234567890', NULL, NULL),
(2353, 1, '103.247.50.158', '1234567890', NULL, NULL),
(2354, 1, '103.247.50.158', '1234567890', NULL, NULL),
(2355, 1, '103.247.50.158', '1234567890', NULL, NULL),
(2356, 1, '103.247.50.158', '1234567890', NULL, NULL),
(2357, 1, '103.247.50.158', '1234567890', NULL, NULL),
(2358, 1, '103.247.50.158', '1234567890', NULL, NULL),
(2359, 1, '103.247.50.158', '1234567890', NULL, NULL),
(2360, 1, '103.247.50.158', '1234567890', NULL, NULL),
(2361, 1, '103.247.50.158', '1234567890', NULL, NULL),
(2362, 1, '103.247.50.158', '1234567890', NULL, NULL),
(2363, 1, '103.247.50.158', '1234567890', NULL, NULL),
(2364, 1, '103.247.50.158', '1234567890', NULL, NULL),
(2365, 1, '103.247.50.158', '1234567890', NULL, NULL),
(2366, 1, '103.247.50.158', '1234567890', NULL, NULL),
(2367, 1, '103.247.50.158', '1234567890', NULL, NULL),
(2368, 1, '103.247.50.158', '1234567890', NULL, NULL),
(2369, 1, '103.247.50.158', '1234567890', NULL, NULL),
(2370, 1, '103.247.50.158', '1234567890', NULL, NULL),
(2371, 1, '103.247.50.158', '1234567890', NULL, NULL),
(2372, 1, '103.247.50.158', '1234567890', NULL, NULL),
(2373, 1, '103.247.50.158', '1234567890', NULL, NULL),
(2374, 1, '103.247.50.158', '1234567890', NULL, NULL),
(2375, 1, '103.247.50.158', '1234567890', NULL, NULL),
(2376, 1, '103.247.50.158', '1234567890', NULL, NULL),
(2377, 1, '103.247.50.158', '1234567890', NULL, NULL),
(2378, 1, '103.247.50.158', '1234567890', NULL, NULL),
(2379, 1, '103.247.50.158', '1234567890', NULL, NULL),
(2380, 1, '103.247.50.158', '1234567890', NULL, NULL),
(2381, 1, '103.247.50.158', '1234567890', NULL, NULL),
(2382, 1, '103.247.50.158', '1234567890', NULL, NULL),
(2383, 1, '103.247.50.158', '1234567890', NULL, NULL),
(2384, 1, '103.247.50.158', '1234567890', NULL, NULL),
(2385, 1, '103.247.50.158', '1234567890', NULL, NULL),
(2386, 1, '103.247.50.158', '1234567890', NULL, NULL),
(2387, 1, '103.247.50.158', '1234567890', NULL, NULL),
(2388, 1, '103.247.50.158', '1234567890', NULL, NULL),
(2389, 1, '103.247.50.158', '1234567890', NULL, NULL),
(2390, 1, '103.247.50.158', '1234567890', NULL, NULL),
(2391, 1, '103.247.50.158', '1234567890', NULL, NULL),
(2392, 1, '103.247.50.158', '1234567890', NULL, NULL),
(2393, 1, '103.247.50.158', '1234567890', NULL, NULL),
(2394, 1, '103.247.50.158', '1234567890', NULL, NULL),
(2395, 1, '103.247.50.158', '1234567890', NULL, NULL),
(2396, 1, '103.247.50.158', '1234567890', NULL, NULL),
(2397, 1, '103.247.50.158', '1234567890', NULL, NULL),
(2398, 1, '103.247.50.158', '1234567890', NULL, NULL),
(2399, 1, '103.247.50.158', '1234567890', NULL, NULL),
(2400, 1, '103.247.50.158', '1234567890', NULL, NULL),
(2401, 1, '103.247.50.158', '1234567890', NULL, NULL),
(2402, 1, '103.247.50.158', '1234567890', NULL, NULL),
(2403, 1, '103.247.50.158', '1234567890', NULL, NULL),
(2404, 1, '103.247.50.158', '1234567890', NULL, NULL),
(2405, 1, '103.247.50.158', '1234567890', NULL, NULL),
(2406, 1, '103.247.50.158', '1234567890', NULL, NULL),
(2407, 1, '103.247.50.158', '1234567890', NULL, NULL),
(2408, 1, '103.247.50.158', '1234567890', NULL, NULL),
(2409, 1, '103.247.50.158', '1234567890', NULL, NULL),
(2410, 1, '103.247.50.158', '1234567890', NULL, NULL),
(2411, 1, '103.247.50.158', '1234567890', NULL, NULL),
(2412, 1, '103.247.50.158', '1234567890', NULL, NULL),
(2413, 1, '103.247.50.158', '1234567890', NULL, NULL),
(2414, 1, '103.247.50.158', '1234567890', NULL, NULL),
(2415, 1, '103.247.50.158', '1234567890', NULL, NULL),
(2416, 1, '103.247.50.158', '1234567890', NULL, NULL),
(2417, 1, '103.247.50.158', '1234567890', NULL, NULL),
(2418, 1, '103.247.50.158', '1234567890', NULL, NULL),
(2419, 1, '103.247.50.158', '1234567890', NULL, NULL),
(2420, 1, '103.247.50.158', '1234567890', NULL, NULL),
(2421, 1, '103.247.50.158', '1234567890', NULL, NULL),
(2422, 1, '103.247.50.158', '1234567890', NULL, NULL),
(2423, 1, '103.247.50.158', '1234567890', NULL, NULL),
(2424, 1, '103.247.50.158', '1234567890', NULL, NULL),
(2425, 1, '103.247.50.158', '1234567890', NULL, NULL),
(2426, 1, '103.247.50.158', '1234567890', NULL, NULL),
(2427, 1, '103.247.50.158', '1234567890', NULL, NULL),
(2428, 1, '103.247.50.158', '1234567890', NULL, NULL),
(2429, 1, '103.247.50.158', '1234567890', NULL, NULL),
(2430, 1, '103.247.50.158', '1234567890', NULL, NULL),
(2431, 1, '103.247.50.158', '1234567890', NULL, NULL),
(2432, 1, '103.247.50.158', '1234567890', NULL, NULL),
(2433, 1, '103.247.50.158', '1234567890', NULL, NULL),
(2434, 1, '103.247.50.158', '1234567890', NULL, NULL),
(2435, 1, '103.247.50.158', '1234567890', NULL, NULL),
(2436, 1, '103.247.50.158', '1234567890', NULL, NULL),
(2437, 1, '103.247.50.158', '1234567890', NULL, NULL),
(2438, 1, '103.247.50.158', '1234567890', NULL, NULL),
(2439, 1, '103.247.50.158', '1234567890', NULL, NULL),
(2440, 1, '103.247.50.158', '1234567890', NULL, NULL),
(2441, 1, '103.247.50.158', '1234567890', NULL, NULL),
(2442, 1, '103.247.50.158', '1234567890', NULL, NULL),
(2443, 1, '103.247.50.158', '1234567890', NULL, NULL),
(2444, 1, '103.247.50.158', '1234567890', NULL, NULL),
(2445, 1, '103.247.50.158', '1234567890', NULL, NULL),
(2446, 1, '103.247.50.158', '1234567890', NULL, NULL),
(2447, 1, '103.247.50.158', '1234567890', NULL, NULL),
(2448, 1, '103.247.50.158', '1234567890', NULL, NULL),
(2449, 1, '103.247.50.158', '1234567890', NULL, NULL),
(2450, 1, '103.247.50.158', '1234567890', NULL, NULL),
(2451, 1, '103.247.50.158', '1234567890', NULL, NULL),
(2452, 1, '103.247.50.158', '1234567890', NULL, NULL),
(2453, 1, '103.247.50.158', '1234567890', NULL, NULL),
(2454, 1, '103.247.50.158', '1234567890', NULL, NULL),
(2455, 1, '103.247.50.158', '1234567890', NULL, NULL),
(2456, 1, '103.247.50.158', '1234567890', NULL, NULL),
(2457, 1, '103.247.50.158', '1234567890', NULL, NULL),
(2458, 1, '103.247.50.158', '1234567890', NULL, NULL),
(2459, 1, '103.247.50.158', '1234567890', NULL, NULL),
(2460, 1, '103.247.50.158', '1234567890', NULL, NULL),
(2461, 1, '103.247.50.158', '1234567890', NULL, NULL),
(2462, 1, '103.247.50.158', '1234567890', NULL, NULL),
(2463, 1, '103.247.50.158', '1234567890', NULL, NULL),
(2464, 1, '103.247.50.158', '1234567890', NULL, NULL),
(2465, 1, '103.247.50.158', '1234567890', NULL, NULL),
(2466, 1, '103.247.50.158', '1234567890', NULL, NULL),
(2467, 1, '103.247.50.158', '1234567890', NULL, NULL),
(2468, 1, '103.247.50.158', '1234567890', NULL, NULL),
(2469, 1, '103.247.50.158', '1234567890', NULL, NULL),
(2470, 1, '103.247.50.158', '1234567890', NULL, NULL),
(2471, 1, '103.247.50.158', '1234567890', NULL, NULL),
(2472, 1, '103.247.50.158', '1234567890', NULL, NULL),
(2473, 1, '103.247.50.158', '1234567890', NULL, NULL),
(2474, 1, '103.247.50.158', '1234567890', NULL, NULL),
(2475, 1, '103.247.50.158', '1234567890', NULL, NULL),
(2476, 1, '103.247.50.158', '1234567890', NULL, NULL),
(2477, 1, '103.247.50.158', '1234567890', NULL, NULL),
(2478, 1, '103.247.50.158', '1234567890', NULL, NULL),
(2479, 1, '103.247.50.158', '1234567890', NULL, NULL),
(2480, 1, '103.247.50.158', '1234567890', NULL, NULL),
(2481, 1, '103.247.50.158', '1234567890', NULL, NULL),
(2482, 1, '103.247.50.158', '1234567890', NULL, NULL),
(2483, 1, '103.247.50.158', '1234567890', NULL, NULL),
(2484, 1, '103.247.50.158', '1234567890', NULL, NULL),
(2485, 1, '103.247.50.158', '1234567890', NULL, NULL),
(2486, 1, '103.247.50.158', '1234567890', NULL, NULL),
(2487, 1, '103.247.50.158', '1234567890', NULL, NULL),
(2488, 1, '103.247.50.158', '1234567890', NULL, NULL),
(2489, 1, '103.247.50.158', '1234567890', NULL, NULL),
(2490, 1, '103.247.50.158', '1234567890', NULL, NULL),
(2491, 1, '103.247.50.158', '1234567890', NULL, NULL),
(2492, 1, '103.247.50.158', '1234567890', NULL, NULL),
(2493, 1, '103.247.50.158', '1234567890', NULL, NULL),
(2494, 1, '103.247.50.158', '1234567890', NULL, NULL),
(2495, 1, '103.247.50.158', '1234567890', NULL, NULL),
(2496, 1, '103.247.50.158', '1234567890', NULL, NULL),
(2497, 1, '103.247.50.158', '1234567890', NULL, NULL),
(2498, 1, '103.247.50.158', '1234567890', NULL, NULL),
(2499, 1, '103.247.50.158', '1234567890', NULL, NULL),
(2500, 1, '103.247.50.158', '1234567890', NULL, NULL),
(2501, 1, '103.247.50.158', '1234567890', NULL, NULL),
(2502, 1, '103.247.50.158', '1234567890', NULL, NULL),
(2503, 1, '103.247.50.158', '1234567890', NULL, NULL),
(2504, 1, '103.247.50.158', '1234567890', NULL, NULL),
(2505, 1, '103.247.50.158', '1234567890', NULL, NULL),
(2506, 1, '103.247.50.158', '1234567890', NULL, NULL),
(2507, 1, '103.247.50.158', '1234567890', NULL, NULL),
(2508, 1, '103.247.50.158', '1234567890', NULL, NULL),
(2509, 1, '103.247.50.158', '1234567890', NULL, NULL),
(2510, 1, '103.247.50.158', '1234567890', NULL, NULL),
(2511, 1, '103.247.50.158', '1234567890', NULL, NULL),
(2512, 1, '103.247.50.158', '1234567890', NULL, NULL),
(2513, 1, '103.247.50.158', '1234567890', NULL, NULL),
(2514, 1, '103.247.50.158', '1234567890', NULL, NULL),
(2515, 1, '103.247.50.158', '1234567890', NULL, NULL),
(2516, 1, '103.247.50.158', '1234567890', NULL, NULL),
(2517, 1, '103.247.50.158', '1234567890', NULL, NULL),
(2518, 1, '103.247.50.158', '1234567890', NULL, NULL),
(2519, 1, '103.247.50.158', '1234567890', NULL, NULL),
(2520, 1, '103.247.50.158', '1234567890', NULL, NULL),
(2521, 1, '103.247.50.158', '1234567890', NULL, NULL),
(2522, 1, '103.247.50.158', '1234567890', NULL, NULL),
(2523, 1, '103.247.50.158', '1234567890', NULL, NULL),
(2524, 1, '103.247.50.158', '1234567890', NULL, NULL),
(2525, 1, '103.247.50.158', '1234567890', NULL, NULL),
(2526, 1, '103.247.50.158', '1234567890', NULL, NULL),
(2527, 1, '103.247.50.158', '1234567890', NULL, NULL),
(2528, 1, '103.247.50.158', '1234567890', NULL, NULL),
(2529, 1, '103.247.50.158', '1234567890', NULL, NULL),
(2530, 1, '103.247.50.158', '1234567890', NULL, NULL),
(2531, 1, '103.247.50.158', '1234567890', NULL, NULL),
(2532, 1, '103.247.50.158', '1234567890', NULL, NULL),
(2533, 1, '103.247.50.158', '1234567890', NULL, NULL),
(2534, 1, '103.247.50.158', '1234567890', NULL, NULL),
(2535, 1, '103.247.50.158', '1234567890', NULL, NULL),
(2536, 1, '103.247.50.158', '1234567890', NULL, NULL),
(2537, 1, '103.247.50.146', '1234567890', NULL, NULL),
(2538, 1, '103.247.50.146', '1234567890', NULL, NULL),
(2539, 1, '103.247.50.146', '1234567890', NULL, NULL),
(2540, 1, '103.247.50.146', '1234567890', NULL, NULL),
(2541, 1, '103.247.50.146', '1234567890', NULL, NULL),
(2542, 1, '103.247.50.146', '1234567890', NULL, NULL),
(2543, 1, '103.247.50.146', '1234567890', NULL, NULL),
(2544, 1, '103.247.50.146', '1234567890', NULL, NULL),
(2545, 1, '103.247.50.146', '1234567890', NULL, NULL),
(2546, 1, '103.247.50.146', '1234567890', NULL, NULL),
(2547, 1, '103.247.50.146', '1234567890', NULL, NULL),
(2548, 1, '103.247.50.146', '1234567890', NULL, NULL),
(2549, 1, '103.247.50.146', '1234567890', NULL, NULL),
(2550, 1, '103.247.50.146', '1234567890', NULL, NULL),
(2551, 1, '103.247.50.146', '1234567890', NULL, NULL),
(2552, 1, '103.247.50.146', '1234567890', NULL, NULL),
(2553, 1, '103.247.50.146', '1234567890', NULL, NULL),
(2554, 1, '103.247.50.146', '1234567890', NULL, NULL),
(2555, 1, '103.247.50.146', '1234567890', NULL, NULL),
(2556, 1, '103.247.50.146', '1234567890', NULL, NULL),
(2557, 1, '103.247.50.146', '1234567890', NULL, NULL),
(2558, 1, '103.247.50.146', '1234567890', NULL, NULL),
(2559, 1, '103.247.50.146', '1234567890', NULL, NULL),
(2560, 1, '103.247.50.146', '1234567890', NULL, NULL),
(2561, 1, '103.247.50.146', '1234567890', NULL, NULL),
(2562, 1, '103.247.50.146', '1234567890', NULL, NULL),
(2563, 1, '103.247.50.146', '1234567890', NULL, NULL),
(2564, 1, '103.247.50.146', '1234567890', NULL, NULL),
(2565, 1, '103.247.50.146', '1234567890', NULL, NULL),
(2566, 1, '103.247.50.146', '1234567890', NULL, NULL),
(2567, 1, '103.247.50.146', '1234567890', NULL, NULL),
(2568, 1, '103.247.50.146', '1234567890', NULL, NULL),
(2569, 1, '103.247.50.146', '1234567890', NULL, NULL),
(2570, 1, '103.247.50.146', '1234567890', NULL, NULL),
(2571, 1, '103.247.50.146', '1234567890', NULL, NULL),
(2572, 1, '103.247.50.146', '1234567890', NULL, NULL),
(2573, 1, '103.247.50.146', '1234567890', NULL, NULL),
(2574, 1, '103.247.50.146', '1234567890', NULL, NULL),
(2575, 1, '103.247.50.146', '1234567890', NULL, NULL),
(2576, 1, '103.247.50.146', '1234567890', NULL, NULL),
(2577, 1, '103.247.50.146', '1234567890', NULL, NULL),
(2578, 1, '103.247.50.146', '1234567890', NULL, NULL),
(2579, 1, '103.247.50.146', '1234567890', NULL, NULL),
(2580, 1, '103.247.50.146', '1234567890', NULL, NULL),
(2581, 1, '103.247.50.146', '1234567890', NULL, NULL),
(2582, 1, '103.247.50.146', '1234567890', NULL, NULL),
(2583, 1, '103.247.50.146', '1234567890', NULL, NULL),
(2584, 1, '103.247.50.146', '1234567890', NULL, NULL),
(2585, 1, '103.247.50.146', '1234567890', NULL, NULL),
(2586, 1, '103.247.50.146', '1234567890', NULL, NULL),
(2587, 1, '103.247.50.146', '1234567890', NULL, NULL),
(2588, 1, '103.247.50.146', '1234567890', NULL, NULL),
(2589, 1, '103.247.50.146', '1234567890', NULL, NULL),
(2590, 1, '103.247.50.146', '1234567890', NULL, NULL),
(2591, 1, '103.247.50.146', '1234567890', NULL, NULL),
(2592, 1, '103.247.50.146', '1234567890', NULL, NULL),
(2593, 1, '103.247.50.146', '1234567890', NULL, NULL),
(2594, 1, '103.247.50.146', '1234567890', NULL, NULL),
(2595, 1, '103.247.50.146', '1234567890', NULL, NULL),
(2596, 1, '103.247.50.146', '1234567890', NULL, NULL),
(2597, 1, '103.247.50.146', '1234567890', NULL, NULL),
(2598, 1, '103.247.50.146', '1234567890', NULL, NULL),
(2599, 1, '103.247.50.146', '1234567890', NULL, NULL),
(2600, 1, '103.247.50.146', '1234567890', NULL, NULL),
(2601, 1, '103.247.50.146', '1234567890', NULL, NULL),
(2602, 1, '103.247.50.146', '1234567890', NULL, NULL),
(2603, 1, '103.247.50.146', '1234567890', NULL, NULL),
(2604, 1, '103.247.50.146', '1234567890', NULL, NULL),
(2605, 1, '103.247.50.146', '1234567890', NULL, NULL),
(2606, 1, '103.247.50.146', '1234567890', NULL, NULL),
(2607, 1, '103.247.50.146', '1234567890', NULL, NULL),
(2608, 1, '103.247.50.146', '1234567890', NULL, NULL),
(2609, 1, '103.247.50.146', '1234567890', NULL, NULL),
(2610, 1, '103.247.50.146', '1234567890', NULL, NULL),
(2611, 1, '103.247.50.146', '1234567890', NULL, NULL),
(2612, 1, '103.247.50.146', '1234567890', NULL, NULL),
(2613, 1, '103.247.50.146', '1234567890', NULL, NULL),
(2614, 1, '103.247.50.146', '1234567890', NULL, NULL),
(2615, 1, '103.247.50.146', '1234567890', NULL, NULL),
(2616, 1, '103.247.50.146', '1234567890', NULL, NULL),
(2617, 1, '103.247.50.146', '1234567890', NULL, NULL),
(2618, 1, '103.247.50.146', '1234567890', NULL, NULL),
(2619, 1, '103.247.50.146', '1234567890', NULL, NULL),
(2620, 1, '103.247.50.146', '1234567890', NULL, NULL),
(2621, 1, '103.247.50.146', '1234567890', NULL, NULL),
(2622, 1, '103.247.50.146', '1234567890', NULL, NULL),
(2623, 1, '103.247.50.146', '1234567890', NULL, NULL),
(2624, 1, '103.247.50.146', '1234567890', NULL, NULL),
(2625, 1, '103.247.50.146', '1234567890', NULL, NULL),
(2626, 1, '103.247.50.146', '1234567890', NULL, NULL),
(2627, 1, '103.247.50.146', '1234567890', NULL, NULL),
(2628, 1, '103.247.50.146', '1234567890', NULL, NULL),
(2629, 1, '103.247.50.146', '1234567890', NULL, NULL),
(2630, 1, '103.247.50.146', '1234567890', NULL, NULL),
(2631, 1, '103.247.50.146', '1234567890', NULL, NULL),
(2632, 1, '103.247.50.146', '1234567890', NULL, NULL),
(2633, 1, '103.247.50.146', '1234567890', NULL, NULL),
(2634, 1, '103.247.50.146', '1234567890', NULL, NULL),
(2635, 1, '103.247.50.146', '1234567890', NULL, NULL),
(2636, 1, '103.247.50.146', '1234567890', NULL, NULL),
(2637, 1, '103.247.50.146', '1234567890', NULL, NULL),
(2638, 1, '103.247.50.146', '1234567890', NULL, NULL),
(2639, 1, '103.247.50.146', '1234567890', NULL, NULL),
(2640, 1, '103.247.50.146', '1234567890', NULL, NULL),
(2641, 1, '103.247.50.146', '1234567890', NULL, NULL),
(2642, 1, '103.247.50.146', '1234567890', NULL, NULL),
(2643, 1, '103.247.50.146', '1234567890', NULL, NULL),
(2644, 1, '103.247.50.146', '1234567890', NULL, NULL),
(2645, 1, '103.247.50.146', '1234567890', NULL, NULL),
(2646, 1, '103.247.50.146', '1234567890', NULL, NULL),
(2647, 1, '103.247.50.146', '1234567890', NULL, NULL),
(2648, 1, '103.247.50.146', '1234567890', NULL, NULL),
(2649, 1, '103.247.50.146', '1234567890', NULL, NULL),
(2650, 1, '103.247.50.146', '1234567890', NULL, NULL),
(2651, 1, '103.247.50.146', '1234567890', NULL, NULL),
(2652, 1, '103.247.50.146', '1234567890', NULL, NULL),
(2653, 1, '103.247.50.146', '1234567890', NULL, NULL),
(2654, 1, '103.247.50.146', '1234567890', NULL, NULL),
(2655, 1, '103.247.50.146', '1234567890', NULL, NULL),
(2656, 1, '103.247.50.146', '1234567890', NULL, NULL),
(2657, 1, '103.247.50.146', '1234567890', NULL, NULL),
(2658, 1, '103.247.50.146', '1234567890', NULL, NULL),
(2659, 1, '103.247.50.146', '1234567890', NULL, NULL),
(2660, 1, '103.247.50.146', '1234567890', NULL, NULL),
(2661, 1, '103.247.50.146', '1234567890', NULL, NULL),
(2662, 1, '103.247.50.146', '1234567890', NULL, NULL),
(2663, 1, '103.247.50.146', '1234567890', NULL, NULL),
(2664, 1, '103.247.50.146', '1234567890', NULL, NULL),
(2665, 1, '103.247.50.146', '1234567890', NULL, NULL),
(2666, 1, '103.247.50.146', '1234567890', NULL, NULL),
(2667, 1, '103.247.50.146', '1234567890', NULL, NULL),
(2668, 1, '103.247.50.146', '1234567890', NULL, NULL),
(2669, 1, '103.247.50.146', '1234567890', NULL, NULL),
(2670, 1, '103.247.50.146', '1234567890', NULL, NULL),
(2671, 1, '103.247.50.146', '1234567890', NULL, NULL),
(2672, 1, '103.247.50.146', '1234567890', NULL, NULL),
(2673, 1, '103.247.50.146', '1234567890', NULL, NULL),
(2674, 1, '103.247.50.146', '1234567890', NULL, NULL),
(2675, 1, '103.247.50.146', '1234567890', NULL, NULL),
(2676, 1, '103.247.50.146', '1234567890', NULL, NULL),
(2677, 1, '103.247.50.146', '1234567890', NULL, NULL),
(2678, 1, '103.247.50.146', '1234567890', NULL, NULL),
(2679, 1, '103.247.50.146', '1234567890', NULL, NULL),
(2680, 1, '103.247.50.146', '1234567890', NULL, NULL),
(2681, 1, '103.247.50.146', '1234567890', NULL, NULL),
(2682, 1, '103.247.50.146', '1234567890', NULL, NULL),
(2683, 1, '103.247.50.146', '1234567890', NULL, NULL),
(2684, 1, '103.247.50.146', '1234567890', NULL, NULL),
(2685, 1, '103.247.50.146', '1234567890', NULL, NULL),
(2686, 1, '103.247.50.146', '1234567890', NULL, NULL),
(2687, 1, '103.247.50.146', '1234567890', NULL, NULL),
(2688, 1, '103.247.50.146', '1234567890', NULL, NULL),
(2689, 1, '103.247.50.146', '1234567890', NULL, NULL),
(2690, 1, '103.247.50.146', '1234567890', NULL, NULL),
(2691, 1, '103.247.50.146', '1234567890', NULL, NULL),
(2692, 1, '103.247.50.146', '1234567890', NULL, NULL),
(2693, 1, '103.247.50.146', '1234567890', NULL, NULL),
(2694, 1, '103.247.50.146', '1234567890', NULL, NULL),
(2695, 1, '103.247.50.146', '1234567890', NULL, NULL),
(2696, 1, '103.247.50.146', '1234567890', NULL, NULL),
(2697, 1, '103.247.50.146', '1234567890', NULL, NULL),
(2698, 1, '103.247.50.146', '1234567890', NULL, NULL),
(2699, 1, '103.247.50.146', '1234567890', NULL, NULL),
(2700, 1, '103.247.50.146', '1234567890', NULL, NULL),
(2701, 1, '103.247.50.146', '1234567890', NULL, NULL),
(2702, 1, '103.247.50.146', '1234567890', NULL, NULL),
(2703, 1, '103.247.50.146', '1234567890', NULL, NULL),
(2704, 1, '103.247.50.146', '1234567890', NULL, NULL),
(2705, 1, '103.247.50.146', '1234567890', NULL, NULL),
(2706, 1, '103.247.50.146', '1234567890', NULL, NULL),
(2707, 1, '103.247.50.146', '1234567890', NULL, NULL),
(2708, 1, '103.247.50.146', '1234567890', NULL, NULL),
(2709, 1, '103.247.50.146', '1234567890', NULL, NULL),
(2710, 1, '103.247.50.146', '1234567890', NULL, NULL),
(2711, 1, '103.247.50.146', '1234567890', NULL, NULL),
(2712, 1, '103.247.50.146', '1234567890', NULL, NULL),
(2713, 1, '103.247.50.146', '1234567890', NULL, NULL),
(2714, 1, '103.247.50.146', '1234567890', NULL, NULL),
(2715, 1, '103.247.50.146', '1234567890', NULL, NULL),
(2716, 1, '103.247.50.146', '1234567890', NULL, NULL),
(2717, 1, '103.247.50.146', '1234567890', NULL, NULL),
(2718, 1, '103.247.50.146', '1234567890', NULL, NULL),
(2719, 1, '103.247.50.146', '1234567890', NULL, NULL),
(2720, 1, '103.247.50.146', '1234567890', NULL, NULL),
(2721, 1, '103.247.50.146', '1234567890', NULL, NULL),
(2722, 1, '103.247.50.146', '1234567890', NULL, NULL),
(2723, 1, '103.247.50.146', '1234567890', NULL, NULL),
(2724, 1, '103.247.50.146', '1234567890', NULL, NULL),
(2725, 1, '103.247.50.146', '1234567890', NULL, NULL),
(2726, 1, '103.247.50.146', '1234567890', NULL, NULL),
(2727, 1, '103.247.50.146', '1234567890', NULL, NULL),
(2728, 1, '103.247.50.146', '1234567890', NULL, NULL),
(2729, 1, '103.247.50.146', '1234567890', NULL, NULL),
(2730, 1, '103.247.50.146', '1234567890', NULL, NULL),
(2731, 1, '103.247.50.146', '1234567890', NULL, NULL),
(2732, 1, '103.247.50.146', '1234567890', NULL, NULL),
(2733, 1, '103.247.50.146', '1234567890', NULL, NULL),
(2734, 1, '103.247.50.146', '1234567890', NULL, NULL),
(2735, 1, '103.247.50.146', '1234567890', NULL, NULL),
(2736, 1, '103.247.50.146', '1234567890', NULL, NULL),
(2737, 1, '103.247.50.146', '1234567890', NULL, NULL),
(2738, 1, '103.247.50.146', '1234567890', NULL, NULL),
(2739, 1, '103.247.50.146', '1234567890', NULL, NULL),
(2740, 1, '103.247.50.146', '1234567890', NULL, NULL),
(2741, 1, '103.247.50.146', '1234567890', NULL, NULL),
(2742, 1, '103.247.50.146', '1234567890', NULL, NULL),
(2743, 1, '103.247.50.146', '1234567890', NULL, NULL),
(2744, 1, '103.247.50.146', '1234567890', NULL, NULL),
(2745, 1, '103.247.50.146', '1234567890', NULL, NULL),
(2746, 1, '103.247.50.146', '1234567890', NULL, NULL),
(2747, 1, '103.247.50.146', '1234567890', NULL, NULL),
(2748, 1, '103.247.50.146', '1234567890', NULL, NULL),
(2749, 1, '103.247.50.146', '1234567890', NULL, NULL),
(2750, 1, '103.247.50.146', '1234567890', NULL, NULL),
(2751, 1, '103.247.50.146', '1234567890', NULL, NULL),
(2752, 1, '103.247.50.146', '1234567890', NULL, NULL),
(2753, 1, '103.247.50.146', '1234567890', NULL, NULL),
(2754, 1, '103.247.50.146', '1234567890', NULL, NULL),
(2755, 1, '103.247.50.146', '1234567890', NULL, NULL),
(2756, 1, '103.247.50.146', '1234567890', NULL, NULL),
(2757, 1, '103.247.50.146', '1234567890', NULL, NULL),
(2758, 1, '103.247.50.146', '1234567890', NULL, NULL),
(2759, 1, '103.247.50.146', '1234567890', NULL, NULL),
(2760, 1, '103.247.50.146', '1234567890', NULL, NULL),
(2761, 1, '103.247.50.146', '1234567890', NULL, NULL),
(2762, 1, '103.247.50.146', '1234567890', NULL, NULL),
(2763, 1, '103.247.50.146', '1234567890', NULL, NULL),
(2764, 1, '103.247.50.146', '1234567890', NULL, NULL),
(2765, 1, '103.247.50.146', '1234567890', NULL, NULL),
(2766, 1, '103.247.50.146', '1234567890', NULL, NULL),
(2767, 1, '103.247.50.146', '1234567890', NULL, NULL),
(2768, 1, '103.247.50.146', '1234567890', NULL, NULL),
(2769, 1, '103.247.50.146', '1234567890', NULL, NULL),
(2770, 1, '103.247.50.146', '1234567890', NULL, NULL),
(2771, 1, '103.247.50.146', '1234567890', NULL, NULL),
(2772, 1, '103.247.50.146', '1234567890', NULL, NULL),
(2773, 1, '103.247.50.146', '1234567890', NULL, NULL),
(2774, 1, '103.247.50.146', '1234567890', NULL, NULL),
(2775, 1, '103.247.50.146', '1234567890', NULL, NULL),
(2776, 1, '103.247.50.146', '1234567890', NULL, NULL),
(2777, 1, '103.247.50.146', '1234567890', NULL, NULL),
(2778, 1, '103.247.50.146', '1234567890', NULL, NULL),
(2779, 1, '103.247.50.146', '1234567890', NULL, NULL),
(2780, 1, '103.247.50.146', '1234567890', NULL, NULL),
(2781, 1, '103.247.50.146', '1234567890', NULL, NULL),
(2782, 1, '103.247.50.146', '1234567890', NULL, NULL),
(2783, 1, '103.247.50.146', '1234567890', NULL, NULL),
(2784, 1, '103.247.50.146', '1234567890', NULL, NULL),
(2785, 1, '103.247.50.146', '1234567890', NULL, NULL),
(2786, 1, '103.247.50.146', '1234567890', NULL, NULL),
(2787, 1, '103.247.50.146', '1234567890', NULL, NULL),
(2788, 1, '103.247.50.146', '1234567890', NULL, NULL),
(2789, 1, '103.247.50.146', '1234567890', NULL, NULL),
(2790, 1, '103.247.50.146', '1234567890', NULL, NULL),
(2791, 1, '103.247.50.146', '1234567890', NULL, NULL),
(2792, 1, '103.247.50.146', '1234567890', NULL, NULL),
(2793, 1, '103.247.50.146', '1234567890', NULL, NULL),
(2794, 1, '103.247.50.146', '1234567890', NULL, NULL),
(2795, 1, '103.247.50.146', '1234567890', NULL, NULL),
(2796, 1, '103.247.50.146', '1234567890', NULL, NULL),
(2797, 1, '103.247.50.146', '1234567890', NULL, NULL),
(2798, 1, '103.247.50.146', '1234567890', NULL, NULL),
(2799, 1, '103.247.50.146', '1234567890', NULL, NULL),
(2800, 1, '103.247.50.146', '1234567890', NULL, NULL),
(2801, 1, '103.247.50.146', '1234567890', NULL, NULL),
(2802, 1, '103.247.50.146', '1234567890', NULL, NULL),
(2803, 1, '103.247.50.146', '1234567890', NULL, NULL),
(2804, 1, '103.247.50.146', '1234567890', NULL, NULL),
(2805, 1, '103.247.50.146', '1234567890', NULL, NULL),
(2806, 1, '103.247.50.146', '1234567890', NULL, NULL),
(2807, 1, '103.247.50.146', '1234567890', NULL, NULL),
(2808, 1, '103.247.50.146', '1234567890', NULL, NULL),
(2809, 1, '103.247.50.146', '1234567890', NULL, NULL),
(2810, 1, '103.247.50.146', '1234567890', NULL, NULL),
(2811, 1, '103.247.50.146', '1234567890', NULL, NULL),
(2812, 1, '103.247.50.146', '1234567890', NULL, NULL),
(2813, 1, '103.247.50.146', '1234567890', NULL, NULL),
(2814, 1, '103.247.50.146', '1234567890', NULL, NULL),
(2815, 1, '103.247.50.146', '1234567890', NULL, NULL),
(2816, 1, '103.247.50.146', '1234567890', NULL, NULL),
(2817, 1, '103.247.50.146', '1234567890', NULL, NULL),
(2818, 1, '103.247.50.146', '1234567890', NULL, NULL),
(2819, 1, '103.247.50.146', '1234567890', NULL, NULL),
(2820, 1, '103.247.50.146', '1234567890', NULL, NULL),
(2821, 1, '103.247.50.146', '1234567890', NULL, NULL),
(2822, 1, '103.247.50.146', '1234567890', NULL, NULL),
(2823, 1, '103.247.50.146', '1234567890', NULL, NULL),
(2824, 1, '103.247.50.146', '1234567890', NULL, NULL),
(2825, 1, '103.247.50.146', '1234567890', NULL, NULL),
(2826, 1, '103.247.50.146', '1234567890', NULL, NULL),
(2827, 1, '103.247.50.146', '1234567890', NULL, NULL),
(2828, 1, '103.247.50.146', '1234567890', NULL, NULL),
(2829, 1, '103.247.50.146', '1234567890', NULL, NULL),
(2830, 1, '103.247.50.146', '1234567890', NULL, NULL),
(2831, 1, '103.247.50.146', '1234567890', NULL, NULL),
(2832, 1, '103.247.50.146', '1234567890', NULL, NULL),
(2833, 1, '103.247.50.146', '1234567890', NULL, NULL),
(2834, 1, '103.247.50.146', '1234567890', NULL, NULL),
(2835, 1, '103.247.50.146', '1234567890', NULL, NULL),
(2836, 1, '103.247.50.146', '1234567890', NULL, NULL),
(2837, 1, '103.247.50.146', '1234567890', NULL, NULL),
(2838, 1, '103.247.50.146', '1234567890', NULL, NULL),
(2839, 1, '103.247.50.146', '1234567890', NULL, NULL),
(2840, 1, '103.247.50.146', '1234567890', NULL, NULL),
(2841, 1, '103.247.50.146', '1234567890', NULL, NULL),
(2842, 1, '103.247.50.146', '1234567890', NULL, NULL),
(2843, 1, '103.247.50.146', '1234567890', NULL, NULL),
(2844, 1, '103.247.50.146', '1234567890', NULL, NULL),
(2845, 1, '103.247.50.146', '1234567890', NULL, NULL),
(2846, 1, '103.247.50.146', '1234567890', NULL, NULL);
INSERT INTO `heartbeat` (`id`, `systems`, `ip`, `description`, `regtime`, `status`) VALUES
(2847, 1, '103.247.50.146', '1234567890', NULL, NULL),
(2848, 1, '103.247.50.146', '1234567890', NULL, NULL),
(2849, 1, '103.247.50.146', '1234567890', NULL, NULL),
(2850, 1, '103.247.50.146', '1234567890', NULL, NULL),
(2851, 1, '103.247.50.146', '1234567890', NULL, NULL),
(2852, 1, '103.247.50.146', '1234567890', NULL, NULL),
(2853, 1, '103.247.50.146', '1234567890', NULL, NULL),
(2854, 1, '103.247.50.146', '1234567890', NULL, NULL),
(2855, 1, '103.247.50.146', '1234567890', NULL, NULL),
(2856, 1, '103.247.50.146', '1234567890', NULL, NULL),
(2857, 1, '103.247.50.146', '1234567890', NULL, NULL),
(2858, 1, '103.247.50.146', '1234567890', NULL, NULL),
(2859, 1, '103.247.50.146', '1234567890', NULL, NULL),
(2860, 1, '103.247.50.146', '1234567890', NULL, NULL),
(2861, 1, '103.247.50.146', '1234567890', NULL, NULL),
(2862, 1, '103.247.50.146', '1234567890', NULL, NULL),
(2863, 1, '103.247.50.146', '1234567890', NULL, NULL),
(2864, 1, '103.247.50.146', '1234567890', NULL, NULL),
(2865, 1, '103.247.50.146', '1234567890', NULL, NULL),
(2866, 1, '103.247.50.146', '1234567890', NULL, NULL),
(2867, 1, '103.247.50.146', '1234567890', NULL, NULL),
(2868, 1, '103.247.50.146', '1234567890', NULL, NULL),
(2869, 1, '103.247.50.146', '1234567890', NULL, NULL),
(2870, 1, '103.247.50.146', '1234567890', NULL, NULL),
(2871, 1, '103.247.50.146', '1234567890', NULL, NULL),
(2872, 1, '103.247.50.146', '1234567890', NULL, NULL),
(2873, 1, '103.247.50.146', '1234567890', NULL, NULL),
(2874, 1, '103.247.50.146', '1234567890', NULL, NULL),
(2875, 1, '103.247.50.146', '1234567890', NULL, NULL),
(2876, 1, '103.247.50.146', '1234567890', NULL, NULL),
(2877, 1, '103.247.50.146', '1234567890', NULL, NULL),
(2878, 1, '103.247.50.146', '1234567890', NULL, NULL),
(2879, 1, '103.247.50.146', '1234567890', NULL, NULL),
(2880, 1, '103.247.50.146', '1234567890', NULL, NULL),
(2881, 1, '103.247.50.146', '1234567890', NULL, NULL),
(2882, 1, '103.247.50.146', '1234567890', NULL, NULL),
(2883, 1, '103.247.50.146', '1234567890', NULL, NULL),
(2884, 1, '103.247.50.146', '1234567890', NULL, NULL),
(2885, 1, '103.247.50.146', '1234567890', NULL, NULL),
(2886, 1, '103.247.50.146', '1234567890', NULL, NULL),
(2887, 1, '103.247.50.146', '1234567890', NULL, NULL),
(2888, 1, '103.247.50.146', '1234567890', NULL, NULL),
(2889, 1, '103.247.50.146', '1234567890', NULL, NULL),
(2890, 1, '103.247.50.146', '1234567890', NULL, NULL),
(2891, 1, '103.247.50.146', '1234567890', NULL, NULL),
(2892, 1, '103.247.50.146', '1234567890', NULL, NULL),
(2893, 1, '103.247.50.146', '1234567890', NULL, NULL),
(2894, 1, '103.247.50.146', '1234567890', NULL, NULL),
(2895, 1, '103.247.50.146', '1234567890', NULL, NULL),
(2896, 1, '103.247.50.146', '1234567890', NULL, NULL),
(2897, 1, '103.247.50.146', '1234567890', NULL, NULL),
(2898, 1, '103.247.50.146', '1234567890', NULL, NULL),
(2899, 1, '103.247.50.146', '1234567890', NULL, NULL),
(2900, 1, '103.247.50.146', '1234567890', NULL, NULL),
(2901, 1, '103.247.50.146', '1234567890', NULL, NULL),
(2902, 1, '103.247.50.146', '1234567890', NULL, NULL),
(2903, 1, '103.247.50.146', '1234567890', NULL, NULL),
(2904, 1, '103.247.50.146', '1234567890', NULL, NULL),
(2905, 1, '103.247.50.146', '1234567890', NULL, NULL),
(2906, 1, '103.247.50.146', '1234567890', NULL, NULL),
(2907, 1, '103.247.50.146', '1234567890', NULL, NULL),
(2908, 1, '103.247.50.146', '1234567890', NULL, NULL),
(2909, 1, '103.247.50.146', '1234567890', NULL, NULL),
(2910, 1, '103.247.50.146', '1234567890', NULL, NULL),
(2911, 1, '103.247.50.146', '1234567890', NULL, NULL),
(2912, 1, '103.247.50.146', '1234567890', NULL, NULL),
(2913, 1, '103.247.50.146', '1234567890', NULL, NULL),
(2914, 1, '103.247.50.146', '1234567890', NULL, NULL),
(2915, 1, '103.247.50.146', '1234567890', NULL, NULL),
(2916, 1, '103.247.50.146', '1234567890', NULL, NULL),
(2917, 1, '103.247.50.146', '1234567890', NULL, NULL),
(2918, 1, '103.247.50.146', '1234567890', NULL, NULL),
(2919, 1, '103.247.50.146', '1234567890', NULL, NULL),
(2920, 1, '103.247.50.146', '1234567890', NULL, NULL),
(2921, 1, '103.247.50.146', '1234567890', NULL, NULL),
(2922, 1, '103.247.50.146', '1234567890', NULL, NULL),
(2923, 1, '103.247.50.146', '1234567890', NULL, NULL),
(2924, 1, '103.247.50.146', '1234567890', NULL, NULL),
(2925, 1, '103.247.50.146', '1234567890', NULL, NULL),
(2926, 1, '103.247.50.146', '1234567890', NULL, NULL),
(2927, 1, '103.247.50.146', '1234567890', NULL, NULL),
(2928, 1, '103.247.50.146', '1234567890', NULL, NULL),
(2929, 1, '103.247.50.146', '1234567890', NULL, NULL),
(2930, 1, '103.247.50.146', '1234567890', NULL, NULL),
(2931, 1, '103.247.50.146', '1234567890', NULL, NULL),
(2932, 1, '103.247.50.150', '1234567890', NULL, NULL),
(2933, 1, '103.247.50.150', '1234567890', NULL, NULL),
(2934, 1, '103.247.50.150', '1234567890', NULL, NULL),
(2935, 1, '103.247.50.150', '1234567890', NULL, NULL),
(2936, 1, '103.247.50.150', '1234567890', NULL, NULL),
(2937, 1, '103.247.50.150', '1234567890', NULL, NULL),
(2938, 1, '103.247.50.150', '1234567890', NULL, NULL),
(2939, 1, '103.247.50.150', '1234567890', NULL, NULL),
(2940, 1, '103.247.50.150', '1234567890', NULL, NULL),
(2941, 1, '103.247.50.150', '1234567890', NULL, NULL),
(2942, 1, '103.247.50.150', '1234567890', NULL, NULL),
(2943, 1, '103.247.50.150', '1234567890', NULL, NULL),
(2944, 1, '103.247.50.150', '1234567890', NULL, NULL),
(2945, 1, '103.247.50.150', '1234567890', NULL, NULL),
(2946, 1, '103.247.50.150', '1234567890', NULL, NULL),
(2947, 1, '103.247.50.150', '1234567890', NULL, NULL),
(2948, 1, '103.247.50.150', '1234567890', NULL, NULL),
(2949, 1, '103.247.50.150', '1234567890', NULL, NULL),
(2950, 1, '103.247.50.150', '1234567890', NULL, NULL),
(2951, 1, '103.247.50.150', '1234567890', NULL, NULL),
(2952, 1, '103.247.50.150', '1234567890', NULL, NULL),
(2953, 1, '103.247.50.150', '1234567890', NULL, NULL),
(2954, 1, '103.247.50.150', '1234567890', NULL, NULL),
(2955, 1, '103.247.50.150', '1234567890', NULL, NULL),
(2956, 1, '103.247.50.150', '1234567890', NULL, NULL),
(2957, 1, '103.247.50.150', '1234567890', NULL, NULL),
(2958, 1, '103.247.50.150', '1234567890', NULL, NULL),
(2959, 1, '103.247.50.150', '1234567890', NULL, NULL),
(2960, 1, '103.247.50.150', '1234567890', NULL, NULL),
(2961, 1, '103.247.50.150', '1234567890', NULL, NULL),
(2962, 1, '103.247.50.150', '1234567890', NULL, NULL),
(2963, 1, '103.247.50.150', '1234567890', NULL, NULL),
(2964, 1, '103.247.50.150', '1234567890', NULL, NULL),
(2965, 1, '103.247.50.150', '1234567890', NULL, NULL),
(2966, 1, '103.247.50.150', '1234567890', NULL, NULL),
(2967, 1, '103.247.50.150', '1234567890', NULL, NULL),
(2968, 1, '103.247.50.150', '1234567890', NULL, NULL),
(2969, 1, '103.247.50.150', '1234567890', NULL, NULL),
(2970, 1, '103.247.50.150', '1234567890', NULL, NULL),
(2971, 1, '103.247.50.150', '1234567890', NULL, NULL),
(2972, 1, '103.247.50.150', '1234567890', NULL, NULL),
(2973, 1, '103.247.50.150', '1234567890', NULL, NULL),
(2974, 1, '103.247.50.150', '1234567890', NULL, NULL),
(2975, 1, '103.247.50.150', '1234567890', NULL, NULL),
(2976, 1, '103.247.50.150', '1234567890', NULL, NULL),
(2977, 1, '103.247.50.150', '1234567890', NULL, NULL),
(2978, 1, '103.247.50.150', '1234567890', NULL, NULL),
(2979, 1, '103.247.50.150', '1234567890', NULL, NULL),
(2980, 1, '103.247.50.150', '1234567890', NULL, NULL),
(2981, 1, '103.247.50.150', '1234567890', NULL, NULL),
(2982, 1, '103.247.50.150', '1234567890', NULL, NULL),
(2983, 1, '103.247.50.150', '1234567890', NULL, NULL),
(2984, 1, '103.247.50.150', '1234567890', NULL, NULL),
(2985, 1, '103.247.50.150', '1234567890', NULL, NULL),
(2986, 1, '103.247.50.150', '1234567890', NULL, NULL),
(2987, 1, '103.247.50.150', '1234567890', NULL, NULL),
(2988, 1, '103.247.50.150', '1234567890', NULL, NULL),
(2989, 1, '103.247.50.150', '1234567890', NULL, NULL),
(2990, 1, '103.247.50.150', '1234567890', NULL, NULL),
(2991, 1, '103.247.50.150', '1234567890', NULL, NULL),
(2992, 1, '103.247.50.150', '1234567890', NULL, NULL),
(2993, 1, '103.247.50.150', '1234567890', NULL, NULL),
(2994, 1, '103.247.50.150', '1234567890', NULL, NULL),
(2995, 1, '103.247.50.150', '1234567890', NULL, NULL),
(2996, 1, '103.247.50.150', '1234567890', NULL, NULL),
(2997, 1, '103.247.50.150', '1234567890', NULL, NULL),
(2998, 1, '103.247.50.150', '1234567890', NULL, NULL),
(2999, 1, '103.247.50.150', '1234567890', NULL, NULL),
(3000, 1, '103.247.50.150', '1234567890', NULL, NULL),
(3001, 1, '103.247.50.150', '1234567890', NULL, NULL),
(3002, 1, '103.247.50.150', '1234567890', NULL, NULL),
(3003, 1, '103.247.50.150', '1234567890', NULL, NULL),
(3004, 1, '103.247.50.150', '1234567890', NULL, NULL),
(3005, 1, '103.247.50.150', '1234567890', NULL, NULL),
(3006, 1, '103.247.50.150', '1234567890', NULL, NULL),
(3007, 1, '103.247.50.150', '1234567890', NULL, NULL),
(3008, 1, '103.247.50.150', '1234567890', NULL, NULL),
(3009, 1, '103.247.50.150', '1234567890', NULL, NULL),
(3010, 1, '103.247.50.150', '1234567890', NULL, NULL),
(3011, 1, '103.247.50.150', '1234567890', NULL, NULL),
(3012, 1, '103.247.50.150', '1234567890', NULL, NULL),
(3013, 1, '103.247.50.150', '1234567890', NULL, NULL),
(3014, 1, '103.247.50.150', '1234567890', NULL, NULL),
(3015, 1, '103.247.50.150', '1234567890', NULL, NULL),
(3016, 1, '103.247.50.150', '1234567890', NULL, NULL),
(3017, 1, '103.247.50.150', '1234567890', NULL, NULL),
(3018, 1, '103.247.50.150', '1234567890', NULL, NULL),
(3019, 1, '103.247.50.150', '1234567890', NULL, NULL),
(3020, 1, '103.247.50.150', '1234567890', NULL, NULL),
(3021, 1, '103.247.50.150', '1234567890', NULL, NULL),
(3022, 1, '103.247.50.150', '1234567890', NULL, NULL),
(3023, 1, '103.247.50.150', '1234567890', NULL, NULL),
(3024, 1, '103.247.50.150', '1234567890', NULL, NULL),
(3025, 1, '103.247.50.150', '1234567890', NULL, NULL),
(3026, 1, '103.247.50.150', '1234567890', NULL, NULL),
(3027, 1, '103.247.50.150', '1234567890', NULL, NULL),
(3028, 1, '103.247.50.150', '1234567890', NULL, NULL),
(3029, 1, '103.247.50.150', '1234567890', NULL, NULL),
(3030, 1, '103.247.50.150', '1234567890', NULL, NULL),
(3031, 1, '103.247.50.150', '1234567890', NULL, NULL),
(3032, 1, '103.247.50.150', '1234567890', NULL, NULL),
(3033, 1, '103.247.50.150', '1234567890', NULL, NULL),
(3034, 1, '103.247.50.150', '1234567890', NULL, NULL),
(3035, 1, '103.247.50.150', '1234567890', NULL, NULL),
(3036, 1, '103.247.50.150', '1234567890', NULL, NULL),
(3037, 1, '103.247.50.150', '1234567890', NULL, NULL),
(3038, 1, '103.247.50.150', '1234567890', NULL, NULL),
(3039, 1, '103.247.50.150', '1234567890', NULL, NULL),
(3040, 1, '103.247.50.150', '1234567890', NULL, NULL),
(3041, 1, '103.247.50.150', '1234567890', NULL, NULL),
(3042, 1, '103.247.50.150', '1234567890', NULL, NULL),
(3043, 1, '103.247.50.150', '1234567890', NULL, NULL),
(3044, 1, '103.247.50.150', '1234567890', NULL, NULL),
(3045, 1, '103.247.50.150', '1234567890', NULL, NULL),
(3046, 1, '103.247.50.150', '1234567890', NULL, NULL),
(3047, 1, '103.247.50.150', '1234567890', NULL, NULL),
(3048, 1, '103.247.50.150', '1234567890', NULL, NULL),
(3049, 1, '103.247.50.150', '1234567890', NULL, NULL),
(3050, 1, '103.247.50.150', '1234567890', NULL, NULL),
(3051, 1, '103.247.50.150', '1234567890', NULL, NULL),
(3052, 1, '103.247.50.150', '1234567890', NULL, NULL),
(3053, 1, '103.247.50.150', '1234567890', NULL, NULL),
(3054, 1, '103.247.50.150', '1234567890', NULL, NULL),
(3055, 1, '103.247.50.150', '1234567890', NULL, NULL),
(3056, 1, '103.247.50.150', '1234567890', NULL, NULL),
(3057, 1, '103.247.50.150', '1234567890', NULL, NULL),
(3058, 1, '103.247.50.150', '1234567890', NULL, NULL),
(3059, 1, '103.247.50.150', '1234567890', NULL, NULL),
(3060, 1, '103.247.50.150', '1234567890', NULL, NULL),
(3061, 1, '103.247.50.150', '1234567890', NULL, NULL),
(3062, 1, '103.247.50.150', '1234567890', NULL, NULL),
(3063, 1, '103.247.50.150', '1234567890', NULL, NULL),
(3064, 1, '103.247.50.150', '1234567890', NULL, NULL),
(3065, 1, '103.247.50.150', '1234567890', NULL, NULL),
(3066, 1, '103.247.50.150', '1234567890', NULL, NULL),
(3067, 1, '103.247.50.150', '1234567890', NULL, NULL),
(3068, 1, '103.247.50.150', '1234567890', NULL, NULL),
(3069, 1, '103.247.50.150', '1234567890', NULL, NULL),
(3070, 1, '103.247.50.150', '1234567890', NULL, NULL),
(3071, 1, '103.247.50.150', '1234567890', NULL, NULL),
(3072, 1, '103.247.50.150', '1234567890', NULL, NULL),
(3073, 1, '103.247.50.150', '1234567890', NULL, NULL),
(3074, 1, '103.247.50.150', '1234567890', NULL, NULL),
(3075, 1, '103.247.50.150', '1234567890', NULL, NULL),
(3076, 1, '103.247.50.150', '1234567890', NULL, NULL),
(3077, 1, '103.247.50.150', '1234567890', NULL, NULL),
(3078, 1, '103.247.50.150', '1234567890', NULL, NULL),
(3079, 1, '103.247.50.150', '1234567890', NULL, NULL),
(3080, 1, '103.247.50.150', '1234567890', NULL, NULL),
(3081, 1, '103.247.50.150', '1234567890', NULL, NULL),
(3082, 1, '103.247.50.150', '1234567890', NULL, NULL),
(3083, 1, '103.247.50.150', '1234567890', NULL, NULL),
(3084, 1, '103.247.50.150', '1234567890', NULL, NULL),
(3085, 1, '103.247.50.150', '1234567890', NULL, NULL),
(3086, 1, '103.247.50.150', '1234567890', NULL, NULL),
(3087, 1, '103.247.50.150', '1234567890', NULL, NULL),
(3088, 1, '103.247.50.150', '1234567890', NULL, NULL),
(3089, 1, '103.247.50.150', '1234567890', NULL, NULL),
(3090, 1, '103.247.50.150', '1234567890', NULL, NULL),
(3091, 1, '103.247.50.150', '1234567890', NULL, NULL),
(3092, 1, '103.247.50.150', '1234567890', NULL, NULL),
(3093, 1, '103.247.50.150', '1234567890', NULL, NULL),
(3094, 1, '103.247.50.150', '1234567890', NULL, NULL),
(3095, 1, '103.247.50.150', '1234567890', NULL, NULL),
(3096, 1, '103.247.50.150', '1234567890', NULL, NULL),
(3097, 1, '103.247.50.150', '1234567890', NULL, NULL),
(3098, 1, '103.247.50.150', '1234567890', NULL, NULL),
(3099, 1, '103.247.50.150', '1234567890', NULL, NULL),
(3100, 1, '103.247.50.150', '1234567890', NULL, NULL),
(3101, 1, '103.247.50.150', '1234567890', NULL, NULL),
(3102, 1, '103.247.50.150', '1234567890', NULL, NULL),
(3103, 1, '103.247.50.150', '1234567890', NULL, NULL),
(3104, 1, '103.247.50.150', '1234567890', NULL, NULL),
(3105, 1, '103.247.50.150', '1234567890', NULL, NULL),
(3106, 1, '103.247.50.150', '1234567890', NULL, NULL),
(3107, 1, '103.247.50.150', '1234567890', NULL, NULL),
(3108, 1, '103.247.50.150', '1234567890', NULL, NULL),
(3109, 1, '103.247.50.150', '1234567890', NULL, NULL),
(3110, 1, '103.247.50.150', '1234567890', NULL, NULL),
(3111, 1, '103.247.50.150', '1234567890', NULL, NULL),
(3112, 1, '103.247.50.150', '1234567890', NULL, NULL),
(3113, 1, '103.247.50.150', '1234567890', NULL, NULL),
(3114, 1, '103.247.50.150', '1234567890', NULL, NULL),
(3115, 1, '103.247.50.150', '1234567890', NULL, NULL),
(3116, 1, '103.247.50.150', '1234567890', NULL, NULL),
(3117, 1, '103.247.50.150', '1234567890', NULL, NULL),
(3118, 1, '103.247.50.150', '1234567890', NULL, NULL),
(3119, 1, '103.247.50.150', '1234567890', NULL, NULL),
(3120, 1, '103.247.50.150', '1234567890', NULL, NULL),
(3121, 1, '103.247.50.150', '1234567890', NULL, NULL),
(3122, 1, '103.247.50.150', '1234567890', NULL, NULL),
(3123, 1, '103.247.50.150', '1234567890', NULL, NULL),
(3124, 1, '103.247.50.150', '1234567890', NULL, NULL),
(3125, 1, '103.247.50.150', '1234567890', NULL, NULL),
(3126, 1, '103.247.50.150', '1234567890', NULL, NULL),
(3127, 1, '103.247.50.150', '1234567890', NULL, NULL),
(3128, 1, '103.247.50.150', '1234567890', NULL, NULL),
(3129, 1, '103.247.50.150', '1234567890', NULL, NULL),
(3130, 1, '103.247.50.150', '1234567890', NULL, NULL),
(3131, 1, '103.247.50.150', '1234567890', NULL, NULL),
(3132, 1, '103.247.50.150', '1234567890', NULL, NULL),
(3133, 1, '103.247.50.150', '1234567890', NULL, NULL),
(3134, 1, '103.247.50.150', '1234567890', NULL, NULL),
(3135, 1, '103.247.50.150', '1234567890', NULL, NULL),
(3136, 1, '103.247.50.150', '1234567890', NULL, NULL),
(3137, 1, '103.247.50.150', '1234567890', NULL, NULL),
(3138, 1, '103.247.50.150', '1234567890', NULL, NULL),
(3139, 1, '103.247.50.150', '1234567890', NULL, NULL),
(3140, 1, '103.247.50.150', '1234567890', NULL, NULL),
(3141, 1, '103.247.50.150', '1234567890', NULL, NULL),
(3142, 1, '103.247.50.150', '1234567890', NULL, NULL),
(3143, 1, '103.247.50.150', '1234567890', NULL, NULL),
(3144, 1, '103.247.50.150', '1234567890', NULL, NULL),
(3145, 1, '103.247.50.150', '1234567890', NULL, NULL),
(3146, 1, '103.247.50.150', '1234567890', NULL, NULL),
(3147, 1, '103.247.50.150', '1234567890', NULL, NULL),
(3148, 1, '103.247.50.150', '1234567890', NULL, NULL),
(3149, 1, '103.247.50.150', '1234567890', NULL, NULL),
(3150, 1, '103.247.50.150', '1234567890', NULL, NULL),
(3151, 1, '103.247.50.150', '1234567890', NULL, NULL),
(3152, 1, '103.247.50.150', '1234567890', NULL, NULL),
(3153, 1, '103.247.50.150', '1234567890', NULL, NULL),
(3154, 1, '103.247.50.150', '1234567890', NULL, NULL),
(3155, 1, '103.247.50.150', '1234567890', NULL, NULL),
(3156, 1, '103.247.50.150', '1234567890', NULL, NULL),
(3157, 1, '103.247.50.150', '1234567890', NULL, NULL),
(3158, 1, '103.247.50.150', '1234567890', NULL, NULL),
(3159, 1, '103.247.50.150', '1234567890', NULL, NULL),
(3160, 1, '103.247.50.150', '1234567890', NULL, NULL),
(3161, 1, '103.247.50.150', '1234567890', NULL, NULL),
(3162, 1, '103.247.50.150', '1234567890', NULL, NULL),
(3163, 1, '103.247.50.150', '1234567890', NULL, NULL),
(3164, 1, '103.247.50.150', '1234567890', NULL, NULL),
(3165, 1, '103.247.50.150', '1234567890', NULL, NULL),
(3166, 1, '103.247.50.150', '1234567890', NULL, NULL),
(3167, 1, '103.247.50.150', '1234567890', NULL, NULL),
(3168, 1, '103.247.50.150', '1234567890', NULL, NULL),
(3169, 1, '103.247.50.150', '1234567890', NULL, NULL),
(3170, 1, '103.247.50.150', '1234567890', NULL, NULL),
(3171, 1, '103.247.50.150', '1234567890', NULL, NULL),
(3172, 1, '103.247.50.150', '1234567890', NULL, NULL),
(3173, 1, '103.247.50.150', '1234567890', NULL, NULL),
(3174, 1, '103.247.50.150', '1234567890', NULL, NULL),
(3175, 1, '103.247.50.150', '1234567890', NULL, NULL),
(3176, 1, '103.247.50.150', '1234567890', NULL, NULL),
(3177, 1, '103.247.50.150', '1234567890', NULL, NULL),
(3178, 1, '103.247.50.150', '1234567890', NULL, NULL),
(3179, 1, '103.247.50.150', '1234567890', NULL, NULL),
(3180, 1, '103.247.50.150', '1234567890', NULL, NULL),
(3181, 1, '103.247.50.150', '1234567890', NULL, NULL),
(3182, 1, '103.247.50.150', '1234567890', NULL, NULL),
(3183, 1, '103.247.50.150', '1234567890', NULL, NULL),
(3184, 1, '103.247.50.150', '1234567890', NULL, NULL),
(3185, 1, '103.247.50.150', '1234567890', NULL, NULL),
(3186, 1, '103.247.50.150', '1234567890', NULL, NULL),
(3187, 1, '103.247.50.150', '1234567890', NULL, NULL),
(3188, 1, '103.247.50.150', '1234567890', NULL, NULL),
(3189, 1, '103.247.50.150', '1234567890', NULL, NULL),
(3190, 1, '103.247.50.150', '1234567890', NULL, NULL),
(3191, 1, '103.247.50.150', '1234567890', NULL, NULL),
(3192, 1, '103.247.50.150', '1234567890', NULL, NULL),
(3193, 1, '103.247.50.150', '1234567890', NULL, NULL),
(3194, 1, '103.247.50.150', '1234567890', NULL, NULL),
(3195, 1, '103.247.50.150', '1234567890', NULL, NULL),
(3196, 1, '103.247.50.150', '1234567890', NULL, NULL),
(3197, 1, '103.247.50.150', '1234567890', NULL, NULL),
(3198, 1, '103.247.50.150', '1234567890', NULL, NULL),
(3199, 1, '103.247.50.150', '1234567890', NULL, NULL),
(3200, 1, '103.247.50.150', '1234567890', NULL, NULL),
(3201, 1, '103.247.50.150', '1234567890', NULL, NULL),
(3202, 1, '103.247.50.150', '1234567890', NULL, NULL),
(3203, 1, '103.247.50.150', '1234567890', NULL, NULL),
(3204, 1, '103.247.50.150', '1234567890', NULL, NULL),
(3205, 1, '103.247.50.150', '1234567890', NULL, NULL),
(3206, 1, '103.247.50.150', '1234567890', NULL, NULL),
(3207, 1, '103.247.50.150', '1234567890', NULL, NULL),
(3208, 1, '103.247.50.150', '1234567890', NULL, NULL),
(3209, 1, '103.247.50.150', '1234567890', NULL, NULL),
(3210, 1, '103.247.50.150', '1234567890', NULL, NULL),
(3211, 1, '103.247.50.150', '1234567890', NULL, NULL),
(3212, 1, '103.247.50.150', '1234567890', NULL, NULL),
(3213, 1, '103.247.50.150', '1234567890', NULL, NULL),
(3214, 1, '103.247.50.150', '1234567890', NULL, NULL),
(3215, 1, '103.247.50.150', '1234567890', NULL, NULL),
(3216, 1, '103.247.50.150', '1234567890', NULL, NULL),
(3217, 1, '103.247.50.150', '1234567890', NULL, NULL),
(3218, 1, '103.247.50.150', '1234567890', NULL, NULL),
(3219, 1, '103.247.50.150', '1234567890', NULL, NULL),
(3220, 1, '103.247.50.150', '1234567890', NULL, NULL),
(3221, 1, '103.247.50.150', '1234567890', NULL, NULL),
(3222, 1, '103.247.50.150', '1234567890', NULL, NULL),
(3223, 1, '103.247.50.150', '1234567890', NULL, NULL),
(3224, 1, '103.247.50.150', '1234567890', NULL, NULL),
(3225, 1, '103.247.50.150', '1234567890', NULL, NULL),
(3226, 1, '103.247.50.150', '1234567890', NULL, NULL),
(3227, 1, '103.247.50.150', '1234567890', NULL, NULL),
(3228, 1, '103.247.50.150', '1234567890', NULL, NULL),
(3229, 1, '103.247.50.150', '1234567890', NULL, NULL),
(3230, 1, '103.247.50.150', '1234567890', NULL, NULL),
(3231, 1, '103.247.50.150', '1234567890', NULL, NULL),
(3232, 1, '103.247.50.150', '1234567890', NULL, NULL),
(3233, 1, '103.247.50.150', '1234567890', NULL, NULL),
(3234, 1, '103.247.50.150', '1234567890', NULL, NULL),
(3235, 1, '103.247.50.150', '1234567890', NULL, NULL),
(3236, 1, '103.247.50.150', '1234567890', NULL, NULL),
(3237, 1, '103.247.50.150', '1234567890', NULL, NULL),
(3238, 1, '103.247.50.150', '1234567890', NULL, NULL),
(3239, 1, '103.247.50.150', '1234567890', NULL, NULL),
(3240, 1, '103.247.50.150', '1234567890', NULL, NULL),
(3241, 1, '103.247.50.150', '1234567890', NULL, NULL),
(3242, 1, '103.247.50.150', '1234567890', NULL, NULL),
(3243, 1, '103.247.50.150', '1234567890', NULL, NULL),
(3244, 1, '103.247.50.150', '1234567890', NULL, NULL),
(3245, 1, '103.247.50.150', '1234567890', NULL, NULL),
(3246, 1, '103.247.50.150', '1234567890', NULL, NULL),
(3247, 1, '103.247.50.150', '1234567890', NULL, NULL),
(3248, 1, '103.247.50.150', '1234567890', NULL, NULL),
(3249, 1, '103.247.50.150', '1234567890', NULL, NULL),
(3250, 1, '103.247.50.150', '1234567890', NULL, NULL),
(3251, 1, '103.247.50.150', '1234567890', NULL, NULL),
(3252, 1, '103.247.50.150', '1234567890', NULL, NULL),
(3253, 1, '103.247.50.150', '1234567890', NULL, NULL),
(3254, 1, '103.247.50.150', '1234567890', NULL, NULL),
(3255, 1, '103.247.50.150', '1234567890', NULL, NULL),
(3256, 1, '103.247.50.150', '1234567890', NULL, NULL),
(3257, 1, '103.247.50.150', '1234567890', NULL, NULL),
(3258, 1, '103.247.50.150', '1234567890', NULL, NULL),
(3259, 1, '103.247.50.150', '1234567890', NULL, NULL),
(3260, 1, '103.247.50.150', '1234567890', NULL, NULL),
(3261, 1, '103.247.50.150', '1234567890', NULL, NULL),
(3262, 1, '103.247.50.150', '1234567890', NULL, NULL),
(3263, 1, '103.247.50.150', '1234567890', NULL, NULL),
(3264, 1, '103.247.50.150', '1234567890', NULL, NULL),
(3265, 1, '103.247.50.150', '1234567890', NULL, NULL),
(3266, 1, '103.247.50.150', '1234567890', NULL, NULL),
(3267, 1, '103.247.50.150', '1234567890', NULL, NULL),
(3268, 1, '103.247.50.150', '1234567890', NULL, NULL),
(3269, 1, '103.247.50.150', '1234567890', NULL, NULL),
(3270, 1, '103.247.50.150', '1234567890', NULL, NULL),
(3271, 1, '103.247.50.150', '1234567890', NULL, NULL),
(3272, 1, '103.247.50.150', '1234567890', NULL, NULL),
(3273, 1, '103.247.50.150', '1234567890', NULL, NULL),
(3274, 1, '103.247.50.150', '1234567890', NULL, NULL),
(3275, 1, '103.247.50.150', '1234567890', NULL, NULL),
(3276, 1, '103.247.50.150', '1234567890', NULL, NULL),
(3277, 1, '103.247.50.150', '1234567890', NULL, NULL),
(3278, 1, '103.247.50.150', '1234567890', NULL, NULL),
(3279, 1, '103.247.50.150', '1234567890', NULL, NULL),
(3280, 1, '103.247.50.150', '1234567890', NULL, NULL),
(3281, 1, '103.247.50.150', '1234567890', NULL, NULL),
(3282, 1, '103.247.50.150', '1234567890', NULL, NULL),
(3283, 1, '103.247.50.150', '1234567890', NULL, NULL),
(3284, 1, '103.247.50.150', '1234567890', NULL, NULL),
(3285, 1, '103.247.50.150', '1234567890', NULL, NULL),
(3286, 1, '103.247.50.150', '1234567890', NULL, NULL),
(3287, 1, '103.247.50.150', '1234567890', NULL, NULL),
(3288, 1, '103.247.50.150', '1234567890', NULL, NULL),
(3289, 1, '103.247.50.150', '1234567890', NULL, NULL),
(3290, 1, '103.247.50.150', '1234567890', NULL, NULL),
(3291, 1, '103.247.50.150', '1234567890', NULL, NULL),
(3292, 1, '103.247.50.150', '1234567890', NULL, NULL),
(3293, 1, '103.247.50.150', '1234567890', NULL, NULL),
(3294, 1, '103.247.50.150', '1234567890', NULL, NULL),
(3295, 1, '103.247.50.150', '1234567890', NULL, NULL),
(3296, 1, '103.247.50.150', '1234567890', NULL, NULL),
(3297, 1, '103.247.50.150', '1234567890', NULL, NULL),
(3298, 1, '103.247.50.150', '1234567890', NULL, NULL),
(3299, 1, '103.247.50.150', '1234567890', NULL, NULL),
(3300, 1, '103.247.50.150', '1234567890', NULL, NULL),
(3301, 1, '103.247.50.150', '1234567890', NULL, NULL),
(3302, 1, '103.247.50.150', '1234567890', NULL, NULL),
(3303, 1, '103.247.50.150', '1234567890', NULL, NULL),
(3304, 1, '103.247.50.150', '1234567890', NULL, NULL),
(3305, 1, '103.247.50.150', '1234567890', NULL, NULL),
(3306, 1, '103.247.50.150', '1234567890', NULL, NULL),
(3307, 1, '103.247.50.150', '1234567890', NULL, NULL),
(3308, 1, '103.247.50.150', '1234567890', NULL, NULL),
(3309, 1, '103.247.50.150', '1234567890', NULL, NULL),
(3310, 1, '103.247.50.150', '1234567890', NULL, NULL),
(3311, 1, '103.247.50.150', '1234567890', NULL, NULL),
(3312, 1, '103.247.50.150', '1234567890', NULL, NULL),
(3313, 1, '103.247.50.150', '1234567890', NULL, NULL),
(3314, 1, '103.247.50.150', '1234567890', NULL, NULL),
(3315, 1, '103.247.50.150', '1234567890', NULL, NULL),
(3316, 1, '103.247.50.150', '1234567890', NULL, NULL),
(3317, 1, '103.247.50.150', '1234567890', NULL, NULL),
(3318, 1, '103.247.50.150', '1234567890', NULL, NULL),
(3319, 1, '103.247.50.150', '1234567890', NULL, NULL),
(3320, 1, '103.247.50.150', '1234567890', NULL, NULL),
(3321, 1, '103.247.50.150', '1234567890', NULL, NULL),
(3322, 1, '103.247.50.150', '1234567890', NULL, NULL),
(3323, 1, '103.247.50.150', '1234567890', NULL, NULL),
(3324, 1, '103.247.50.150', '1234567890', NULL, NULL),
(3325, 1, '103.247.50.150', '1234567890', NULL, NULL),
(3326, 1, '103.247.50.150', '1234567890', NULL, NULL),
(3327, 1, '103.247.50.150', '1234567890', NULL, NULL),
(3328, 1, '103.247.50.150', '1234567890', NULL, NULL),
(3329, 1, '103.247.50.150', '1234567890', NULL, NULL),
(3330, 1, '103.247.50.150', '1234567890', NULL, NULL),
(3331, 1, '103.247.50.150', '1234567890', NULL, NULL),
(3332, 1, '103.247.50.150', '1234567890', NULL, NULL),
(3333, 1, '103.247.50.150', '1234567890', NULL, NULL),
(3334, 1, '103.247.50.150', '1234567890', NULL, NULL),
(3335, 1, '103.247.50.150', '1234567890', NULL, NULL),
(3336, 1, '103.247.50.150', '1234567890', NULL, NULL),
(3337, 1, '103.247.50.150', '1234567890', NULL, NULL),
(3338, 1, '103.247.50.150', '1234567890', NULL, NULL),
(3339, 1, '103.247.50.150', '1234567890', NULL, NULL),
(3340, 1, '103.247.50.150', '1234567890', NULL, NULL),
(3341, 1, '103.247.50.150', '1234567890', NULL, NULL),
(3342, 1, '103.247.50.150', '1234567890', NULL, NULL),
(3343, 1, '103.247.50.150', '1234567890', NULL, NULL),
(3344, 1, '103.247.50.150', '1234567890', NULL, NULL),
(3345, 1, '103.247.50.150', '1234567890', NULL, NULL),
(3346, 1, '103.247.50.150', '1234567890', NULL, NULL),
(3347, 1, '103.247.50.150', '1234567890', NULL, NULL),
(3348, 1, '103.247.50.150', '1234567890', NULL, NULL),
(3349, 1, '103.247.50.150', '1234567890', NULL, NULL),
(3350, 1, '103.247.50.150', '1234567890', NULL, NULL),
(3351, 1, '103.247.50.150', '1234567890', NULL, NULL),
(3352, 1, '103.247.50.150', '1234567890', NULL, NULL),
(3353, 1, '103.247.50.150', '1234567890', NULL, NULL),
(3354, 1, '103.247.50.150', '1234567890', NULL, NULL),
(3355, 1, '103.247.50.150', '1234567890', NULL, NULL),
(3356, 1, '103.247.50.150', '1234567890', NULL, NULL),
(3357, 1, '103.247.50.150', '1234567890', NULL, NULL),
(3358, 1, '103.247.50.150', '1234567890', NULL, NULL),
(3359, 1, '103.247.50.150', '1234567890', NULL, NULL),
(3360, 1, '103.247.50.150', '1234567890', NULL, NULL),
(3361, 1, '103.247.50.150', '1234567890', NULL, NULL),
(3362, 1, '103.247.50.150', '1234567890', NULL, NULL),
(3363, 1, '103.247.50.150', '1234567890', NULL, NULL),
(3364, 1, '103.247.50.150', '1234567890', NULL, NULL),
(3365, 1, '103.247.50.150', '1234567890', NULL, NULL),
(3366, 1, '103.247.50.150', '1234567890', NULL, NULL),
(3367, 1, '103.247.50.150', '1234567890', NULL, NULL),
(3368, 1, '103.247.50.150', '1234567890', NULL, NULL),
(3369, 1, '103.247.50.150', '1234567890', NULL, NULL),
(3370, 1, '103.247.50.150', '1234567890', NULL, NULL),
(3371, 1, '103.247.50.150', '1234567890', NULL, NULL),
(3372, 1, '103.247.50.150', '1234567890', NULL, NULL),
(3373, 1, '103.247.50.150', '1234567890', NULL, NULL),
(3374, 1, '103.247.50.150', '1234567890', NULL, NULL),
(3375, 1, '103.247.50.150', '1234567890', NULL, NULL),
(3376, 1, '103.247.50.150', '1234567890', NULL, NULL),
(3377, 1, '103.247.50.150', '1234567890', NULL, NULL),
(3378, 1, '103.247.50.184', '1234567890', NULL, NULL),
(3379, 1, '103.247.50.184', '1234567890', NULL, NULL),
(3380, 1, '103.247.50.184', '1234567890', NULL, NULL),
(3381, 1, '103.247.50.184', '1234567890', NULL, NULL),
(3382, 1, '103.247.50.184', '1234567890', NULL, NULL),
(3383, 1, '103.247.50.184', '1234567890', NULL, NULL),
(3384, 1, '103.247.50.184', '1234567890', NULL, NULL),
(3385, 1, '103.247.50.184', '1234567890', NULL, NULL),
(3386, 1, '103.247.50.184', '1234567890', NULL, NULL),
(3387, 1, '103.247.50.184', '1234567890', NULL, NULL),
(3388, 1, '103.247.50.184', '1234567890', NULL, NULL),
(3389, 1, '103.247.50.184', '1234567890', NULL, NULL),
(3390, 1, '103.247.50.184', '1234567890', NULL, NULL),
(3391, 1, '103.247.50.184', '1234567890', NULL, NULL),
(3392, 1, '103.247.50.184', '1234567890', NULL, NULL),
(3393, 1, '103.247.50.184', '1234567890', NULL, NULL),
(3394, 1, '103.247.50.184', '1234567890', NULL, NULL),
(3395, 1, '103.247.50.184', '1234567890', NULL, NULL),
(3396, 1, '103.247.50.184', '1234567890', NULL, NULL),
(3397, 1, '103.247.50.184', '1234567890', NULL, NULL),
(3398, 1, '103.247.50.184', '1234567890', NULL, NULL),
(3399, 1, '103.247.50.184', '1234567890', NULL, NULL),
(3400, 1, '103.247.50.184', '1234567890', NULL, NULL),
(3401, 1, '103.247.50.184', '1234567890', NULL, NULL),
(3402, 1, '103.247.50.184', '1234567890', NULL, NULL),
(3403, 1, '103.247.50.184', '1234567890', NULL, NULL),
(3404, 1, '103.247.50.184', '1234567890', NULL, NULL),
(3405, 1, '103.247.50.184', '1234567890', NULL, NULL),
(3406, 1, '103.247.50.184', '1234567890', NULL, NULL),
(3407, 1, '103.247.50.184', '1234567890', NULL, NULL),
(3408, 1, '103.247.50.184', '1234567890', NULL, NULL),
(3409, 1, '103.247.50.184', '1234567890', NULL, NULL),
(3410, 1, '103.247.50.184', '1234567890', NULL, NULL),
(3411, 1, '103.247.50.184', '1234567890', NULL, NULL),
(3412, 1, '103.247.50.184', '1234567890', NULL, NULL),
(3413, 1, '103.247.50.184', '1234567890', NULL, NULL),
(3414, 1, '103.247.50.184', '1234567890', NULL, NULL),
(3415, 1, '103.247.50.184', '1234567890', NULL, NULL),
(3416, 1, '103.247.50.184', '1234567890', NULL, NULL),
(3417, 1, '103.247.50.184', '1234567890', NULL, NULL),
(3418, 1, '103.247.50.184', '1234567890', NULL, NULL),
(3419, 1, '103.247.50.184', '1234567890', NULL, NULL),
(3420, 1, '103.247.50.184', '1234567890', NULL, NULL),
(3421, 1, '103.247.50.184', '1234567890', NULL, NULL),
(3422, 1, '103.247.50.184', '1234567890', NULL, NULL),
(3423, 1, '103.247.50.184', '1234567890', NULL, NULL),
(3424, 1, '103.247.50.184', '1234567890', NULL, NULL),
(3425, 1, '103.247.50.184', '1234567890', NULL, NULL),
(3426, 1, '103.247.50.184', '1234567890', NULL, NULL),
(3427, 1, '103.247.50.184', '1234567890', NULL, NULL),
(3428, 1, '103.247.50.184', '1234567890', NULL, NULL),
(3429, 1, '103.247.50.184', '1234567890', NULL, NULL),
(3430, 1, '103.247.50.184', '1234567890', NULL, NULL),
(3431, 1, '103.247.50.184', '1234567890', NULL, NULL),
(3432, 1, '103.247.50.184', '1234567890', NULL, NULL),
(3433, 1, '103.247.50.184', '1234567890', NULL, NULL),
(3434, 1, '103.247.50.184', '1234567890', NULL, NULL),
(3435, 1, '103.247.50.184', '1234567890', NULL, NULL),
(3436, 1, '103.247.50.184', '1234567890', NULL, NULL),
(3437, 1, '103.247.50.184', '1234567890', NULL, NULL),
(3438, 1, '103.247.50.184', '1234567890', NULL, NULL),
(3439, 1, '103.247.50.184', '1234567890', NULL, NULL),
(3440, 1, '103.247.50.184', '1234567890', NULL, NULL),
(3441, 1, '103.247.50.184', '1234567890', NULL, NULL),
(3442, 1, '103.247.50.184', '1234567890', NULL, NULL),
(3443, 1, '103.247.50.184', '1234567890', NULL, NULL),
(3444, 1, '103.247.50.184', '1234567890', NULL, NULL),
(3445, 1, '103.247.50.184', '1234567890', NULL, NULL),
(3446, 1, '103.247.50.184', '1234567890', NULL, NULL),
(3447, 1, '103.247.50.184', '1234567890', NULL, NULL),
(3448, 1, '103.247.50.184', '1234567890', NULL, NULL),
(3449, 1, '103.247.50.184', '1234567890', NULL, NULL),
(3450, 1, '103.247.50.184', '1234567890', NULL, NULL),
(3451, 1, '103.247.50.184', '1234567890', NULL, NULL),
(3452, 1, '103.247.50.184', '1234567890', NULL, NULL),
(3453, 1, '103.247.50.184', '1234567890', NULL, NULL),
(3454, 1, '103.247.50.184', '1234567890', NULL, NULL),
(3455, 1, '103.247.50.184', '1234567890', NULL, NULL),
(3456, 1, '103.247.50.184', '1234567890', NULL, NULL),
(3457, 1, '103.247.50.184', '1234567890', NULL, NULL),
(3458, 1, '103.247.50.184', '1234567890', NULL, NULL),
(3459, 1, '103.247.50.184', '1234567890', NULL, NULL),
(3460, 1, '103.247.50.184', '1234567890', NULL, NULL),
(3461, 1, '103.247.50.157', '1234567890', NULL, NULL),
(3462, 1, '103.247.50.157', '1234567890', NULL, NULL),
(3463, 1, '103.247.50.157', '1234567890', NULL, NULL),
(3464, 1, '103.247.50.157', '1234567890', NULL, NULL),
(3465, 1, '103.247.50.157', '1234567890', NULL, NULL),
(3466, 1, '103.247.50.157', '1234567890', NULL, NULL),
(3467, 1, '103.247.50.157', '1234567890', NULL, NULL),
(3468, 1, '103.247.50.157', '1234567890', NULL, NULL),
(3469, 1, '103.247.50.157', '1234567890', NULL, NULL),
(3470, 1, '103.247.50.157', '1234567890', NULL, NULL),
(3471, 1, '103.247.50.157', '1234567890', NULL, NULL),
(3472, 1, '103.247.50.157', '1234567890', NULL, NULL),
(3473, 1, '103.247.50.157', '1234567890', NULL, NULL),
(3474, 1, '103.247.50.157', '1234567890', NULL, NULL),
(3475, 1, '103.247.50.157', '1234567890', NULL, NULL),
(3476, 1, '103.247.50.157', '1234567890', NULL, NULL),
(3477, 1, '103.247.50.157', '1234567890', NULL, NULL),
(3478, 1, '103.247.50.157', '1234567890', NULL, NULL),
(3479, 1, '103.247.50.157', '1234567890', NULL, NULL),
(3480, 1, '103.247.50.157', '1234567890', NULL, NULL),
(3481, 1, '103.247.50.157', '1234567890', NULL, NULL),
(3482, 1, '103.247.50.157', '1234567890', NULL, NULL),
(3483, 1, '103.247.50.157', '1234567890', NULL, NULL),
(3484, 1, '103.247.50.157', '1234567890', NULL, NULL),
(3485, 1, '103.247.50.157', '1234567890', NULL, NULL),
(3486, 1, '103.247.50.157', '1234567890', NULL, NULL),
(3487, 1, '103.247.50.157', '1234567890', NULL, NULL),
(3488, 1, '103.247.50.157', '1234567890', NULL, NULL),
(3489, 1, '103.247.50.157', '1234567890', NULL, NULL),
(3490, 1, '103.247.50.157', '1234567890', NULL, NULL),
(3491, 1, '103.247.50.157', '1234567890', NULL, NULL),
(3492, 1, '103.247.50.157', '1234567890', NULL, NULL),
(3493, 1, '103.247.50.157', '1234567890', NULL, NULL),
(3494, 1, '103.247.50.157', '1234567890', NULL, NULL),
(3495, 1, '103.247.50.157', '1234567890', NULL, NULL),
(3496, 1, '103.247.50.157', '1234567890', NULL, NULL),
(3497, 1, '103.247.50.157', '1234567890', NULL, NULL),
(3498, 1, '103.247.50.157', '1234567890', NULL, NULL),
(3499, 1, '103.247.50.157', '1234567890', NULL, NULL),
(3500, 1, '103.247.50.157', '1234567890', NULL, NULL),
(3501, 1, '103.247.50.157', '1234567890', NULL, NULL),
(3502, 1, '103.247.50.157', '1234567890', NULL, NULL),
(3503, 1, '103.247.50.157', '1234567890', NULL, NULL),
(3504, 1, '103.247.50.157', '1234567890', NULL, NULL),
(3505, 1, '103.247.50.157', '1234567890', NULL, NULL),
(3506, 1, '103.247.50.157', '1234567890', NULL, NULL),
(3507, 1, '103.247.50.157', '1234567890', NULL, NULL),
(3508, 1, '103.247.50.157', '1234567890', NULL, NULL),
(3509, 1, '103.247.50.157', '1234567890', NULL, NULL),
(3510, 1, '103.247.50.157', '1234567890', NULL, NULL),
(3511, 1, '103.247.50.157', '1234567890', NULL, NULL),
(3512, 1, '103.247.50.157', '1234567890', NULL, NULL),
(3513, 1, '103.247.50.157', '1234567890', NULL, NULL),
(3514, 1, '103.247.50.157', '1234567890', NULL, NULL),
(3515, 1, '103.247.50.157', '1234567890', NULL, NULL),
(3516, 1, '103.247.50.157', '1234567890', NULL, NULL),
(3517, 1, '103.247.50.157', '1234567890', NULL, NULL),
(3518, 1, '103.247.50.157', '1234567890', NULL, NULL),
(3519, 1, '103.247.50.157', '1234567890', NULL, NULL),
(3520, 1, '103.247.50.157', '1234567890', NULL, NULL),
(3521, 1, '103.247.50.157', '1234567890', NULL, NULL),
(3522, 1, '103.247.50.157', '1234567890', NULL, NULL),
(3523, 1, '103.247.50.157', '1234567890', NULL, NULL),
(3524, 1, '103.247.50.157', '1234567890', NULL, NULL),
(3525, 1, '103.247.50.157', '1234567890', NULL, NULL),
(3526, 1, '103.247.50.157', '1234567890', NULL, NULL),
(3527, 1, '103.247.50.157', '1234567890', NULL, NULL),
(3528, 1, '103.247.50.157', '1234567890', NULL, NULL),
(3529, 1, '103.247.50.157', '1234567890', NULL, NULL),
(3530, 1, '103.247.50.157', '1234567890', NULL, NULL),
(3531, 1, '103.247.50.157', '1234567890', NULL, NULL),
(3532, 1, '103.247.50.157', '1234567890', NULL, NULL),
(3533, 1, '103.247.50.157', '1234567890', NULL, NULL),
(3534, 1, '103.247.50.157', '1234567890', NULL, NULL),
(3535, 1, '103.247.50.157', '1234567890', NULL, NULL),
(3536, 1, '103.247.50.157', '1234567890', NULL, NULL),
(3537, 1, '103.247.50.157', '1234567890', NULL, NULL),
(3538, 1, '103.247.50.157', '1234567890', NULL, NULL),
(3539, 1, '103.247.50.157', '1234567890', NULL, NULL),
(3540, 1, '103.247.50.157', '1234567890', NULL, NULL),
(3541, 1, '103.247.50.157', '1234567890', NULL, NULL),
(3542, 1, '103.247.50.157', '1234567890', NULL, NULL),
(3543, 1, '103.247.50.157', '1234567890', NULL, NULL),
(3544, 1, '103.247.50.157', '1234567890', NULL, NULL),
(3545, 1, '103.247.50.157', '1234567890', NULL, NULL),
(3546, 1, '103.247.50.157', '1234567890', NULL, NULL),
(3547, 1, '103.247.50.157', '1234567890', NULL, NULL),
(3548, 1, '103.247.50.157', '1234567890', NULL, NULL),
(3549, 1, '103.247.50.157', '1234567890', NULL, NULL),
(3550, 1, '103.247.50.157', '1234567890', NULL, NULL),
(3551, 1, '103.247.50.157', '1234567890', NULL, NULL),
(3552, 1, '103.247.50.157', '1234567890', NULL, NULL),
(3553, 1, '103.247.50.157', '1234567890', NULL, NULL),
(3554, 1, '103.247.50.157', '1234567890', NULL, NULL),
(3555, 1, '103.247.50.157', '1234567890', NULL, NULL),
(3556, 1, '103.247.50.157', '1234567890', NULL, NULL),
(3557, 1, '103.247.50.157', '1234567890', NULL, NULL),
(3558, 1, '103.247.50.157', '1234567890', NULL, NULL),
(3559, 1, '103.247.50.157', '1234567890', NULL, NULL),
(3560, 1, '103.247.50.157', '1234567890', NULL, NULL),
(3561, 1, '103.247.50.157', '1234567890', NULL, NULL),
(3562, 1, '103.247.50.157', '1234567890', NULL, NULL),
(3563, 1, '103.247.50.157', '1234567890', NULL, NULL),
(3564, 1, '103.247.50.157', '1234567890', NULL, NULL),
(3565, 1, '103.247.50.157', '1234567890', NULL, NULL),
(3566, 1, '103.247.50.157', '1234567890', NULL, NULL),
(3567, 1, '103.247.50.157', '1234567890', NULL, NULL),
(3568, 1, '103.247.50.157', '1234567890', NULL, NULL),
(3569, 1, '103.247.50.157', '1234567890', NULL, NULL),
(3570, 1, '103.247.50.157', '1234567890', NULL, NULL),
(3571, 1, '103.247.50.157', '1234567890', NULL, NULL),
(3572, 1, '103.247.50.157', '1234567890', NULL, NULL),
(3573, 1, '103.247.50.157', '1234567890', NULL, NULL),
(3574, 1, '103.247.50.157', '1234567890', NULL, NULL),
(3575, 1, '103.247.50.157', '1234567890', NULL, NULL),
(3576, 1, '103.247.50.157', '1234567890', NULL, NULL),
(3577, 1, '103.247.50.157', '1234567890', NULL, NULL),
(3578, 1, '103.247.50.157', '1234567890', NULL, NULL),
(3579, 1, '103.247.50.157', '1234567890', NULL, NULL),
(3580, 1, '103.247.50.157', '1234567890', NULL, NULL),
(3581, 1, '103.247.50.157', '1234567890', NULL, NULL),
(3582, 1, '103.247.50.157', '1234567890', NULL, NULL),
(3583, 1, '103.247.50.157', '1234567890', NULL, NULL),
(3584, 1, '103.247.50.157', '1234567890', NULL, NULL),
(3585, 1, '103.247.50.157', '1234567890', NULL, NULL),
(3586, 1, '103.247.50.157', '1234567890', NULL, NULL),
(3587, 1, '103.247.50.157', '1234567890', NULL, NULL),
(3588, 1, '103.247.50.157', '1234567890', NULL, NULL),
(3589, 1, '103.247.50.157', '1234567890', NULL, NULL),
(3590, 1, '103.247.50.157', '1234567890', NULL, NULL),
(3591, 1, '103.247.50.157', '1234567890', NULL, NULL),
(3592, 1, '103.247.50.157', '1234567890', NULL, NULL),
(3593, 1, '103.247.50.157', '1234567890', NULL, NULL),
(3594, 1, '103.247.50.157', '1234567890', NULL, NULL),
(3595, 1, '103.247.50.157', '1234567890', NULL, NULL),
(3596, 1, '103.247.50.157', '1234567890', NULL, NULL),
(3597, 1, '103.247.50.157', '1234567890', NULL, NULL),
(3598, 1, '103.247.50.157', '1234567890', NULL, NULL),
(3599, 1, '103.247.50.157', '1234567890', NULL, NULL),
(3600, 1, '103.247.50.157', '1234567890', NULL, NULL),
(3601, 1, '103.247.50.157', '1234567890', NULL, NULL),
(3602, 1, '103.247.50.157', '1234567890', NULL, NULL),
(3603, 1, '103.247.50.157', '1234567890', NULL, NULL),
(3604, 1, '103.247.50.157', '1234567890', NULL, NULL),
(3605, 1, '103.247.50.157', '1234567890', NULL, NULL),
(3606, 1, '103.247.50.157', '1234567890', NULL, NULL),
(3607, 1, '103.247.50.157', '1234567890', NULL, NULL),
(3608, 1, '103.247.50.157', '1234567890', NULL, NULL),
(3609, 1, '103.247.50.157', '1234567890', NULL, NULL),
(3610, 1, '103.247.50.157', '1234567890', NULL, NULL),
(3611, 1, '103.247.50.157', '1234567890', NULL, NULL),
(3612, 1, '103.247.50.157', '1234567890', NULL, NULL),
(3613, 1, '103.247.50.157', '1234567890', NULL, NULL),
(3614, 1, '103.247.50.157', '1234567890', NULL, NULL),
(3615, 1, '103.247.50.157', '1234567890', NULL, NULL),
(3616, 1, '103.247.50.157', '1234567890', NULL, NULL),
(3617, 1, '103.247.50.157', '1234567890', NULL, NULL),
(3618, 1, '103.247.50.157', '1234567890', NULL, NULL),
(3619, 1, '103.247.50.157', '1234567890', NULL, NULL),
(3620, 1, '103.247.50.157', '1234567890', NULL, NULL),
(3621, 1, '103.247.50.157', '1234567890', NULL, NULL),
(3622, 1, '103.247.50.157', '1234567890', NULL, NULL),
(3623, 1, '103.247.50.157', '1234567890', NULL, NULL),
(3624, 1, '103.247.50.157', '1234567890', NULL, NULL),
(3625, 1, '103.247.50.157', '1234567890', NULL, NULL),
(3626, 1, '103.247.50.157', '1234567890', NULL, NULL),
(3627, 1, '103.247.50.157', '1234567890', NULL, NULL),
(3628, 1, '103.247.50.157', '1234567890', NULL, NULL),
(3629, 1, '103.247.50.157', '1234567890', NULL, NULL),
(3630, 1, '103.247.50.157', '1234567890', NULL, NULL),
(3631, 1, '103.247.50.157', '1234567890', NULL, NULL),
(3632, 1, '103.247.50.157', '1234567890', NULL, NULL),
(3633, 1, '103.247.50.157', '1234567890', NULL, NULL),
(3634, 1, '103.247.50.157', '1234567890', NULL, NULL),
(3635, 1, '103.247.50.157', '1234567890', NULL, NULL),
(3636, 1, '103.247.50.157', '1234567890', NULL, NULL),
(3637, 1, '103.247.50.157', '1234567890', NULL, NULL),
(3638, 1, '103.247.50.157', '1234567890', NULL, NULL),
(3639, 1, '103.247.50.157', '1234567890', NULL, NULL),
(3640, 1, '103.247.50.157', '1234567890', NULL, NULL),
(3641, 1, '103.247.50.157', '1234567890', NULL, NULL),
(3642, 1, '103.247.50.157', '1234567890', NULL, NULL),
(3643, 1, '103.247.50.157', '1234567890', NULL, NULL),
(3644, 1, '103.247.50.157', '1234567890', NULL, NULL),
(3645, 1, '103.247.50.157', '1234567890', NULL, NULL),
(3646, 1, '103.247.50.157', '1234567890', NULL, NULL),
(3647, 1, '103.247.50.157', '1234567890', NULL, NULL),
(3648, 1, '103.247.50.157', '1234567890', NULL, NULL),
(3649, 1, '103.247.50.157', '1234567890', NULL, NULL),
(3650, 1, '103.247.50.157', '1234567890', NULL, NULL),
(3651, 1, '103.247.50.157', '1234567890', NULL, NULL),
(3652, 1, '103.247.50.157', '1234567890', NULL, NULL),
(3653, 1, '103.247.50.157', '1234567890', NULL, NULL),
(3654, 1, '103.247.50.157', '1234567890', NULL, NULL),
(3655, 1, '103.247.50.157', '1234567890', NULL, NULL),
(3656, 1, '103.247.50.157', '1234567890', NULL, NULL),
(3657, 1, '103.247.50.157', '1234567890', NULL, NULL),
(3658, 1, '103.247.50.157', '1234567890', NULL, NULL),
(3659, 1, '103.247.50.157', '1234567890', NULL, NULL),
(3660, 1, '103.247.50.157', '1234567890', NULL, NULL),
(3661, 1, '103.247.50.157', '1234567890', NULL, NULL),
(3662, 1, '103.247.50.157', '1234567890', NULL, NULL),
(3663, 1, '103.247.50.157', '1234567890', NULL, NULL),
(3664, 1, '103.247.50.157', '1234567890', NULL, NULL),
(3665, 1, '103.247.50.157', '1234567890', NULL, NULL),
(3666, 1, '103.247.50.157', '1234567890', NULL, NULL),
(3667, 1, '103.247.50.157', '1234567890', NULL, NULL),
(3668, 1, '103.247.50.157', '1234567890', NULL, NULL),
(3669, 1, '103.247.50.157', '1234567890', NULL, NULL),
(3670, 1, '103.247.50.157', '1234567890', NULL, NULL),
(3671, 1, '103.247.50.157', '1234567890', NULL, NULL),
(3672, 1, '103.247.50.157', '1234567890', NULL, NULL),
(3673, 1, '103.247.50.157', '1234567890', NULL, NULL),
(3674, 1, '103.247.50.157', '1234567890', NULL, NULL),
(3675, 1, '103.247.50.157', '1234567890', NULL, NULL),
(3676, 1, '103.247.50.157', '1234567890', NULL, NULL),
(3677, 1, '103.247.50.157', '1234567890', NULL, NULL),
(3678, 1, '103.247.50.157', '1234567890', NULL, NULL),
(3679, 1, '103.247.50.157', '1234567890', NULL, NULL),
(3680, 1, '103.247.50.157', '1234567890', NULL, NULL),
(3681, 1, '103.247.50.157', '1234567890', NULL, NULL),
(3682, 1, '103.247.50.157', '1234567890', NULL, NULL),
(3683, 1, '103.247.50.157', '1234567890', NULL, NULL),
(3684, 1, '103.247.50.157', '1234567890', NULL, NULL),
(3685, 1, '103.247.50.157', '1234567890', NULL, NULL),
(3686, 1, '103.247.50.157', '1234567890', NULL, NULL),
(3687, 1, '103.247.50.157', '1234567890', NULL, NULL),
(3688, 1, '103.247.50.157', '1234567890', NULL, NULL),
(3689, 1, '103.247.50.157', '1234567890', NULL, NULL),
(3690, 1, '103.247.50.157', '1234567890', NULL, NULL),
(3691, 1, '103.247.50.157', '1234567890', NULL, NULL),
(3692, 1, '103.247.50.157', '1234567890', NULL, NULL),
(3693, 1, '103.247.50.157', '1234567890', NULL, NULL),
(3694, 1, '103.247.50.157', '1234567890', NULL, NULL),
(3695, 1, '103.247.50.157', '1234567890', NULL, NULL),
(3696, 1, '103.247.50.157', '1234567890', NULL, NULL),
(3697, 1, '103.247.50.157', '1234567890', NULL, NULL),
(3698, 1, '103.247.50.157', '1234567890', NULL, NULL),
(3699, 1, '103.247.50.157', '1234567890', NULL, NULL),
(3700, 1, '103.247.50.157', '1234567890', NULL, NULL),
(3701, 1, '103.247.50.157', '1234567890', NULL, NULL),
(3702, 1, '103.247.50.157', '1234567890', NULL, NULL),
(3703, 1, '103.247.50.157', '1234567890', NULL, NULL),
(3704, 1, '103.247.50.157', '1234567890', NULL, NULL),
(3705, 1, '103.247.50.157', '1234567890', NULL, NULL),
(3706, 1, '103.247.50.157', '1234567890', NULL, NULL),
(3707, 1, '103.247.50.157', '1234567890', NULL, NULL),
(3708, 1, '103.247.50.157', '1234567890', NULL, NULL),
(3709, 1, '103.247.50.157', '1234567890', NULL, NULL),
(3710, 1, '103.247.50.157', '1234567890', NULL, NULL),
(3711, 1, '103.247.50.157', '1234567890', NULL, NULL),
(3712, 1, '103.247.50.157', '1234567890', NULL, NULL),
(3713, 1, '103.247.50.157', '1234567890', NULL, NULL),
(3714, 1, '103.247.50.157', '1234567890', NULL, NULL),
(3715, 1, '103.247.50.157', '1234567890', NULL, NULL),
(3716, 1, '103.247.50.157', '1234567890', NULL, NULL),
(3717, 1, '103.247.50.157', '1234567890', NULL, NULL),
(3718, 1, '103.247.50.157', '1234567890', NULL, NULL),
(3719, 1, '103.247.50.157', '1234567890', NULL, NULL),
(3720, 1, '103.247.50.157', '1234567890', NULL, NULL),
(3721, 1, '103.247.50.157', '1234567890', NULL, NULL),
(3722, 1, '103.247.50.157', '1234567890', NULL, NULL),
(3723, 1, '103.247.50.157', '1234567890', NULL, NULL),
(3724, 1, '103.247.50.157', '1234567890', NULL, NULL),
(3725, 1, '103.247.50.157', '1234567890', NULL, NULL),
(3726, 1, '103.247.50.157', '1234567890', NULL, NULL),
(3727, 1, '103.247.50.157', '1234567890', NULL, NULL),
(3728, 1, '103.247.50.157', '1234567890', NULL, NULL),
(3729, 1, '103.247.50.157', '1234567890', NULL, NULL),
(3730, 1, '103.247.50.157', '1234567890', NULL, NULL),
(3731, 1, '103.247.50.157', '1234567890', NULL, NULL),
(3732, 1, '103.247.50.157', '1234567890', NULL, NULL),
(3733, 1, '103.247.50.157', '1234567890', NULL, NULL),
(3734, 1, '103.247.50.157', '1234567890', NULL, NULL),
(3735, 1, '103.247.50.157', '1234567890', NULL, NULL),
(3736, 1, '103.247.50.157', '1234567890', NULL, NULL),
(3737, 1, '103.247.50.157', '1234567890', NULL, NULL),
(3738, 1, '103.247.50.157', '1234567890', NULL, NULL),
(3739, 1, '103.247.50.157', '1234567890', NULL, NULL),
(3740, 1, '103.247.50.157', '1234567890', NULL, NULL),
(3741, 1, '103.247.50.157', '1234567890', NULL, NULL),
(3742, 1, '103.247.50.157', '1234567890', NULL, NULL),
(3743, 1, '103.247.50.157', '1234567890', NULL, NULL),
(3744, 1, '103.247.50.157', '1234567890', NULL, NULL),
(3745, 1, '103.247.50.157', '1234567890', NULL, NULL),
(3746, 1, '103.247.50.157', '1234567890', NULL, NULL),
(3747, 1, '103.247.50.157', '1234567890', NULL, NULL),
(3748, 1, '103.247.50.157', '1234567890', NULL, NULL),
(3749, 1, '103.247.50.157', '1234567890', NULL, NULL),
(3750, 1, '103.247.50.157', '1234567890', NULL, NULL),
(3751, 1, '103.247.50.157', '1234567890', NULL, NULL),
(3752, 1, '103.247.50.157', '1234567890', NULL, NULL),
(3753, 1, '103.247.50.157', '1234567890', NULL, NULL),
(3754, 1, '103.247.50.157', '1234567890', NULL, NULL),
(3755, 1, '103.247.50.157', '1234567890', NULL, NULL),
(3756, 1, '103.247.50.157', '1234567890', NULL, NULL),
(3757, 1, '103.247.50.157', '1234567890', NULL, NULL),
(3758, 1, '103.247.50.157', '1234567890', NULL, NULL),
(3759, 1, '103.247.50.157', '1234567890', NULL, NULL),
(3760, 1, '103.247.50.157', '1234567890', NULL, NULL),
(3761, 1, '103.247.50.157', '1234567890', NULL, NULL),
(3762, 1, '103.247.50.157', '1234567890', NULL, NULL),
(3763, 1, '103.247.50.157', '1234567890', NULL, NULL),
(3764, 1, '103.247.50.157', '1234567890', NULL, NULL),
(3765, 1, '103.247.50.157', '1234567890', NULL, NULL),
(3766, 1, '103.247.50.157', '1234567890', NULL, NULL),
(3767, 1, '103.247.50.157', '1234567890', NULL, NULL),
(3768, 1, '103.247.50.157', '1234567890', NULL, NULL),
(3769, 1, '103.247.50.157', '1234567890', NULL, NULL),
(3770, 1, '103.247.50.157', '1234567890', NULL, NULL),
(3771, 1, '103.247.50.157', '1234567890', NULL, NULL),
(3772, 1, '103.247.50.157', '1234567890', NULL, NULL),
(3773, 1, '103.247.50.157', '1234567890', NULL, NULL),
(3774, 1, '103.247.50.157', '1234567890', NULL, NULL),
(3775, 1, '103.247.50.157', '1234567890', NULL, NULL),
(3776, 1, '103.247.50.157', '1234567890', NULL, NULL),
(3777, 1, '103.247.50.157', '1234567890', NULL, NULL),
(3778, 1, '103.247.50.157', '1234567890', NULL, NULL),
(3779, 1, '103.247.50.157', '1234567890', NULL, NULL),
(3780, 1, '103.247.50.157', '1234567890', NULL, NULL),
(3781, 1, '103.247.50.157', '1234567890', NULL, NULL),
(3782, 1, '103.247.50.157', '1234567890', NULL, NULL),
(3783, 1, '103.247.50.157', '1234567890', NULL, NULL),
(3784, 1, '103.247.50.157', '1234567890', NULL, NULL),
(3785, 1, '103.247.50.157', '1234567890', NULL, NULL),
(3786, 1, '103.247.50.157', '1234567890', NULL, NULL),
(3787, 1, '103.247.50.157', '1234567890', NULL, NULL);
INSERT INTO `heartbeat` (`id`, `systems`, `ip`, `description`, `regtime`, `status`) VALUES
(3788, 1, '103.247.50.157', '1234567890', NULL, NULL),
(3789, 1, '103.247.50.157', '1234567890', NULL, NULL),
(3790, 1, '103.247.50.157', '1234567890', NULL, NULL),
(3791, 1, '103.247.50.157', '1234567890', NULL, NULL),
(3792, 1, '103.247.50.157', '1234567890', NULL, NULL),
(3793, 1, '103.247.50.157', '1234567890', NULL, NULL),
(3794, 1, '103.247.50.157', '1234567890', NULL, NULL),
(3795, 1, '103.247.50.157', '1234567890', NULL, NULL),
(3796, 1, '103.247.50.157', '1234567890', NULL, NULL),
(3797, 1, '103.247.50.157', '1234567890', NULL, NULL),
(3798, 1, '103.247.50.157', '1234567890', NULL, NULL),
(3799, 1, '103.247.50.157', '1234567890', NULL, NULL),
(3800, 1, '103.247.50.157', '1234567890', NULL, NULL),
(3801, 1, '103.247.50.157', '1234567890', NULL, NULL),
(3802, 1, '103.247.50.157', '1234567890', NULL, NULL),
(3803, 1, '103.247.50.157', '1234567890', NULL, NULL),
(3804, 1, '103.247.50.157', '1234567890', NULL, NULL),
(3805, 1, '103.247.50.157', '1234567890', NULL, NULL),
(3806, 1, '103.247.50.157', '1234567890', NULL, NULL),
(3807, 1, '103.247.50.157', '1234567890', NULL, NULL),
(3808, 1, '103.247.50.157', '1234567890', NULL, NULL),
(3809, 1, '103.247.50.157', '1234567890', NULL, NULL),
(3810, 1, '103.247.50.157', '1234567890', NULL, NULL),
(3811, 1, '103.247.50.157', '1234567890', NULL, NULL),
(3812, 1, '103.247.50.157', '1234567890', NULL, NULL),
(3813, 1, '103.247.50.157', '1234567890', NULL, NULL),
(3814, 1, '103.247.50.157', '1234567890', NULL, NULL),
(3815, 1, '103.247.50.157', '1234567890', NULL, NULL),
(3816, 1, '103.247.50.157', '1234567890', NULL, NULL),
(3817, 1, '103.247.50.157', '1234567890', NULL, NULL),
(3818, 1, '103.247.50.157', '1234567890', NULL, NULL),
(3819, 1, '103.247.50.157', '1234567890', NULL, NULL),
(3820, 1, '103.247.50.157', '1234567890', NULL, NULL),
(3821, 1, '103.247.50.157', '1234567890', NULL, NULL),
(3822, 1, '103.247.50.157', '1234567890', NULL, NULL),
(3823, 1, '103.247.50.157', '1234567890', NULL, NULL),
(3824, 1, '103.247.50.157', '1234567890', NULL, NULL),
(3825, 1, '103.247.50.157', '1234567890', NULL, NULL),
(3826, 1, '103.247.50.157', '1234567890', NULL, NULL),
(3827, 1, '103.247.50.157', '1234567890', NULL, NULL),
(3828, 1, '103.247.50.157', '1234567890', NULL, NULL),
(3829, 1, '103.247.50.157', '1234567890', NULL, NULL),
(3830, 1, '103.247.50.157', '1234567890', NULL, NULL),
(3831, 1, '103.247.50.157', '1234567890', NULL, NULL),
(3832, 1, '103.247.50.157', '1234567890', NULL, NULL),
(3833, 1, '103.247.50.157', '1234567890', NULL, NULL),
(3834, 1, '103.247.50.157', '1234567890', NULL, NULL),
(3835, 1, '103.247.50.157', '1234567890', NULL, NULL),
(3836, 1, '103.247.50.157', '1234567890', NULL, NULL),
(3837, 1, '103.247.50.157', '1234567890', NULL, NULL),
(3838, 1, '103.247.50.157', '1234567890', NULL, NULL),
(3839, 1, '103.247.50.157', '1234567890', NULL, NULL),
(3840, 1, '103.247.50.157', '1234567890', NULL, NULL),
(3841, 1, '103.247.50.157', '1234567890', NULL, NULL),
(3842, 1, '103.247.50.157', '1234567890', NULL, NULL),
(3843, 1, '103.247.50.157', '1234567890', NULL, NULL),
(3844, 1, '103.247.50.157', '1234567890', NULL, NULL),
(3845, 1, '103.247.50.157', '1234567890', NULL, NULL),
(3846, 1, '103.247.50.157', '1234567890', NULL, NULL),
(3847, 1, '103.247.50.157', '1234567890', NULL, NULL),
(3848, 1, '103.247.50.157', '1234567890', NULL, NULL),
(3849, 1, '103.247.50.157', '1234567890', NULL, NULL),
(3850, 1, '103.247.50.157', '1234567890', NULL, NULL),
(3851, 1, '103.247.50.157', '1234567890', NULL, NULL),
(3852, 1, '103.247.50.157', '1234567890', NULL, NULL),
(3853, 1, '103.247.50.157', '1234567890', NULL, NULL),
(3854, 1, '103.247.50.157', '1234567890', NULL, NULL),
(3855, 1, '103.247.50.157', '1234567890', NULL, NULL),
(3856, 1, '103.247.50.157', '1234567890', NULL, NULL),
(3857, 1, '103.247.50.157', '1234567890', NULL, NULL),
(3858, 1, '103.247.50.157', '1234567890', NULL, NULL),
(3859, 1, '103.247.50.157', '1234567890', NULL, NULL),
(3860, 1, '103.247.50.157', '1234567890', NULL, NULL),
(3861, 1, '103.247.50.157', '1234567890', NULL, NULL),
(3862, 1, '103.247.50.157', '1234567890', NULL, NULL),
(3863, 1, '103.247.50.157', '1234567890', NULL, NULL),
(3864, 1, '103.247.50.157', '1234567890', NULL, NULL),
(3865, 1, '103.247.50.157', '1234567890', NULL, NULL),
(3866, 1, '103.247.50.157', '1234567890', NULL, NULL),
(3867, 1, '103.247.50.157', '1234567890', NULL, NULL),
(3868, 1, '103.247.50.157', '1234567890', NULL, NULL),
(3869, 1, '103.247.50.157', '1234567890', NULL, NULL),
(3870, 1, '103.247.50.157', '1234567890', NULL, NULL),
(3871, 1, '103.247.50.157', '1234567890', NULL, NULL),
(3872, 1, '103.247.50.157', '1234567890', NULL, NULL),
(3873, 1, '103.247.50.157', '1234567890', NULL, NULL),
(3874, 1, '103.247.50.157', '1234567890', NULL, NULL),
(3875, 1, '103.247.50.157', '1234567890', NULL, NULL),
(3876, 1, '103.247.50.157', '1234567890', NULL, NULL),
(3877, 1, '103.247.50.157', '1234567890', NULL, NULL),
(3878, 1, '103.247.50.157', '1234567890', NULL, NULL),
(3879, 1, '103.247.50.157', '1234567890', NULL, NULL),
(3880, 1, '103.247.50.157', '1234567890', NULL, NULL),
(3881, 1, '103.247.50.157', '1234567890', NULL, NULL),
(3882, 1, '103.247.50.157', '1234567890', NULL, NULL),
(3883, 1, '103.247.50.157', '1234567890', NULL, NULL),
(3884, 1, '103.247.50.157', '1234567890', NULL, NULL),
(3885, 1, '103.247.50.157', '1234567890', NULL, NULL),
(3886, 1, '103.247.50.157', '1234567890', NULL, NULL),
(3887, 1, '103.247.50.157', '1234567890', NULL, NULL),
(3888, 1, '103.247.50.157', '1234567890', NULL, NULL),
(3889, 1, '103.247.50.157', '1234567890', NULL, NULL),
(3890, 1, '103.247.50.157', '1234567890', NULL, NULL),
(3891, 1, '103.247.50.157', '1234567890', NULL, NULL),
(3892, 1, '103.247.50.157', '1234567890', NULL, NULL),
(3893, 1, '103.247.50.157', '1234567890', NULL, NULL),
(3894, 1, '103.247.50.157', '1234567890', NULL, NULL),
(3895, 1, '103.247.50.157', '1234567890', NULL, NULL),
(3896, 1, '103.247.50.157', '1234567890', NULL, NULL),
(3897, 1, '103.247.50.157', '1234567890', NULL, NULL),
(3898, 1, '103.247.50.157', '1234567890', NULL, NULL),
(3899, 1, '103.247.50.157', '1234567890', NULL, NULL),
(3900, 1, '103.247.50.157', '1234567890', NULL, NULL),
(3901, 1, '103.247.50.157', '1234567890', NULL, NULL),
(3902, 1, '103.247.50.157', '1234567890', NULL, NULL),
(3903, 1, '103.247.50.157', '1234567890', NULL, NULL),
(3904, 1, '103.247.50.157', '1234567890', NULL, NULL),
(3905, 1, '103.247.50.157', '1234567890', NULL, NULL),
(3906, 1, '103.247.50.157', '1234567890', NULL, NULL),
(3907, 1, '103.247.50.157', '1234567890', NULL, NULL),
(3908, 1, '103.247.50.157', '1234567890', NULL, NULL),
(3909, 1, '103.247.50.157', '1234567890', NULL, NULL),
(3910, 1, '103.247.50.157', '1234567890', NULL, NULL),
(3911, 1, '103.247.50.157', '1234567890', NULL, NULL),
(3912, 1, '103.247.50.157', '1234567890', NULL, NULL),
(3913, 1, '103.247.50.157', '1234567890', NULL, NULL),
(3914, 1, '103.247.50.157', '1234567890', NULL, NULL),
(3915, 1, '103.247.50.157', '1234567890', NULL, NULL),
(3916, 1, '103.247.50.157', '1234567890', NULL, NULL),
(3917, 1, '103.247.50.157', '1234567890', NULL, NULL),
(3918, 1, '103.247.50.157', '1234567890', NULL, NULL),
(3919, 1, '103.247.50.157', '1234567890', NULL, NULL),
(3920, 1, '103.247.50.157', '1234567890', NULL, NULL),
(3921, 1, '103.247.50.157', '1234567890', NULL, NULL),
(3922, 1, '103.247.50.157', '1234567890', NULL, NULL),
(3923, 1, '103.247.50.157', '1234567890', NULL, NULL),
(3924, 1, '103.247.50.157', '1234567890', NULL, NULL),
(3925, 1, '103.247.50.157', '1234567890', NULL, NULL),
(3926, 1, '103.247.50.157', '1234567890', NULL, NULL),
(3927, 1, '103.247.50.157', '1234567890', NULL, NULL),
(3928, 1, '103.247.50.157', '1234567890', NULL, NULL),
(3929, 1, '103.247.50.157', '1234567890', NULL, NULL),
(3930, 1, '103.247.50.157', '1234567890', NULL, NULL),
(3931, 1, '103.247.50.157', '1234567890', NULL, NULL),
(3932, 1, '103.247.50.157', '1234567890', NULL, NULL),
(3933, 1, '103.247.50.157', '1234567890', NULL, NULL),
(3934, 1, '103.247.50.157', '1234567890', NULL, NULL),
(3935, 1, '103.247.50.157', '1234567890', NULL, NULL),
(3936, 1, '103.247.50.157', '1234567890', NULL, NULL),
(3937, 1, '103.247.50.157', '1234567890', NULL, NULL),
(3938, 1, '103.247.50.157', '1234567890', NULL, NULL),
(3939, 1, '103.247.50.157', '1234567890', NULL, NULL),
(3940, 1, '103.247.50.157', '1234567890', NULL, NULL),
(3941, 1, '103.247.50.157', '1234567890', NULL, NULL),
(3942, 1, '103.247.50.157', '1234567890', NULL, NULL),
(3943, 1, '103.247.50.157', '1234567890', NULL, NULL),
(3944, 1, '103.247.50.157', '1234567890', NULL, NULL),
(3945, 1, '103.247.50.157', '1234567890', NULL, NULL),
(3946, 1, '103.247.50.157', '1234567890', NULL, NULL),
(3947, 1, '103.247.50.157', '1234567890', NULL, NULL),
(3948, 1, '103.247.50.157', '1234567890', NULL, NULL),
(3949, 1, '103.247.50.157', '1234567890', NULL, NULL),
(3950, 1, '103.247.50.157', '1234567890', NULL, NULL),
(3951, 1, '103.247.50.157', '1234567890', NULL, NULL),
(3952, 1, '103.247.50.157', '1234567890', NULL, NULL),
(3953, 1, '103.247.50.157', '1234567890', NULL, NULL),
(3954, 1, '103.247.50.157', '1234567890', NULL, NULL),
(3955, 1, '103.247.50.157', '1234567890', NULL, NULL),
(3956, 1, '103.247.50.157', '1234567890', NULL, NULL),
(3957, 1, '103.247.50.157', '1234567890', NULL, NULL),
(3958, 1, '103.247.50.157', '1234567890', NULL, NULL),
(3959, 1, '103.247.50.157', '1234567890', NULL, NULL),
(3960, 1, '103.247.50.157', '1234567890', NULL, NULL),
(3961, 1, '103.247.50.157', '1234567890', NULL, NULL),
(3962, 1, '103.247.50.157', '1234567890', NULL, NULL),
(3963, 1, '103.247.50.157', '1234567890', NULL, NULL),
(3964, 1, '103.247.50.157', '1234567890', NULL, NULL),
(3965, 1, '103.247.50.157', '1234567890', NULL, NULL),
(3966, 1, '103.247.50.157', '1234567890', NULL, NULL),
(3967, 1, '103.247.50.157', '1234567890', NULL, NULL),
(3968, 1, '103.247.50.157', '1234567890', NULL, NULL),
(3969, 1, '103.247.50.157', '1234567890', NULL, NULL),
(3970, 1, '103.247.50.157', '1234567890', NULL, NULL),
(3971, 1, '103.247.50.157', '1234567890', NULL, NULL),
(3972, 1, '103.247.50.157', '1234567890', NULL, NULL),
(3973, 1, '103.247.50.157', '1234567890', NULL, NULL),
(3974, 1, '103.247.50.157', '1234567890', NULL, NULL),
(3975, 1, '103.247.50.157', '1234567890', NULL, NULL),
(3976, 1, '103.247.50.157', '1234567890', NULL, NULL),
(3977, 1, '103.247.50.157', '1234567890', NULL, NULL),
(3978, 1, '103.247.50.157', '1234567890', NULL, NULL),
(3979, 1, '103.247.50.157', '1234567890', NULL, NULL),
(3980, 1, '103.247.50.157', '1234567890', NULL, NULL),
(3981, 1, '103.247.50.157', '1234567890', NULL, NULL),
(3982, 1, '103.247.50.157', '1234567890', NULL, NULL),
(3983, 1, '103.247.50.157', '1234567890', NULL, NULL),
(3984, 1, '103.247.50.157', '1234567890', NULL, NULL),
(3985, 1, '103.247.50.157', '1234567890', NULL, NULL),
(3986, 1, '103.247.50.157', '1234567890', NULL, NULL),
(3987, 1, '103.247.50.157', '1234567890', NULL, NULL),
(3988, 1, '103.247.50.157', '1234567890', NULL, NULL),
(3989, 1, '103.247.50.157', '1234567890', NULL, NULL),
(3990, 1, '103.247.50.157', '1234567890', NULL, NULL),
(3991, 1, '103.247.50.157', '1234567890', NULL, NULL),
(3992, 1, '103.247.50.157', '1234567890', NULL, NULL),
(3993, 1, '103.247.50.157', '1234567890', NULL, NULL),
(3994, 1, '103.247.50.157', '1234567890', NULL, NULL),
(3995, 1, '103.247.50.157', '1234567890', NULL, NULL),
(3996, 1, '103.247.50.157', '1234567890', NULL, NULL),
(3997, 1, '103.247.50.157', '1234567890', NULL, NULL),
(3998, 1, '103.247.50.157', '1234567890', NULL, NULL),
(3999, 1, '103.247.50.157', '1234567890', NULL, NULL),
(4000, 1, '103.247.50.157', '1234567890', NULL, NULL),
(4001, 1, '103.247.50.157', '1234567890', NULL, NULL),
(4002, 1, '103.247.50.157', '1234567890', NULL, NULL),
(4003, 1, '103.247.50.157', '1234567890', NULL, NULL),
(4004, 1, '103.247.50.157', '1234567890', NULL, NULL),
(4005, 1, '103.247.50.157', '1234567890', NULL, NULL),
(4006, 1, '103.247.50.157', '1234567890', NULL, NULL),
(4007, 1, '103.247.50.157', '1234567890', NULL, NULL),
(4008, 1, '103.247.50.157', '1234567890', NULL, NULL),
(4009, 1, '103.247.50.157', '1234567890', NULL, NULL),
(4010, 1, '103.247.50.157', '1234567890', NULL, NULL),
(4011, 1, '103.247.50.157', '1234567890', NULL, NULL),
(4012, 1, '103.247.50.157', '1234567890', NULL, NULL),
(4013, 1, '103.247.50.157', '1234567890', NULL, NULL),
(4014, 1, '103.247.50.157', '1234567890', NULL, NULL),
(4015, 1, '103.247.50.157', '1234567890', NULL, NULL),
(4016, 1, '103.247.50.157', '1234567890', NULL, NULL),
(4017, 1, '103.247.50.157', '1234567890', NULL, NULL),
(4018, 1, '103.247.50.157', '1234567890', NULL, NULL),
(4019, 1, '103.247.50.157', '1234567890', NULL, NULL),
(4020, 1, '103.247.50.157', '1234567890', NULL, NULL),
(4021, 1, '103.247.50.157', '1234567890', NULL, NULL),
(4022, 1, '103.247.50.157', '1234567890', NULL, NULL),
(4023, 1, '103.247.50.157', '1234567890', NULL, NULL),
(4024, 1, '103.247.50.157', '1234567890', NULL, NULL),
(4025, 1, '103.247.50.157', '1234567890', NULL, NULL),
(4026, 1, '103.247.50.157', '1234567890', NULL, NULL),
(4027, 1, '103.247.50.157', '1234567890', NULL, NULL),
(4028, 1, '103.247.50.157', '1234567890', NULL, NULL),
(4029, 1, '103.247.50.157', '1234567890', NULL, NULL),
(4030, 1, '103.247.50.157', '1234567890', NULL, NULL),
(4031, 1, '103.247.50.157', '1234567890', NULL, NULL),
(4032, 1, '103.247.50.157', '1234567890', NULL, NULL),
(4033, 1, '103.247.50.157', '1234567890', NULL, NULL),
(4034, 1, '103.247.50.157', '1234567890', NULL, NULL),
(4035, 1, '103.247.50.157', '1234567890', NULL, NULL),
(4036, 1, '103.247.50.157', '1234567890', NULL, NULL),
(4037, 1, '103.247.50.157', '1234567890', NULL, NULL),
(4038, 1, '103.247.50.157', '1234567890', NULL, NULL),
(4039, 1, '103.247.50.157', '1234567890', NULL, NULL),
(4040, 1, '103.247.50.157', '1234567890', NULL, NULL),
(4041, 1, '103.247.50.157', '1234567890', NULL, NULL),
(4042, 1, '103.247.50.157', '1234567890', NULL, NULL),
(4043, 1, '103.247.50.157', '1234567890', NULL, NULL),
(4044, 1, '103.247.50.157', '1234567890', NULL, NULL),
(4045, 1, '103.247.50.157', '1234567890', NULL, NULL),
(4046, 1, '103.247.50.157', '1234567890', NULL, NULL),
(4047, 1, '103.247.50.157', '1234567890', NULL, NULL),
(4048, 1, '103.247.50.157', '1234567890', NULL, NULL),
(4049, 1, '103.247.50.157', '1234567890', NULL, NULL),
(4050, 1, '103.247.50.157', '1234567890', NULL, NULL),
(4051, 1, '103.247.50.157', '1234567890', NULL, NULL),
(4052, 1, '103.247.50.157', '1234567890', NULL, NULL),
(4053, 1, '103.247.50.157', '1234567890', NULL, NULL),
(4054, 1, '103.247.50.157', '1234567890', NULL, NULL),
(4055, 1, '103.247.50.157', '1234567890', NULL, NULL),
(4056, 1, '103.247.50.157', '1234567890', NULL, NULL),
(4057, 1, '103.247.50.157', '1234567890', NULL, NULL),
(4058, 1, '103.247.50.157', '1234567890', NULL, NULL),
(4059, 1, '103.247.50.157', '1234567890', NULL, NULL),
(4060, 1, '103.247.50.157', '1234567890', NULL, NULL),
(4061, 1, '103.247.50.157', '1234567890', NULL, NULL),
(4062, 1, '103.247.50.157', '1234567890', NULL, NULL),
(4063, 1, '103.247.50.157', '1234567890', NULL, NULL),
(4064, 1, '103.247.50.157', '1234567890', NULL, NULL),
(4065, 1, '103.247.50.157', '1234567890', NULL, NULL),
(4066, 1, '103.247.50.157', '1234567890', NULL, NULL),
(4067, 1, '103.247.50.157', '1234567890', NULL, NULL),
(4068, 1, '103.247.50.157', '1234567890', NULL, NULL),
(4069, 1, '103.247.50.157', '1234567890', NULL, NULL),
(4070, 1, '103.247.50.157', '1234567890', NULL, NULL),
(4071, 1, '103.247.50.157', '1234567890', NULL, NULL),
(4072, 1, '103.247.50.157', '1234567890', NULL, NULL),
(4073, 1, '103.247.50.157', '1234567890', NULL, NULL),
(4074, 1, '103.247.50.157', '1234567890', NULL, NULL),
(4075, 1, '103.247.50.157', '1234567890', NULL, NULL),
(4076, 1, '103.247.50.157', '1234567890', NULL, NULL),
(4077, 1, '103.247.50.157', '1234567890', NULL, NULL),
(4078, 1, '103.247.50.157', '1234567890', NULL, NULL),
(4079, 1, '103.247.50.157', '1234567890', NULL, NULL),
(4080, 1, '103.247.50.157', '1234567890', NULL, NULL),
(4081, 1, '103.247.50.157', '1234567890', NULL, NULL),
(4082, 1, '103.247.50.157', '1234567890', NULL, NULL),
(4083, 1, '103.247.50.157', '1234567890', NULL, NULL),
(4084, 1, '103.247.50.157', '1234567890', NULL, NULL),
(4085, 1, '103.247.50.157', '1234567890', NULL, NULL),
(4086, 1, '103.247.50.157', '1234567890', NULL, NULL),
(4087, 1, '103.247.50.157', '1234567890', NULL, NULL),
(4088, 1, '103.247.50.157', '1234567890', NULL, NULL),
(4089, 1, '103.247.50.157', '1234567890', NULL, NULL),
(4090, 1, '103.247.50.157', '1234567890', NULL, NULL),
(4091, 1, '103.247.50.157', '1234567890', NULL, NULL),
(4092, 1, '103.247.50.157', '1234567890', NULL, NULL),
(4093, 1, '103.247.50.157', '1234567890', NULL, NULL),
(4094, 1, '103.247.50.157', '1234567890', NULL, NULL),
(4095, 1, '103.247.50.157', '1234567890', NULL, NULL),
(4096, 1, '103.247.50.157', '1234567890', NULL, NULL),
(4097, 1, '103.247.50.157', '1234567890', NULL, NULL),
(4098, 1, '103.247.50.157', '1234567890', NULL, NULL),
(4099, 1, '103.247.50.157', '1234567890', NULL, NULL),
(4100, 1, '103.247.50.157', '1234567890', NULL, NULL),
(4101, 1, '103.247.50.157', '1234567890', NULL, NULL),
(4102, 1, '103.247.50.157', '1234567890', NULL, NULL),
(4103, 1, '103.247.50.157', '1234567890', NULL, NULL),
(4104, 1, '103.247.50.157', '1234567890', NULL, NULL),
(4105, 1, '103.247.50.157', '1234567890', NULL, NULL),
(4106, 1, '103.247.50.157', '1234567890', NULL, NULL),
(4107, 1, '103.247.50.157', '1234567890', NULL, NULL),
(4108, 1, '103.247.50.157', '1234567890', NULL, NULL),
(4109, 1, '103.247.50.157', '1234567890', NULL, NULL),
(4110, 1, '103.247.50.157', '1234567890', NULL, NULL),
(4111, 1, '103.247.50.157', '1234567890', NULL, NULL),
(4112, 1, '103.247.50.157', '1234567890', NULL, NULL),
(4113, 1, '103.247.50.157', '1234567890', NULL, NULL),
(4114, 1, '103.247.50.157', '1234567890', NULL, NULL),
(4115, 1, '103.247.50.157', '1234567890', NULL, NULL),
(4116, 1, '103.247.50.157', '1234567890', NULL, NULL),
(4117, 1, '103.247.50.157', '1234567890', NULL, NULL),
(4118, 1, '103.247.50.157', '1234567890', NULL, NULL),
(4119, 1, '103.247.50.157', '1234567890', NULL, NULL),
(4120, 1, '103.247.50.157', '1234567890', NULL, NULL),
(4121, 1, '103.247.50.157', '1234567890', NULL, NULL),
(4122, 1, '103.247.50.157', '1234567890', NULL, NULL),
(4123, 1, '103.247.50.157', '1234567890', NULL, NULL),
(4124, 1, '103.247.50.157', '1234567890', NULL, NULL),
(4125, 1, '103.247.50.157', '1234567890', NULL, NULL),
(4126, 1, '103.247.50.157', '1234567890', NULL, NULL),
(4127, 1, '103.247.50.157', '1234567890', NULL, NULL),
(4128, 1, '103.247.50.157', '1234567890', NULL, NULL),
(4129, 1, '103.247.50.157', '1234567890', NULL, NULL),
(4130, 1, '103.247.50.157', '1234567890', NULL, NULL),
(4131, 1, '103.247.50.157', '1234567890', NULL, NULL),
(4132, 1, '103.247.50.157', '1234567890', NULL, NULL),
(4133, 1, '103.247.50.157', '1234567890', NULL, NULL),
(4134, 1, '103.247.50.157', '1234567890', NULL, NULL),
(4135, 1, '103.247.50.157', '1234567890', NULL, NULL),
(4136, 1, '103.247.50.157', '1234567890', NULL, NULL),
(4137, 1, '103.247.50.157', '1234567890', NULL, NULL),
(4138, 1, '103.247.50.157', '1234567890', NULL, NULL),
(4139, 1, '103.247.50.157', '1234567890', NULL, NULL),
(4140, 1, '103.247.50.157', '1234567890', NULL, NULL),
(4141, 1, '103.247.50.157', '1234567890', NULL, NULL),
(4142, 1, '103.247.50.157', '1234567890', NULL, NULL),
(4143, 1, '103.247.50.157', '1234567890', NULL, NULL),
(4144, 1, '103.247.50.157', '1234567890', NULL, NULL),
(4145, 1, '103.247.50.157', '1234567890', NULL, NULL),
(4146, 1, '103.247.50.157', '1234567890', NULL, NULL),
(4147, 1, '103.247.50.157', '1234567890', NULL, NULL),
(4148, 1, '103.247.50.157', '1234567890', NULL, NULL),
(4149, 1, '103.247.50.157', '1234567890', NULL, NULL),
(4150, 1, '103.247.50.157', '1234567890', NULL, NULL),
(4151, 1, '103.247.50.157', '1234567890', NULL, NULL),
(4152, 1, '103.247.50.157', '1234567890', NULL, NULL),
(4153, 1, '103.247.50.157', '1234567890', NULL, NULL),
(4154, 1, '103.247.50.157', '1234567890', NULL, NULL),
(4155, 1, '103.247.50.157', '1234567890', NULL, NULL),
(4156, 1, '103.247.50.157', '1234567890', NULL, NULL),
(4157, 1, '103.247.50.157', '1234567890', NULL, NULL),
(4158, 1, '103.247.50.157', '1234567890', NULL, NULL),
(4159, 1, '103.247.50.157', '1234567890', NULL, NULL),
(4160, 1, '103.247.50.157', '1234567890', NULL, NULL),
(4161, 1, '103.247.50.157', '1234567890', NULL, NULL),
(4162, 1, '103.247.50.157', '1234567890', NULL, NULL),
(4163, 1, '103.247.50.157', '1234567890', NULL, NULL),
(4164, 1, '103.247.50.157', '1234567890', NULL, NULL),
(4165, 1, '103.247.50.157', '1234567890', NULL, NULL),
(4166, 1, '103.247.50.157', '1234567890', NULL, NULL),
(4167, 1, '103.247.50.157', '1234567890', NULL, NULL),
(4168, 1, '103.247.50.157', '1234567890', NULL, NULL),
(4169, 1, '103.247.50.157', '1234567890', NULL, NULL),
(4170, 1, '103.247.50.157', '1234567890', NULL, NULL),
(4171, 1, '103.247.50.157', '1234567890', NULL, NULL),
(4172, 1, '103.247.50.157', '1234567890', NULL, NULL),
(4173, 1, '103.247.50.157', '1234567890', NULL, NULL),
(4174, 1, '103.247.50.157', '1234567890', NULL, NULL),
(4175, 1, '103.247.50.157', '1234567890', NULL, NULL),
(4176, 1, '103.247.50.157', '1234567890', NULL, NULL),
(4177, 1, '103.247.50.157', '1234567890', NULL, NULL),
(4178, 1, '103.247.50.157', '1234567890', NULL, NULL),
(4179, 1, '103.247.50.157', '1234567890', NULL, NULL),
(4180, 1, '103.247.50.157', '1234567890', NULL, NULL),
(4181, 1, '103.247.50.157', '1234567890', NULL, NULL),
(4182, 1, '103.247.50.157', '1234567890', NULL, NULL),
(4183, 1, '103.247.50.157', '1234567890', NULL, NULL),
(4184, 1, '103.247.50.157', '1234567890', NULL, NULL),
(4185, 1, '103.247.50.157', '1234567890', NULL, NULL),
(4186, 1, '103.247.50.157', '1234567890', NULL, NULL),
(4187, 1, '103.247.50.157', '1234567890', NULL, NULL),
(4188, 1, '103.247.50.157', '1234567890', NULL, NULL),
(4189, 1, '103.247.50.157', '1234567890', NULL, NULL),
(4190, 1, '103.247.50.157', '1234567890', NULL, NULL),
(4191, 1, '103.247.50.157', '1234567890', NULL, NULL),
(4192, 1, '103.247.50.157', '1234567890', NULL, NULL),
(4193, 1, '103.247.50.157', '1234567890', NULL, NULL),
(4194, 1, '103.247.50.157', '1234567890', NULL, NULL),
(4195, 1, '103.247.50.157', '1234567890', NULL, NULL),
(4196, 1, '103.247.50.157', '1234567890', NULL, NULL),
(4197, 1, '103.247.50.157', '1234567890', NULL, NULL),
(4198, 1, '103.247.50.157', '1234567890', NULL, NULL),
(4199, 1, '103.247.50.157', '1234567890', NULL, NULL),
(4200, 1, '103.247.50.157', '1234567890', NULL, NULL),
(4201, 1, '103.247.50.157', '1234567890', NULL, NULL),
(4202, 1, '103.247.50.157', '1234567890', NULL, NULL),
(4203, 1, '103.247.50.157', '1234567890', NULL, NULL),
(4204, 1, '103.247.50.157', '1234567890', NULL, NULL),
(4205, 1, '103.247.50.157', '1234567890', NULL, NULL),
(4206, 1, '103.247.50.157', '1234567890', NULL, NULL),
(4207, 1, '103.247.50.157', '1234567890', NULL, NULL),
(4208, 1, '103.247.50.157', '1234567890', NULL, NULL),
(4209, 1, '103.247.50.157', '1234567890', NULL, NULL),
(4210, 1, '103.247.50.157', '1234567890', NULL, NULL),
(4211, 1, '103.247.50.157', '1234567890', NULL, NULL),
(4212, 1, '103.247.50.157', '1234567890', NULL, NULL),
(4213, 1, '103.247.50.157', '1234567890', NULL, NULL),
(4214, 1, '103.247.50.157', '1234567890', NULL, NULL),
(4215, 1, '103.247.50.157', '1234567890', NULL, NULL),
(4216, 1, '103.247.50.157', '1234567890', NULL, NULL),
(4217, 1, '103.247.50.157', '1234567890', NULL, NULL),
(4218, 1, '103.247.50.157', '1234567890', NULL, NULL),
(4219, 1, '103.247.50.157', '1234567890', NULL, NULL),
(4220, 1, '103.247.50.157', '1234567890', NULL, NULL),
(4221, 1, '103.247.50.157', '1234567890', NULL, NULL),
(4222, 1, '103.247.50.157', '1234567890', NULL, NULL),
(4223, 1, '103.247.50.157', '1234567890', NULL, NULL),
(4224, 1, '103.247.50.157', '1234567890', NULL, NULL),
(4225, 1, '103.247.50.157', '1234567890', NULL, NULL),
(4226, 1, '103.247.50.157', '1234567890', NULL, NULL),
(4227, 1, '103.247.50.157', '1234567890', NULL, NULL),
(4228, 1, '103.247.50.157', '1234567890', NULL, NULL),
(4229, 1, '103.247.50.157', '1234567890', NULL, NULL),
(4230, 1, '103.247.50.157', '1234567890', NULL, NULL),
(4231, 1, '103.247.50.157', '1234567890', NULL, NULL),
(4232, 1, '103.247.50.157', '1234567890', NULL, NULL),
(4233, 1, '103.247.50.157', '1234567890', NULL, NULL),
(4234, 1, '103.247.50.157', '1234567890', NULL, NULL),
(4235, 1, '103.247.50.157', '1234567890', NULL, NULL),
(4236, 1, '103.247.50.157', '1234567890', NULL, NULL),
(4237, 1, '103.247.50.157', '1234567890', NULL, NULL),
(4238, 1, '103.247.50.157', '1234567890', NULL, NULL),
(4239, 1, '103.247.50.157', '1234567890', NULL, NULL),
(4240, 1, '103.247.50.157', '1234567890', NULL, NULL),
(4241, 1, '103.247.50.157', '1234567890', NULL, NULL),
(4242, 1, '103.247.50.157', '1234567890', NULL, NULL),
(4243, 1, '103.247.50.157', '1234567890', NULL, NULL),
(4244, 1, '103.247.50.157', '1234567890', NULL, NULL),
(4245, 1, '103.247.50.157', '1234567890', NULL, NULL),
(4246, 1, '103.247.50.157', '1234567890', NULL, NULL),
(4247, 1, '103.247.50.157', '1234567890', NULL, NULL),
(4248, 1, '103.247.50.157', '1234567890', NULL, NULL),
(4249, 1, '103.247.50.157', '1234567890', NULL, NULL),
(4250, 1, '103.247.50.157', '1234567890', NULL, NULL),
(4251, 1, '103.247.50.157', '1234567890', NULL, NULL),
(4252, 1, '103.247.50.157', '1234567890', NULL, NULL),
(4253, 1, '103.247.50.157', '1234567890', NULL, NULL),
(4254, 1, '103.247.50.157', '1234567890', NULL, NULL),
(4255, 1, '103.247.50.157', '1234567890', NULL, NULL),
(4256, 1, '103.247.50.157', '1234567890', NULL, NULL),
(4257, 1, '103.247.50.157', '1234567890', NULL, NULL),
(4258, 1, '103.247.50.157', '1234567890', NULL, NULL),
(4259, 1, '103.247.50.157', '1234567890', NULL, NULL),
(4260, 1, '103.247.50.157', '1234567890', NULL, NULL),
(4261, 1, '103.247.50.157', '1234567890', NULL, NULL),
(4262, 1, '103.247.50.157', '1234567890', NULL, NULL),
(4263, 1, '103.247.50.157', '1234567890', NULL, NULL),
(4264, 1, '103.247.50.157', '1234567890', NULL, NULL),
(4265, 1, '103.247.50.157', '1234567890', NULL, NULL),
(4266, 1, '103.247.50.157', '1234567890', NULL, NULL),
(4267, 1, '103.247.50.157', '1234567890', NULL, NULL),
(4268, 1, '103.247.50.157', '1234567890', NULL, NULL),
(4269, 1, '103.247.50.157', '1234567890', NULL, NULL),
(4270, 1, '103.247.50.157', '1234567890', NULL, NULL),
(4271, 1, '103.247.50.157', '1234567890', NULL, NULL),
(4272, 1, '103.247.50.157', '1234567890', NULL, NULL),
(4273, 1, '103.247.50.157', '1234567890', NULL, NULL),
(4274, 1, '103.247.50.157', '1234567890', NULL, NULL),
(4275, 1, '103.247.50.157', '1234567890', NULL, NULL),
(4276, 1, '103.247.50.157', '1234567890', NULL, NULL),
(4277, 1, '103.247.50.157', '1234567890', NULL, NULL),
(4278, 1, '103.247.50.157', '1234567890', NULL, NULL),
(4279, 1, '103.247.50.157', '1234567890', NULL, NULL),
(4280, 1, '103.247.50.157', '1234567890', NULL, NULL),
(4281, 1, '103.247.50.157', '1234567890', NULL, NULL),
(4282, 1, '103.247.50.157', '1234567890', NULL, NULL),
(4283, 1, '103.247.50.157', '1234567890', NULL, NULL),
(4284, 1, '103.247.50.157', '1234567890', NULL, NULL),
(4285, 1, '103.247.50.157', '1234567890', NULL, NULL),
(4286, 1, '103.247.50.157', '1234567890', NULL, NULL),
(4287, 1, '103.247.50.157', '1234567890', NULL, NULL),
(4288, 1, '103.247.50.157', '1234567890', NULL, NULL),
(4289, 1, '103.247.50.157', '1234567890', NULL, NULL),
(4290, 1, '103.247.50.157', '1234567890', NULL, NULL),
(4291, 1, '103.247.50.157', '1234567890', NULL, NULL),
(4292, 1, '103.247.50.157', '1234567890', NULL, NULL),
(4293, 1, '103.247.50.157', '1234567890', NULL, NULL),
(4294, 1, '103.247.50.157', '1234567890', NULL, NULL),
(4295, 1, '103.247.50.157', '1234567890', NULL, NULL),
(4296, 1, '103.247.50.157', '1234567890', NULL, NULL),
(4297, 1, '103.247.50.157', '1234567890', NULL, NULL),
(4298, 1, '103.247.50.157', '1234567890', NULL, NULL),
(4299, 1, '103.247.50.157', '1234567890', NULL, NULL),
(4300, 1, '103.247.50.157', '1234567890', NULL, NULL),
(4301, 1, '103.247.50.157', '1234567890', NULL, NULL),
(4302, 1, '103.247.50.157', '1234567890', NULL, NULL),
(4303, 1, '103.247.50.157', '1234567890', NULL, NULL),
(4304, 1, '103.247.50.157', '1234567890', NULL, NULL),
(4305, 1, '103.247.50.157', '1234567890', NULL, NULL),
(4306, 1, '103.247.50.157', '1234567890', NULL, NULL),
(4307, 1, '103.247.50.157', '1234567890', NULL, NULL),
(4308, 1, '103.247.50.157', '1234567890', NULL, NULL),
(4309, 1, '103.247.50.157', '1234567890', NULL, NULL),
(4310, 1, '103.247.50.157', '1234567890', NULL, NULL),
(4311, 1, '103.247.50.157', '1234567890', NULL, NULL),
(4312, 1, '103.247.50.157', '1234567890', NULL, NULL),
(4313, 1, '103.247.50.157', '1234567890', NULL, NULL),
(4314, 1, '103.247.50.157', '1234567890', NULL, NULL),
(4315, 1, '103.247.50.157', '1234567890', NULL, NULL),
(4316, 1, '103.247.50.157', '1234567890', NULL, NULL),
(4317, 1, '103.247.50.157', '1234567890', NULL, NULL),
(4318, 1, '103.247.50.157', '1234567890', NULL, NULL),
(4319, 1, '103.247.50.157', '1234567890', NULL, NULL),
(4320, 1, '103.247.50.157', '1234567890', NULL, NULL),
(4321, 1, '103.247.50.157', '1234567890', NULL, NULL),
(4322, 1, '103.247.50.157', '1234567890', NULL, NULL),
(4323, 1, '103.247.50.157', '1234567890', NULL, NULL),
(4324, 1, '103.247.50.157', '1234567890', NULL, NULL),
(4325, 1, '103.247.50.157', '1234567890', NULL, NULL),
(4326, 1, '103.247.50.157', '1234567890', NULL, NULL),
(4327, 1, '103.247.50.157', '1234567890', NULL, NULL),
(4328, 1, '103.247.50.157', '1234567890', NULL, NULL),
(4329, 1, '103.247.50.157', '1234567890', NULL, NULL),
(4330, 1, '103.247.50.157', '1234567890', NULL, NULL),
(4331, 1, '103.247.50.157', '1234567890', NULL, NULL),
(4332, 1, '103.247.50.157', '1234567890', NULL, NULL),
(4333, 1, '103.247.50.157', '1234567890', NULL, NULL),
(4334, 1, '103.247.50.157', '1234567890', NULL, NULL),
(4335, 1, '103.247.50.157', '1234567890', NULL, NULL),
(4336, 1, '103.247.50.157', '1234567890', NULL, NULL),
(4337, 1, '103.247.50.157', '1234567890', NULL, NULL),
(4338, 1, '103.247.50.157', '1234567890', NULL, NULL),
(4339, 1, '103.247.50.157', '1234567890', NULL, NULL),
(4340, 1, '103.247.50.157', '1234567890', NULL, NULL),
(4341, 1, '103.247.50.157', '1234567890', NULL, NULL),
(4342, 1, '103.247.50.157', '1234567890', NULL, NULL),
(4343, 1, '103.247.50.157', '1234567890', NULL, NULL),
(4344, 1, '103.247.50.157', '1234567890', NULL, NULL),
(4345, 1, '103.247.50.157', '1234567890', NULL, NULL),
(4346, 1, '103.247.50.157', '1234567890', NULL, NULL),
(4347, 1, '103.247.50.157', '1234567890', NULL, NULL),
(4348, 1, '103.247.50.157', '1234567890', NULL, NULL),
(4349, 1, '103.247.50.157', '1234567890', NULL, NULL),
(4350, 1, '103.247.50.157', '1234567890', NULL, NULL),
(4351, 1, '103.247.50.157', '1234567890', NULL, NULL),
(4352, 1, '103.247.50.157', '1234567890', NULL, NULL),
(4353, 1, '103.247.50.157', '1234567890', NULL, NULL),
(4354, 1, '103.247.50.157', '1234567890', NULL, NULL),
(4355, 1, '103.247.50.157', '1234567890', NULL, NULL),
(4356, 1, '103.247.50.157', '1234567890', NULL, NULL),
(4357, 1, '103.247.50.157', '1234567890', NULL, NULL),
(4358, 1, '103.247.50.157', '1234567890', NULL, NULL),
(4359, 1, '103.247.50.157', '1234567890', NULL, NULL),
(4360, 1, '103.247.50.157', '1234567890', NULL, NULL),
(4361, 1, '103.247.50.157', '1234567890', NULL, NULL),
(4362, 1, '103.247.50.157', '1234567890', NULL, NULL),
(4363, 1, '103.247.50.157', '1234567890', NULL, NULL),
(4364, 1, '103.247.50.157', '1234567890', NULL, NULL),
(4365, 1, '103.247.50.157', '1234567890', NULL, NULL),
(4366, 1, '103.247.50.157', '1234567890', NULL, NULL),
(4367, 1, '103.247.50.157', '1234567890', NULL, NULL),
(4368, 1, '103.247.50.157', '1234567890', NULL, NULL),
(4369, 1, '103.247.50.157', '1234567890', NULL, NULL),
(4370, 1, '103.247.50.157', '1234567890', NULL, NULL),
(4371, 1, '103.247.50.157', '1234567890', NULL, NULL),
(4372, 1, '103.247.50.157', '1234567890', NULL, NULL),
(4373, 1, '103.247.50.157', '1234567890', NULL, NULL),
(4374, 1, '103.247.50.157', '1234567890', NULL, NULL),
(4375, 1, '103.247.50.157', '1234567890', NULL, NULL),
(4376, 1, '103.247.50.157', '1234567890', NULL, NULL),
(4377, 1, '103.247.50.157', '1234567890', NULL, NULL),
(4378, 1, '103.247.50.157', '1234567890', NULL, NULL),
(4379, 1, '103.247.50.157', '1234567890', NULL, NULL),
(4380, 1, '103.247.50.157', '1234567890', NULL, NULL),
(4381, 1, '103.247.50.157', '1234567890', NULL, NULL),
(4382, 1, '103.247.50.157', '1234567890', NULL, NULL),
(4383, 1, '103.247.50.157', '1234567890', NULL, NULL),
(4384, 1, '103.247.50.157', '1234567890', NULL, NULL),
(4385, 1, '103.247.50.157', '1234567890', NULL, NULL),
(4386, 1, '103.247.50.157', '1234567890', NULL, NULL),
(4387, 1, '103.247.50.157', '1234567890', NULL, NULL),
(4388, 1, '103.247.50.157', '1234567890', NULL, NULL),
(4389, 1, '103.247.50.157', '1234567890', NULL, NULL),
(4390, 1, '103.247.50.157', '1234567890', NULL, NULL),
(4391, 1, '103.247.50.157', '1234567890', NULL, NULL),
(4392, 1, '103.247.50.157', '1234567890', NULL, NULL),
(4393, 1, '103.247.50.157', '1234567890', NULL, NULL),
(4394, 1, '103.247.50.157', '1234567890', NULL, NULL),
(4395, 1, '103.247.50.157', '1234567890', NULL, NULL),
(4396, 1, '103.247.50.157', '1234567890', NULL, NULL),
(4397, 1, '103.247.50.157', '1234567890', NULL, NULL),
(4398, 1, '103.247.50.157', '1234567890', NULL, NULL),
(4399, 1, '103.247.50.157', '1234567890', NULL, NULL),
(4400, 1, '103.247.50.157', '1234567890', NULL, NULL),
(4401, 1, '103.247.50.157', '1234567890', NULL, NULL),
(4402, 1, '103.247.50.157', '1234567890', NULL, NULL),
(4403, 1, '103.247.50.157', '1234567890', NULL, NULL),
(4404, 1, '103.247.50.157', '1234567890', NULL, NULL),
(4405, 1, '103.247.50.157', '1234567890', NULL, NULL),
(4406, 1, '103.247.50.157', '1234567890', NULL, NULL),
(4407, 1, '103.247.50.157', '1234567890', NULL, NULL),
(4408, 1, '103.247.50.157', '1234567890', NULL, NULL),
(4409, 1, '103.247.50.157', '1234567890', NULL, NULL),
(4410, 1, '103.247.50.157', '1234567890', NULL, NULL),
(4411, 1, '103.247.50.157', '1234567890', NULL, NULL),
(4412, 1, '103.247.50.157', '1234567890', NULL, NULL),
(4413, 1, '103.247.50.157', '1234567890', NULL, NULL),
(4414, 1, '103.247.50.157', '1234567890', NULL, NULL),
(4415, 1, '103.247.50.157', '1234567890', NULL, NULL),
(4416, 1, '103.247.50.157', '1234567890', NULL, NULL),
(4417, 1, '103.247.50.157', '1234567890', NULL, NULL),
(4418, 1, '103.247.50.157', '1234567890', NULL, NULL),
(4419, 1, '103.247.50.157', '1234567890', NULL, NULL),
(4420, 1, '103.247.50.157', '1234567890', NULL, NULL),
(4421, 1, '103.247.50.157', '1234567890', NULL, NULL),
(4422, 1, '103.247.50.157', '1234567890', NULL, NULL),
(4423, 1, '103.247.50.157', '1234567890', NULL, NULL),
(4424, 1, '103.247.50.157', '1234567890', NULL, NULL),
(4425, 1, '103.247.50.157', '1234567890', NULL, NULL),
(4426, 1, '103.247.50.157', '1234567890', NULL, NULL),
(4427, 1, '103.247.50.157', '1234567890', NULL, NULL),
(4428, 1, '103.247.50.157', '1234567890', NULL, NULL),
(4429, 1, '103.247.50.157', '1234567890', NULL, NULL),
(4430, 1, '103.247.50.157', '1234567890', NULL, NULL),
(4431, 1, '103.247.50.157', '1234567890', NULL, NULL),
(4432, 1, '103.247.50.157', '1234567890', NULL, NULL),
(4433, 1, '103.247.50.157', '1234567890', NULL, NULL),
(4434, 1, '103.247.50.157', '1234567890', NULL, NULL),
(4435, 1, '103.247.50.157', '1234567890', NULL, NULL),
(4436, 1, '103.247.50.157', '1234567890', NULL, NULL),
(4437, 1, '103.247.50.157', '1234567890', NULL, NULL),
(4438, 1, '103.247.50.157', '1234567890', NULL, NULL),
(4439, 1, '103.247.50.157', '1234567890', NULL, NULL),
(4440, 1, '103.247.50.157', '1234567890', NULL, NULL),
(4441, 1, '103.247.50.157', '1234567890', NULL, NULL),
(4442, 1, '103.247.50.157', '1234567890', NULL, NULL),
(4443, 1, '103.247.50.157', '1234567890', NULL, NULL),
(4444, 1, '103.247.50.157', '1234567890', NULL, NULL),
(4445, 1, '103.247.50.157', '1234567890', NULL, NULL),
(4446, 1, '103.247.50.157', '1234567890', NULL, NULL),
(4447, 1, '103.247.50.157', '1234567890', NULL, NULL),
(4448, 1, '103.247.50.157', '1234567890', NULL, NULL),
(4449, 1, '103.247.50.157', '1234567890', NULL, NULL),
(4450, 1, '103.247.50.157', '1234567890', NULL, NULL),
(4451, 1, '103.247.50.157', '1234567890', NULL, NULL),
(4452, 1, '103.247.50.157', '1234567890', NULL, NULL),
(4453, 1, '103.247.50.157', '1234567890', NULL, NULL),
(4454, 1, '103.247.50.157', '1234567890', NULL, NULL),
(4455, 1, '103.247.50.157', '1234567890', NULL, NULL),
(4456, 1, '103.247.50.157', '1234567890', NULL, NULL),
(4457, 1, '103.247.50.157', '1234567890', NULL, NULL),
(4458, 1, '103.247.50.157', '1234567890', NULL, NULL),
(4459, 1, '103.247.50.157', '1234567890', NULL, NULL),
(4460, 1, '103.247.50.157', '1234567890', NULL, NULL),
(4461, 1, '103.247.50.157', '1234567890', NULL, NULL),
(4462, 1, '103.247.50.157', '1234567890', NULL, NULL),
(4463, 1, '103.247.50.157', '1234567890', NULL, NULL),
(4464, 1, '103.247.50.157', '1234567890', NULL, NULL),
(4465, 1, '103.247.50.157', '1234567890', NULL, NULL),
(4466, 1, '103.247.50.157', '1234567890', NULL, NULL),
(4467, 1, '103.247.50.157', '1234567890', NULL, NULL),
(4468, 1, '103.247.50.157', '1234567890', NULL, NULL),
(4469, 1, '103.247.50.157', '1234567890', NULL, NULL),
(4470, 1, '103.247.50.157', '1234567890', NULL, NULL),
(4471, 1, '103.247.50.157', '1234567890', NULL, NULL),
(4472, 1, '103.247.50.157', '1234567890', NULL, NULL),
(4473, 1, '103.247.50.157', '1234567890', NULL, NULL),
(4474, 1, '103.247.50.157', '1234567890', NULL, NULL),
(4475, 1, '103.247.50.157', '1234567890', NULL, NULL),
(4476, 1, '103.247.50.157', '1234567890', NULL, NULL),
(4477, 1, '103.247.50.157', '1234567890', NULL, NULL),
(4478, 1, '103.247.50.157', '1234567890', NULL, NULL),
(4479, 1, '103.247.50.157', '1234567890', NULL, NULL),
(4480, 1, '103.247.50.157', '1234567890', NULL, NULL),
(4481, 1, '103.247.50.157', '1234567890', NULL, NULL),
(4482, 1, '103.247.50.157', '1234567890', NULL, NULL),
(4483, 1, '103.247.50.157', '1234567890', NULL, NULL),
(4484, 1, '103.247.50.157', '1234567890', NULL, NULL),
(4485, 1, '103.247.50.157', '1234567890', NULL, NULL),
(4486, 1, '103.247.50.157', '1234567890', NULL, NULL),
(4487, 1, '103.247.50.157', '1234567890', NULL, NULL),
(4488, 1, '103.247.50.157', '1234567890', NULL, NULL),
(4489, 1, '103.247.50.157', '1234567890', NULL, NULL),
(4490, 1, '103.247.50.157', '1234567890', NULL, NULL),
(4491, 1, '103.247.50.157', '1234567890', NULL, NULL),
(4492, 1, '103.247.50.157', '1234567890', NULL, NULL),
(4493, 1, '103.247.50.157', '1234567890', NULL, NULL),
(4494, 1, '103.247.50.157', '1234567890', NULL, NULL),
(4495, 1, '103.247.50.157', '1234567890', NULL, NULL),
(4496, 1, '103.247.50.157', '1234567890', NULL, NULL),
(4497, 1, '103.247.50.157', '1234567890', NULL, NULL),
(4498, 1, '103.247.50.157', '1234567890', NULL, NULL),
(4499, 1, '103.247.50.157', '1234567890', NULL, NULL),
(4500, 1, '103.247.50.157', '1234567890', NULL, NULL),
(4501, 1, '103.247.50.157', '1234567890', NULL, NULL),
(4502, 1, '103.247.50.157', '1234567890', NULL, NULL),
(4503, 1, '103.247.50.157', '1234567890', NULL, NULL),
(4504, 1, '103.247.50.157', '1234567890', NULL, NULL),
(4505, 1, '103.247.50.157', '1234567890', NULL, NULL),
(4506, 1, '103.247.50.157', '1234567890', NULL, NULL),
(4507, 1, '103.247.50.157', '1234567890', NULL, NULL),
(4508, 1, '103.247.50.157', '1234567890', NULL, NULL),
(4509, 1, '103.247.50.157', '1234567890', NULL, NULL),
(4510, 1, '103.247.50.157', '1234567890', NULL, NULL),
(4511, 1, '103.247.50.157', '1234567890', NULL, NULL),
(4512, 1, '103.247.50.157', '1234567890', NULL, NULL),
(4513, 1, '103.247.50.157', '1234567890', NULL, NULL),
(4514, 1, '103.247.50.157', '1234567890', NULL, NULL),
(4515, 1, '103.247.50.157', '1234567890', NULL, NULL),
(4516, 1, '103.247.50.157', '1234567890', NULL, NULL),
(4517, 1, '103.247.50.157', '1234567890', NULL, NULL),
(4518, 1, '103.247.50.157', '1234567890', NULL, NULL),
(4519, 1, '103.247.50.157', '1234567890', NULL, NULL),
(4520, 1, '103.247.50.157', '1234567890', NULL, NULL),
(4521, 1, '103.247.50.157', '1234567890', NULL, NULL),
(4522, 1, '103.247.50.157', '1234567890', NULL, NULL),
(4523, 1, '103.247.50.157', '1234567890', NULL, NULL),
(4524, 1, '103.247.50.157', '1234567890', NULL, NULL),
(4525, 1, '103.247.50.157', '1234567890', NULL, NULL),
(4526, 1, '103.247.50.157', '1234567890', NULL, NULL),
(4527, 1, '103.247.50.157', '1234567890', NULL, NULL),
(4528, 1, '103.247.50.157', '1234567890', NULL, NULL),
(4529, 1, '103.247.50.157', '1234567890', NULL, NULL),
(4530, 1, '103.247.50.157', '1234567890', NULL, NULL),
(4531, 1, '103.247.50.157', '1234567890', NULL, NULL),
(4532, 1, '103.247.50.157', '1234567890', NULL, NULL),
(4533, 1, '103.247.50.157', '1234567890', NULL, NULL),
(4534, 1, '103.247.50.157', '1234567890', NULL, NULL),
(4535, 1, '103.247.50.157', '1234567890', NULL, NULL),
(4536, 1, '103.247.50.157', '1234567890', NULL, NULL),
(4537, 1, '103.247.50.157', '1234567890', NULL, NULL),
(4538, 1, '103.247.50.157', '1234567890', NULL, NULL),
(4539, 1, '103.247.50.157', '1234567890', NULL, NULL),
(4540, 1, '103.247.50.157', '1234567890', NULL, NULL),
(4541, 1, '103.247.50.157', '1234567890', NULL, NULL),
(4542, 1, '103.247.50.157', '1234567890', NULL, NULL),
(4543, 1, '103.247.50.157', '1234567890', NULL, NULL),
(4544, 1, '103.247.50.157', '1234567890', NULL, NULL),
(4545, 1, '103.247.50.157', '1234567890', NULL, NULL),
(4546, 1, '103.247.50.157', '1234567890', NULL, NULL),
(4547, 1, '103.247.50.157', '1234567890', NULL, NULL),
(4548, 1, '103.247.50.157', '1234567890', NULL, NULL),
(4549, 1, '103.247.50.157', '1234567890', NULL, NULL),
(4550, 1, '103.247.50.157', '1234567890', NULL, NULL),
(4551, 1, '103.247.50.157', '1234567890', NULL, NULL),
(4552, 1, '103.247.50.157', '1234567890', NULL, NULL),
(4553, 1, '103.247.50.157', '1234567890', NULL, NULL),
(4554, 1, '103.247.50.157', '1234567890', NULL, NULL),
(4555, 1, '103.247.50.157', '1234567890', NULL, NULL),
(4556, 1, '103.247.50.157', '1234567890', NULL, NULL),
(4557, 1, '103.247.50.157', '1234567890', NULL, NULL),
(4558, 1, '103.247.50.157', '1234567890', NULL, NULL),
(4559, 1, '103.247.50.157', '1234567890', NULL, NULL),
(4560, 1, '103.247.50.157', '1234567890', NULL, NULL),
(4561, 1, '103.247.50.157', '1234567890', NULL, NULL),
(4562, 1, '103.247.50.157', '1234567890', NULL, NULL),
(4563, 1, '103.247.50.157', '1234567890', NULL, NULL),
(4564, 1, '103.247.50.157', '1234567890', NULL, NULL),
(4565, 1, '103.247.50.157', '1234567890', NULL, NULL),
(4566, 1, '103.247.50.157', '1234567890', NULL, NULL),
(4567, 1, '103.247.50.157', '1234567890', NULL, NULL),
(4568, 1, '103.247.50.157', '1234567890', NULL, NULL),
(4569, 1, '103.247.50.157', '1234567890', NULL, NULL),
(4570, 1, '103.247.50.157', '1234567890', NULL, NULL),
(4571, 1, '103.247.50.157', '1234567890', NULL, NULL),
(4572, 1, '103.247.50.157', '1234567890', NULL, NULL),
(4573, 1, '103.247.50.157', '1234567890', NULL, NULL),
(4574, 1, '103.247.50.157', '1234567890', NULL, NULL),
(4575, 1, '103.247.50.157', '1234567890', NULL, NULL),
(4576, 1, '103.247.50.157', '1234567890', NULL, NULL),
(4577, 1, '103.247.50.157', '1234567890', NULL, NULL),
(4578, 1, '103.247.50.157', '1234567890', NULL, NULL),
(4579, 1, '103.247.50.157', '1234567890', NULL, NULL),
(4580, 1, '103.247.50.157', '1234567890', NULL, NULL),
(4581, 1, '103.247.50.157', '1234567890', NULL, NULL),
(4582, 1, '103.247.50.157', '1234567890', NULL, NULL),
(4583, 1, '103.247.50.157', '1234567890', NULL, NULL),
(4584, 1, '103.247.50.157', '1234567890', NULL, NULL),
(4585, 1, '103.247.50.157', '1234567890', NULL, NULL),
(4586, 1, '103.247.50.157', '1234567890', NULL, NULL),
(4587, 1, '103.247.50.157', '1234567890', NULL, NULL),
(4588, 1, '103.247.50.157', '1234567890', NULL, NULL),
(4589, 1, '103.247.50.157', '1234567890', NULL, NULL),
(4590, 1, '103.247.50.157', '1234567890', NULL, NULL),
(4591, 1, '103.247.50.157', '1234567890', NULL, NULL),
(4592, 1, '103.247.50.157', '1234567890', NULL, NULL),
(4593, 1, '103.247.50.157', '1234567890', NULL, NULL),
(4594, 1, '103.247.50.157', '1234567890', NULL, NULL),
(4595, 1, '103.247.50.157', '1234567890', NULL, NULL),
(4596, 1, '103.247.50.157', '1234567890', NULL, NULL),
(4597, 1, '103.247.50.157', '1234567890', NULL, NULL),
(4598, 1, '103.247.50.157', '1234567890', NULL, NULL),
(4599, 1, '103.247.50.157', '1234567890', NULL, NULL),
(4600, 1, '103.247.50.157', '1234567890', NULL, NULL),
(4601, 1, '103.247.50.157', '1234567890', NULL, NULL),
(4602, 1, '103.247.50.157', '1234567890', NULL, NULL),
(4603, 1, '103.247.50.157', '1234567890', NULL, NULL),
(4604, 1, '103.247.50.157', '1234567890', NULL, NULL),
(4605, 1, '103.247.50.157', '1234567890', NULL, NULL),
(4606, 1, '103.247.50.157', '1234567890', NULL, NULL),
(4607, 1, '103.247.50.157', '1234567890', NULL, NULL),
(4608, 1, '103.247.50.157', '1234567890', NULL, NULL),
(4609, 1, '103.247.50.157', '1234567890', NULL, NULL),
(4610, 1, '103.247.50.157', '1234567890', NULL, NULL),
(4611, 1, '103.247.50.157', '1234567890', NULL, NULL),
(4612, 1, '103.247.50.157', '1234567890', NULL, NULL),
(4613, 1, '103.247.50.157', '1234567890', NULL, NULL),
(4614, 1, '103.247.50.157', '1234567890', NULL, NULL),
(4615, 1, '103.247.50.157', '1234567890', NULL, NULL),
(4616, 1, '103.247.50.157', '1234567890', NULL, NULL),
(4617, 1, '103.247.50.157', '1234567890', NULL, NULL),
(4618, 1, '103.247.50.157', '1234567890', NULL, NULL),
(4619, 1, '103.247.50.157', '1234567890', NULL, NULL),
(4620, 1, '103.247.50.157', '1234567890', NULL, NULL),
(4621, 1, '103.247.50.157', '1234567890', NULL, NULL),
(4622, 1, '103.247.50.157', '1234567890', NULL, NULL),
(4623, 1, '103.247.50.157', '1234567890', NULL, NULL),
(4624, 1, '103.247.50.157', '1234567890', NULL, NULL),
(4625, 1, '103.247.50.157', '1234567890', NULL, NULL),
(4626, 1, '103.247.50.157', '1234567890', NULL, NULL),
(4627, 1, '103.247.50.157', '1234567890', NULL, NULL),
(4628, 1, '103.247.50.157', '1234567890', NULL, NULL),
(4629, 1, '103.247.50.157', '1234567890', NULL, NULL),
(4630, 1, '103.247.50.157', '1234567890', NULL, NULL),
(4631, 1, '103.247.50.157', '1234567890', NULL, NULL),
(4632, 1, '103.247.50.157', '1234567890', NULL, NULL),
(4633, 1, '103.247.50.157', '1234567890', NULL, NULL),
(4634, 1, '103.247.50.157', '1234567890', NULL, NULL),
(4635, 1, '103.247.50.157', '1234567890', NULL, NULL),
(4636, 1, '103.247.50.157', '1234567890', NULL, NULL),
(4637, 1, '103.247.50.157', '1234567890', NULL, NULL),
(4638, 1, '103.247.50.157', '1234567890', NULL, NULL),
(4639, 1, '103.247.50.157', '1234567890', NULL, NULL),
(4640, 1, '103.247.50.157', '1234567890', NULL, NULL),
(4641, 1, '103.247.50.157', '1234567890', NULL, NULL),
(4642, 1, '103.247.50.157', '1234567890', NULL, NULL),
(4643, 1, '103.247.50.157', '1234567890', NULL, NULL),
(4644, 1, '103.247.50.157', '1234567890', NULL, NULL),
(4645, 1, '103.247.50.157', '1234567890', NULL, NULL),
(4646, 1, '103.247.50.157', '1234567890', NULL, NULL),
(4647, 1, '103.247.50.157', '1234567890', NULL, NULL),
(4648, 1, '103.247.50.157', '1234567890', NULL, NULL),
(4649, 1, '103.247.50.157', '1234567890', NULL, NULL),
(4650, 1, '103.247.50.157', '1234567890', NULL, NULL),
(4651, 1, '103.247.50.157', '1234567890', NULL, NULL),
(4652, 1, '103.247.50.157', '1234567890', NULL, NULL),
(4653, 1, '103.247.50.157', '1234567890', NULL, NULL),
(4654, 1, '103.247.50.157', '1234567890', NULL, NULL),
(4655, 1, '103.247.50.157', '1234567890', NULL, NULL),
(4656, 1, '103.247.50.157', '1234567890', NULL, NULL),
(4657, 1, '103.247.50.157', '1234567890', NULL, NULL),
(4658, 1, '103.247.50.157', '1234567890', NULL, NULL),
(4659, 1, '103.247.50.157', '1234567890', NULL, NULL),
(4660, 1, '103.247.50.157', '1234567890', NULL, NULL),
(4661, 1, '103.247.50.157', '1234567890', NULL, NULL),
(4662, 1, '103.247.50.157', '1234567890', NULL, NULL),
(4663, 1, '103.247.50.157', '1234567890', NULL, NULL),
(4664, 1, '103.247.50.157', '1234567890', NULL, NULL),
(4665, 1, '103.247.50.157', '1234567890', NULL, NULL),
(4666, 1, '103.247.50.157', '1234567890', NULL, NULL),
(4667, 1, '103.247.50.157', '1234567890', NULL, NULL),
(4668, 1, '103.247.50.157', '1234567890', NULL, NULL),
(4669, 1, '103.247.50.157', '1234567890', NULL, NULL),
(4670, 1, '103.247.50.157', '1234567890', NULL, NULL),
(4671, 1, '103.247.50.157', '1234567890', NULL, NULL),
(4672, 1, '103.247.50.157', '1234567890', NULL, NULL),
(4673, 1, '103.247.50.157', '1234567890', NULL, NULL),
(4674, 1, '103.247.50.157', '1234567890', NULL, NULL),
(4675, 1, '103.247.50.157', '1234567890', NULL, NULL),
(4676, 1, '103.247.50.157', '1234567890', NULL, NULL),
(4677, 1, '103.247.50.157', '1234567890', NULL, NULL),
(4678, 1, '103.247.50.157', '1234567890', NULL, NULL),
(4679, 1, '103.247.50.157', '1234567890', NULL, NULL),
(4680, 1, '103.247.50.157', '1234567890', NULL, NULL),
(4681, 1, '103.247.50.157', '1234567890', NULL, NULL),
(4682, 1, '103.247.50.157', '1234567890', NULL, NULL),
(4683, 1, '103.247.50.157', '1234567890', NULL, NULL),
(4684, 1, '103.247.50.157', '1234567890', NULL, NULL),
(4685, 1, '103.247.50.157', '1234567890', NULL, NULL),
(4686, 1, '103.247.50.157', '1234567890', NULL, NULL),
(4687, 1, '103.247.50.157', '1234567890', NULL, NULL),
(4688, 1, '103.247.50.157', '1234567890', NULL, NULL),
(4689, 1, '103.247.50.157', '1234567890', NULL, NULL),
(4690, 1, '103.247.50.157', '1234567890', NULL, NULL),
(4691, 1, '103.247.50.157', '1234567890', NULL, NULL),
(4692, 1, '103.247.50.157', '1234567890', NULL, NULL),
(4693, 1, '103.247.50.157', '1234567890', NULL, NULL),
(4694, 1, '103.247.50.157', '1234567890', NULL, NULL),
(4695, 1, '103.247.50.157', '1234567890', NULL, NULL),
(4696, 1, '103.247.50.157', '1234567890', NULL, NULL),
(4697, 1, '103.247.50.157', '1234567890', NULL, NULL),
(4698, 1, '103.247.50.157', '1234567890', NULL, NULL),
(4699, 1, '103.247.50.157', '1234567890', NULL, NULL),
(4700, 1, '103.247.50.157', '1234567890', NULL, NULL),
(4701, 1, '103.247.50.157', '1234567890', NULL, NULL),
(4702, 1, '103.247.50.157', '1234567890', NULL, NULL),
(4703, 1, '103.247.50.157', '1234567890', NULL, NULL),
(4704, 1, '103.247.50.157', '1234567890', NULL, NULL),
(4705, 1, '103.247.50.157', '1234567890', NULL, NULL),
(4706, 1, '103.247.50.157', '1234567890', NULL, NULL),
(4707, 1, '103.247.50.157', '1234567890', NULL, NULL),
(4708, 1, '103.247.50.157', '1234567890', NULL, NULL),
(4709, 1, '103.247.50.157', '1234567890', NULL, NULL),
(4710, 1, '103.247.50.157', '1234567890', NULL, NULL),
(4711, 1, '103.247.50.157', '1234567890', NULL, NULL),
(4712, 1, '103.247.50.157', '1234567890', NULL, NULL),
(4713, 1, '103.247.50.157', '1234567890', NULL, NULL),
(4714, 1, '103.247.50.157', '1234567890', NULL, NULL),
(4715, 1, '103.247.50.157', '1234567890', NULL, NULL),
(4716, 1, '103.247.50.157', '1234567890', NULL, NULL),
(4717, 1, '103.247.50.157', '1234567890', NULL, NULL),
(4718, 1, '103.247.50.157', '1234567890', NULL, NULL),
(4719, 1, '103.247.50.157', '1234567890', NULL, NULL),
(4720, 1, '103.247.50.157', '1234567890', NULL, NULL),
(4721, 1, '103.247.50.157', '1234567890', NULL, NULL),
(4722, 1, '103.247.50.157', '1234567890', NULL, NULL),
(4723, 1, '103.247.50.157', '1234567890', NULL, NULL),
(4724, 1, '103.247.50.157', '1234567890', NULL, NULL),
(4725, 1, '103.247.50.157', '1234567890', NULL, NULL),
(4726, 1, '103.247.50.157', '1234567890', NULL, NULL),
(4727, 1, '103.247.50.157', '1234567890', NULL, NULL),
(4728, 1, '103.247.50.157', '1234567890', NULL, NULL);
INSERT INTO `heartbeat` (`id`, `systems`, `ip`, `description`, `regtime`, `status`) VALUES
(4729, 1, '103.247.50.157', '1234567890', NULL, NULL),
(4730, 1, '103.247.50.157', '1234567890', NULL, NULL),
(4731, 1, '103.247.50.157', '1234567890', NULL, NULL),
(4732, 1, '103.247.50.157', '1234567890', NULL, NULL),
(4733, 1, '103.247.50.157', '1234567890', NULL, NULL),
(4734, 1, '103.247.50.157', '1234567890', NULL, NULL),
(4735, 1, '103.247.50.157', '1234567890', NULL, NULL),
(4736, 1, '103.247.50.157', '1234567890', NULL, NULL),
(4737, 1, '103.247.50.157', '1234567890', NULL, NULL),
(4738, 1, '103.247.50.157', '1234567890', NULL, NULL),
(4739, 1, '103.247.50.157', '1234567890', NULL, NULL),
(4740, 1, '103.247.50.157', '1234567890', NULL, NULL),
(4741, 1, '103.247.50.157', '1234567890', NULL, NULL),
(4742, 1, '103.247.50.157', '1234567890', NULL, NULL),
(4743, 1, '103.247.50.157', '1234567890', NULL, NULL),
(4744, 1, '103.247.50.157', '1234567890', NULL, NULL),
(4745, 1, '103.247.50.157', '1234567890', NULL, NULL),
(4746, 1, '103.247.50.157', '1234567890', NULL, NULL),
(4747, 1, '103.247.50.157', '1234567890', NULL, NULL),
(4748, 1, '103.247.50.157', '1234567890', NULL, NULL),
(4749, 1, '103.247.50.157', '1234567890', NULL, NULL),
(4750, 1, '103.247.50.157', '1234567890', NULL, NULL),
(4751, 1, '103.247.50.157', '1234567890', NULL, NULL),
(4752, 1, '103.247.50.157', '1234567890', NULL, NULL),
(4753, 1, '103.247.50.157', '1234567890', NULL, NULL),
(4754, 1, '103.247.50.157', '1234567890', NULL, NULL),
(4755, 1, '103.247.50.157', '1234567890', NULL, NULL),
(4756, 1, '103.247.50.157', '1234567890', NULL, NULL),
(4757, 1, '103.247.50.157', '1234567890', NULL, NULL),
(4758, 1, '103.247.50.157', '1234567890', NULL, NULL),
(4759, 1, '103.247.50.157', '1234567890', NULL, NULL),
(4760, 1, '103.247.50.157', '1234567890', NULL, NULL),
(4761, 1, '103.247.50.157', '1234567890', NULL, NULL),
(4762, 1, '103.247.50.157', '1234567890', NULL, NULL),
(4763, 1, '103.247.50.157', '1234567890', NULL, NULL),
(4764, 1, '103.247.50.157', '1234567890', NULL, NULL),
(4765, 1, '103.247.50.157', '1234567890', NULL, NULL),
(4766, 1, '103.247.50.157', '1234567890', NULL, NULL),
(4767, 1, '103.247.50.157', '1234567890', NULL, NULL),
(4768, 1, '103.247.50.157', '1234567890', NULL, NULL),
(4769, 1, '103.247.50.157', '1234567890', NULL, NULL),
(4770, 1, '103.247.50.157', '1234567890', NULL, NULL),
(4771, 1, '103.247.50.157', '1234567890', NULL, NULL),
(4772, 1, '103.247.50.157', '1234567890', NULL, NULL),
(4773, 1, '103.247.50.157', '1234567890', NULL, NULL),
(4774, 1, '103.247.50.157', '1234567890', NULL, NULL),
(4775, 1, '103.247.50.157', '1234567890', NULL, NULL),
(4776, 1, '103.247.50.157', '1234567890', NULL, NULL),
(4777, 1, '103.247.50.157', '1234567890', NULL, NULL),
(4778, 1, '103.247.50.157', '1234567890', NULL, NULL),
(4779, 1, '103.247.50.157', '1234567890', NULL, NULL),
(4780, 1, '103.247.50.157', '1234567890', NULL, NULL),
(4781, 1, '103.247.50.157', '1234567890', NULL, NULL),
(4782, 1, '103.247.50.157', '1234567890', NULL, NULL),
(4783, 1, '103.247.50.157', '1234567890', NULL, NULL),
(4784, 1, '103.247.50.157', '1234567890', NULL, NULL),
(4785, 1, '103.247.50.157', '1234567890', NULL, NULL),
(4786, 1, '103.247.50.157', '1234567890', NULL, NULL),
(4787, 1, '103.247.50.157', '1234567890', NULL, NULL),
(4788, 1, '103.247.50.157', '1234567890', NULL, NULL),
(4789, 1, '103.247.50.157', '1234567890', NULL, NULL),
(4790, 1, '103.247.50.157', '1234567890', NULL, NULL),
(4791, 1, '103.247.50.157', '1234567890', NULL, NULL),
(4792, 1, '103.247.50.157', '1234567890', NULL, NULL),
(4793, 1, '103.247.50.157', '1234567890', NULL, NULL),
(4794, 1, '103.247.50.157', '1234567890', NULL, NULL),
(4795, 1, '103.247.50.157', '1234567890', NULL, NULL),
(4796, 1, '103.247.50.157', '1234567890', NULL, NULL),
(4797, 1, '103.247.50.157', '1234567890', NULL, NULL),
(4798, 1, '103.247.50.157', '1234567890', NULL, NULL),
(4799, 1, '103.247.50.157', '1234567890', NULL, NULL),
(4800, 1, '103.247.50.157', '1234567890', NULL, NULL),
(4801, 1, '103.247.50.157', '1234567890', NULL, NULL),
(4802, 1, '103.247.50.157', '1234567890', NULL, NULL),
(4803, 1, '103.247.50.157', '1234567890', NULL, NULL),
(4804, 1, '103.247.50.157', '1234567890', NULL, NULL),
(4805, 1, '103.247.50.157', '1234567890', NULL, NULL),
(4806, 1, '103.247.50.157', '1234567890', NULL, NULL),
(4807, 1, '103.247.50.157', '1234567890', NULL, NULL),
(4808, 1, '103.247.50.157', '1234567890', NULL, NULL),
(4809, 1, '103.247.50.157', '1234567890', NULL, NULL),
(4810, 1, '103.247.50.157', '1234567890', NULL, NULL),
(4811, 1, '103.247.50.157', '1234567890', NULL, NULL),
(4812, 1, '103.247.50.157', '1234567890', NULL, NULL),
(4813, 1, '103.247.50.157', '1234567890', NULL, NULL),
(4814, 1, '103.247.50.157', '1234567890', NULL, NULL),
(4815, 1, '103.247.50.157', '1234567890', NULL, NULL),
(4816, 1, '103.247.50.157', '1234567890', NULL, NULL),
(4817, 1, '103.247.50.157', '1234567890', NULL, NULL),
(4818, 1, '103.247.50.157', '1234567890', NULL, NULL),
(4819, 1, '103.247.50.157', '1234567890', NULL, NULL),
(4820, 1, '103.247.50.157', '1234567890', NULL, NULL),
(4821, 1, '103.247.50.157', '1234567890', NULL, NULL),
(4822, 1, '103.247.50.157', '1234567890', NULL, NULL),
(4823, 1, '103.247.50.157', '1234567890', NULL, NULL),
(4824, 1, '103.247.50.157', '1234567890', NULL, NULL),
(4825, 1, '103.247.50.157', '1234567890', NULL, NULL),
(4826, 1, '103.247.50.157', '1234567890', NULL, NULL),
(4827, 1, '103.247.50.157', '1234567890', NULL, NULL),
(4828, 1, '103.247.50.157', '1234567890', NULL, NULL),
(4829, 1, '103.247.50.157', '1234567890', NULL, NULL),
(4830, 1, '103.247.50.157', '1234567890', NULL, NULL),
(4831, 1, '103.247.50.157', '1234567890', NULL, NULL),
(4832, 1, '103.247.50.157', '1234567890', NULL, NULL),
(4833, 1, '103.247.50.157', '1234567890', NULL, NULL),
(4834, 1, '103.247.50.157', '1234567890', NULL, NULL),
(4835, 1, '103.247.50.157', '1234567890', NULL, NULL),
(4836, 1, '103.247.50.157', '1234567890', NULL, NULL),
(4837, 1, '103.247.50.157', '1234567890', NULL, NULL),
(4838, 1, '103.247.50.157', '1234567890', NULL, NULL),
(4839, 1, '103.247.50.157', '1234567890', NULL, NULL),
(4840, 1, '103.247.50.157', '1234567890', NULL, NULL),
(4841, 1, '103.247.50.157', '1234567890', NULL, NULL),
(4842, 1, '103.247.50.157', '1234567890', NULL, NULL),
(4843, 1, '103.247.50.157', '1234567890', NULL, NULL),
(4844, 1, '103.247.50.157', '1234567890', NULL, NULL),
(4845, 1, '103.247.50.157', '1234567890', NULL, NULL),
(4846, 1, '103.247.50.157', '1234567890', NULL, NULL),
(4847, 1, '103.247.50.157', '1234567890', NULL, NULL),
(4848, 1, '103.247.50.157', '1234567890', NULL, NULL),
(4849, 1, '103.247.50.157', '1234567890', NULL, NULL),
(4850, 1, '103.247.50.157', '1234567890', NULL, NULL),
(4851, 1, '103.247.50.157', '1234567890', NULL, NULL),
(4852, 1, '103.247.50.157', '1234567890', NULL, NULL),
(4853, 1, '103.247.50.157', '1234567890', NULL, NULL),
(4854, 1, '103.247.50.157', '1234567890', NULL, NULL),
(4855, 1, '103.247.50.157', '1234567890', NULL, NULL),
(4856, 1, '103.247.50.157', '1234567890', NULL, NULL),
(4857, 1, '103.247.50.157', '1234567890', NULL, NULL),
(4858, 1, '103.247.50.157', '1234567890', NULL, NULL),
(4859, 1, '103.247.50.157', '1234567890', NULL, NULL),
(4860, 1, '103.247.50.157', '1234567890', NULL, NULL),
(4861, 1, '103.247.50.157', '1234567890', NULL, NULL),
(4862, 1, '103.247.50.157', '1234567890', NULL, NULL),
(4863, 1, '103.247.50.157', '1234567890', NULL, NULL),
(4864, 1, '103.247.50.157', '1234567890', NULL, NULL),
(4865, 1, '103.247.50.157', '1234567890', NULL, NULL),
(4866, 1, '103.247.50.157', '1234567890', NULL, NULL),
(4867, 1, '103.247.50.157', '1234567890', NULL, NULL),
(4868, 1, '103.247.50.157', '1234567890', NULL, NULL),
(4869, 1, '103.247.50.157', '1234567890', NULL, NULL),
(4870, 1, '103.247.50.157', '1234567890', NULL, NULL),
(4871, 1, '103.247.50.157', '1234567890', NULL, NULL),
(4872, 1, '103.247.50.157', '1234567890', NULL, NULL),
(4873, 1, '103.247.50.157', '1234567890', NULL, NULL),
(4874, 1, '103.247.50.157', '1234567890', NULL, NULL),
(4875, 1, '103.247.50.157', '1234567890', NULL, NULL),
(4876, 1, '103.247.50.157', '1234567890', NULL, NULL),
(4877, 1, '103.247.50.157', '1234567890', NULL, NULL),
(4878, 1, '103.247.50.157', '1234567890', NULL, NULL),
(4879, 1, '103.247.50.157', '1234567890', NULL, NULL),
(4880, 1, '103.247.50.157', '1234567890', NULL, NULL),
(4881, 1, '103.247.50.157', '1234567890', NULL, NULL),
(4882, 1, '103.247.50.157', '1234567890', NULL, NULL),
(4883, 1, '103.247.50.157', '1234567890', NULL, NULL),
(4884, 1, '103.247.50.157', '1234567890', NULL, NULL),
(4885, 1, '103.247.50.157', '1234567890', NULL, NULL),
(4886, 1, '103.247.50.157', '1234567890', NULL, NULL),
(4887, 1, '103.247.50.157', '1234567890', NULL, NULL),
(4888, 1, '103.247.50.157', '1234567890', NULL, NULL),
(4889, 1, '103.247.50.157', '1234567890', NULL, NULL),
(4890, 1, '103.247.50.157', '1234567890', NULL, NULL),
(4891, 1, '103.247.50.157', '1234567890', NULL, NULL),
(4892, 1, '103.247.50.157', '1234567890', NULL, NULL),
(4893, 1, '103.247.50.157', '1234567890', NULL, NULL),
(4894, 1, '103.247.50.157', '1234567890', NULL, NULL),
(4895, 1, '103.247.50.157', '1234567890', NULL, NULL),
(4896, 1, '103.247.50.157', '1234567890', NULL, NULL),
(4897, 1, '103.247.50.157', '1234567890', NULL, NULL),
(4898, 1, '103.247.50.157', '1234567890', NULL, NULL),
(4899, 1, '103.247.50.157', '1234567890', NULL, NULL),
(4900, 1, '103.247.50.157', '1234567890', NULL, NULL),
(4901, 1, '103.247.50.157', '1234567890', NULL, NULL),
(4902, 1, '103.247.50.157', '1234567890', NULL, NULL),
(4903, 1, '103.247.50.157', '1234567890', NULL, NULL),
(4904, 1, '103.247.50.157', '1234567890', NULL, NULL),
(4905, 1, '103.247.50.157', '1234567890', NULL, NULL),
(4906, 1, '103.247.50.157', '1234567890', NULL, NULL),
(4907, 1, '103.247.50.157', '1234567890', NULL, NULL),
(4908, 1, '103.247.50.157', '1234567890', NULL, NULL),
(4909, 1, '103.247.50.157', '1234567890', NULL, NULL),
(4910, 1, '103.247.50.157', '1234567890', NULL, NULL),
(4911, 1, '103.247.50.157', '1234567890', NULL, NULL),
(4912, 1, '103.247.50.157', '1234567890', NULL, NULL),
(4913, 1, '103.247.50.157', '1234567890', NULL, NULL),
(4914, 1, '103.247.50.143', '1234567890', NULL, NULL),
(4915, 1, '103.247.50.143', '1234567890', NULL, NULL),
(4916, 1, '103.247.50.143', '1234567890', NULL, NULL),
(4917, 1, '103.247.50.143', '1234567890', NULL, NULL),
(4918, 1, '103.247.50.143', '1234567890', NULL, NULL),
(4919, 1, '103.247.50.143', '1234567890', NULL, NULL),
(4920, 1, '103.247.50.143', '1234567890', NULL, NULL),
(4921, 1, '103.247.50.143', '1234567890', NULL, NULL),
(4922, 1, '103.247.50.143', '1234567890', NULL, NULL),
(4923, 1, '103.247.50.143', '1234567890', NULL, NULL),
(4924, 1, '103.247.50.143', '1234567890', NULL, NULL),
(4925, 1, '103.247.50.143', '1234567890', NULL, NULL),
(4926, 1, '103.247.50.143', '1234567890', NULL, NULL),
(4927, 1, '103.247.50.143', '1234567890', NULL, NULL),
(4928, 1, '103.247.50.143', '1234567890', NULL, NULL),
(4929, 1, '103.247.50.143', '1234567890', NULL, NULL),
(4930, 1, '103.247.50.143', '1234567890', NULL, NULL),
(4931, 1, '103.247.50.143', '1234567890', NULL, NULL),
(4932, 1, '103.247.50.143', '1234567890', NULL, NULL),
(4933, 1, '103.247.50.143', '1234567890', NULL, NULL),
(4934, 1, '103.247.50.143', '1234567890', NULL, NULL),
(4935, 1, '103.247.50.143', '1234567890', NULL, NULL),
(4936, 1, '103.247.50.143', '1234567890', NULL, NULL),
(4937, 1, '103.247.50.143', '1234567890', NULL, NULL),
(4938, 1, '103.247.50.143', '1234567890', NULL, NULL),
(4939, 1, '103.247.50.143', '1234567890', NULL, NULL),
(4940, 1, '103.247.50.143', '1234567890', NULL, NULL),
(4941, 1, '103.247.50.143', '1234567890', NULL, NULL),
(4942, 1, '103.247.50.143', '1234567890', NULL, NULL),
(4943, 1, '103.247.50.143', '1234567890', NULL, NULL),
(4944, 1, '103.247.50.143', '1234567890', NULL, NULL),
(4945, 1, '103.247.50.143', '1234567890', NULL, NULL),
(4946, 1, '103.247.50.143', '1234567890', NULL, NULL),
(4947, 1, '103.247.50.143', '1234567890', NULL, NULL),
(4948, 1, '103.247.50.143', '1234567890', NULL, NULL),
(4949, 1, '103.247.50.143', '1234567890', NULL, NULL),
(4950, 1, '103.247.50.143', '1234567890', NULL, NULL),
(4951, 1, '103.247.50.143', '1234567890', NULL, NULL),
(4952, 1, '103.247.50.143', '1234567890', NULL, NULL),
(4953, 1, '103.247.50.143', '1234567890', NULL, NULL),
(4954, 1, '103.247.50.143', '1234567890', NULL, NULL),
(4955, 1, '103.247.50.143', '1234567890', NULL, NULL),
(4956, 1, '103.247.50.143', '1234567890', NULL, NULL),
(4957, 1, '103.247.50.143', '1234567890', NULL, NULL),
(4958, 1, '103.247.50.143', '1234567890', NULL, NULL),
(4959, 1, '103.247.50.143', '1234567890', NULL, NULL),
(4960, 1, '103.247.50.143', '1234567890', NULL, NULL),
(4961, 1, '103.247.50.143', '1234567890', NULL, NULL),
(4962, 1, '103.247.50.143', '1234567890', NULL, NULL),
(4963, 1, '103.247.50.143', '1234567890', NULL, NULL),
(4964, 1, '103.247.50.143', '1234567890', NULL, NULL),
(4965, 1, '103.247.50.143', '1234567890', NULL, NULL),
(4966, 1, '103.247.50.143', '1234567890', NULL, NULL),
(4967, 1, '103.247.50.143', '1234567890', NULL, NULL),
(4968, 1, '103.247.50.143', '1234567890', NULL, NULL),
(4969, 1, '103.247.50.143', '1234567890', NULL, NULL),
(4970, 1, '103.247.50.143', '1234567890', NULL, NULL),
(4971, 1, '103.247.50.143', '1234567890', NULL, NULL),
(4972, 1, '103.247.50.143', '1234567890', NULL, NULL),
(4973, 1, '103.247.50.143', '1234567890', NULL, NULL),
(4974, 1, '103.247.50.143', '1234567890', NULL, NULL),
(4975, 1, '103.247.50.143', '1234567890', NULL, NULL),
(4976, 1, '103.247.50.143', '1234567890', NULL, NULL),
(4977, 1, '103.247.50.143', '1234567890', NULL, NULL),
(4978, 1, '103.247.50.143', '1234567890', NULL, NULL),
(4979, 1, '103.247.50.143', '1234567890', NULL, NULL),
(4980, 1, '103.247.50.143', '1234567890', NULL, NULL),
(4981, 1, '103.247.50.143', '1234567890', NULL, NULL),
(4982, 1, '103.247.50.143', '1234567890', NULL, NULL),
(4983, 1, '103.247.50.143', '1234567890', NULL, NULL),
(4984, 1, '103.247.50.143', '1234567890', NULL, NULL),
(4985, 1, '103.247.50.143', '1234567890', NULL, NULL),
(4986, 1, '103.247.50.143', '1234567890', NULL, NULL),
(4987, 1, '103.247.50.143', '1234567890', NULL, NULL),
(4988, 1, '103.247.50.143', '1234567890', NULL, NULL),
(4989, 1, '103.247.50.143', '1234567890', NULL, NULL),
(4990, 1, '103.247.50.143', '1234567890', NULL, NULL),
(4991, 1, '103.247.50.143', '1234567890', NULL, NULL),
(4992, 1, '103.247.50.143', '1234567890', NULL, NULL),
(4993, 1, '103.247.50.143', '1234567890', NULL, NULL),
(4994, 1, '103.247.50.143', '1234567890', NULL, NULL),
(4995, 1, '103.247.50.143', '1234567890', NULL, NULL),
(4996, 1, '103.247.50.143', '1234567890', NULL, NULL),
(4997, 1, '103.247.50.143', '1234567890', NULL, NULL),
(4998, 1, '103.247.50.143', '1234567890', NULL, NULL),
(4999, 1, '103.247.50.143', '1234567890', NULL, NULL),
(5000, 1, '103.247.50.143', '1234567890', NULL, NULL),
(5001, 1, '103.247.50.143', '1234567890', NULL, NULL),
(5002, 1, '103.247.50.143', '1234567890', NULL, NULL),
(5003, 1, '103.247.50.143', '1234567890', NULL, NULL),
(5004, 1, '103.247.50.143', '1234567890', NULL, NULL),
(5005, 1, '103.247.50.143', '1234567890', NULL, NULL),
(5006, 1, '103.247.50.143', '1234567890', NULL, NULL),
(5007, 1, '103.247.50.143', '1234567890', NULL, NULL),
(5008, 1, '103.247.50.143', '1234567890', NULL, NULL),
(5009, 1, '103.247.50.143', '1234567890', NULL, NULL),
(5010, 1, '103.247.50.143', '1234567890', NULL, NULL),
(5011, 1, '103.247.50.143', '1234567890', NULL, NULL),
(5012, 1, '103.247.50.143', '1234567890', NULL, NULL),
(5013, 1, '103.247.50.143', '1234567890', NULL, NULL),
(5014, 1, '103.247.50.143', '1234567890', NULL, NULL),
(5015, 1, '103.247.50.143', '1234567890', NULL, NULL),
(5016, 1, '103.247.50.143', '1234567890', NULL, NULL),
(5017, 1, '103.247.50.143', '1234567890', NULL, NULL),
(5018, 1, '103.247.50.143', '1234567890', NULL, NULL),
(5019, 1, '103.247.50.143', '1234567890', NULL, NULL),
(5020, 1, '103.247.50.143', '1234567890', NULL, NULL),
(5021, 1, '103.247.50.143', '1234567890', NULL, NULL),
(5022, 1, '103.247.50.143', '1234567890', NULL, NULL),
(5023, 1, '103.247.50.143', '1234567890', NULL, NULL),
(5024, 1, '103.247.50.143', '1234567890', NULL, NULL),
(5025, 1, '103.247.50.143', '1234567890', NULL, NULL),
(5026, 1, '103.247.50.143', '1234567890', NULL, NULL),
(5027, 1, '103.247.50.143', '1234567890', NULL, NULL),
(5028, 1, '103.247.50.143', '1234567890', NULL, NULL),
(5029, 1, '103.247.50.143', '1234567890', NULL, NULL),
(5030, 1, '103.247.50.143', '1234567890', NULL, NULL),
(5031, 1, '103.247.50.143', '1234567890', NULL, NULL),
(5032, 1, '103.247.50.143', '1234567890', NULL, NULL),
(5033, 1, '103.247.50.143', '1234567890', NULL, NULL),
(5034, 1, '103.247.50.143', '1234567890', NULL, NULL),
(5035, 1, '103.247.50.143', '1234567890', NULL, NULL),
(5036, 1, '103.247.50.143', '1234567890', NULL, NULL),
(5037, 1, '103.247.50.143', '1234567890', NULL, NULL),
(5038, 1, '103.247.50.143', '1234567890', NULL, NULL),
(5039, 1, '103.247.50.143', '1234567890', NULL, NULL),
(5040, 1, '103.247.50.143', '1234567890', NULL, NULL),
(5041, 1, '103.247.50.143', '1234567890', NULL, NULL),
(5042, 1, '103.247.50.143', '1234567890', NULL, NULL),
(5043, 1, '103.247.50.143', '1234567890', NULL, NULL),
(5044, 1, '103.247.50.143', '1234567890', NULL, NULL),
(5045, 1, '103.247.50.143', '1234567890', NULL, NULL),
(5046, 1, '103.247.50.143', '1234567890', NULL, NULL),
(5047, 1, '103.247.50.143', '1234567890', NULL, NULL),
(5048, 1, '103.247.50.143', '1234567890', NULL, NULL),
(5049, 1, '103.247.50.143', '1234567890', NULL, NULL),
(5050, 1, '103.247.50.143', '1234567890', NULL, NULL),
(5051, 1, '103.247.50.143', '1234567890', NULL, NULL),
(5052, 1, '103.247.50.143', '1234567890', NULL, NULL),
(5053, 1, '103.247.50.143', '1234567890', NULL, NULL),
(5054, 1, '103.247.50.143', '1234567890', NULL, NULL),
(5055, 1, '103.247.50.143', '1234567890', NULL, NULL),
(5056, 1, '103.247.50.143', '1234567890', NULL, NULL),
(5057, 1, '103.247.50.143', '1234567890', NULL, NULL),
(5058, 1, '103.247.50.143', '1234567890', NULL, NULL),
(5059, 1, '103.247.50.143', '1234567890', NULL, NULL),
(5060, 1, '103.247.50.143', '1234567890', NULL, NULL),
(5061, 1, '103.247.50.143', '1234567890', NULL, NULL),
(5062, 1, '103.247.50.143', '1234567890', NULL, NULL),
(5063, 1, '103.247.50.143', '1234567890', NULL, NULL),
(5064, 1, '103.247.50.143', '1234567890', NULL, NULL),
(5065, 1, '103.247.50.143', '1234567890', NULL, NULL),
(5066, 1, '103.247.50.143', '1234567890', NULL, NULL),
(5067, 1, '103.247.50.143', '1234567890', NULL, NULL),
(5068, 1, '103.247.50.143', '1234567890', NULL, NULL),
(5069, 1, '103.247.50.143', '1234567890', NULL, NULL),
(5070, 1, '103.247.50.143', '1234567890', NULL, NULL),
(5071, 1, '103.247.50.143', '1234567890', NULL, NULL),
(5072, 1, '103.247.50.143', '1234567890', NULL, NULL),
(5073, 1, '103.247.50.143', '1234567890', NULL, NULL),
(5074, 1, '103.247.50.143', '1234567890', NULL, NULL),
(5075, 1, '103.247.50.143', '1234567890', NULL, NULL),
(5076, 1, '103.247.50.143', '1234567890', NULL, NULL),
(5077, 1, '103.247.50.143', '1234567890', NULL, NULL),
(5078, 1, '103.247.50.143', '1234567890', NULL, NULL),
(5079, 1, '103.247.50.143', '1234567890', NULL, NULL),
(5080, 1, '103.247.50.143', '1234567890', NULL, NULL),
(5081, 1, '103.247.50.143', '1234567890', NULL, NULL),
(5082, 1, '103.247.50.143', '1234567890', NULL, NULL),
(5083, 1, '103.247.50.143', '1234567890', NULL, NULL),
(5084, 1, '103.247.50.143', '1234567890', NULL, NULL),
(5085, 1, '103.247.50.143', '1234567890', NULL, NULL),
(5086, 1, '103.247.50.143', '1234567890', NULL, NULL),
(5087, 1, '103.247.50.143', '1234567890', NULL, NULL),
(5088, 1, '103.247.50.143', '1234567890', NULL, NULL),
(5089, 1, '103.247.50.143', '1234567890', NULL, NULL),
(5090, 1, '103.247.50.143', '1234567890', NULL, NULL),
(5091, 1, '103.247.50.143', '1234567890', NULL, NULL),
(5092, 1, '103.247.50.143', '1234567890', NULL, NULL),
(5093, 1, '103.247.50.143', '1234567890', NULL, NULL),
(5094, 1, '103.247.50.143', '1234567890', NULL, NULL),
(5095, 1, '103.247.50.143', '1234567890', NULL, NULL),
(5096, 1, '103.247.50.143', '1234567890', NULL, NULL),
(5097, 1, '103.247.50.143', '1234567890', NULL, NULL),
(5098, 1, '103.247.50.143', '1234567890', NULL, NULL),
(5099, 1, '103.247.50.143', '1234567890', NULL, NULL),
(5100, 1, '103.247.50.143', '1234567890', NULL, NULL),
(5101, 1, '103.247.50.143', '1234567890', NULL, NULL),
(5102, 1, '103.247.50.143', '1234567890', NULL, NULL),
(5103, 1, '103.247.50.143', '1234567890', NULL, NULL),
(5104, 1, '103.247.50.143', '1234567890', NULL, NULL),
(5105, 1, '103.247.50.143', '1234567890', NULL, NULL),
(5106, 1, '103.247.50.143', '1234567890', NULL, NULL),
(5107, 1, '103.247.50.143', '1234567890', NULL, NULL),
(5108, 1, '103.247.50.143', '1234567890', NULL, NULL),
(5109, 1, '103.247.50.143', '1234567890', NULL, NULL),
(5110, 1, '103.247.50.143', '1234567890', NULL, NULL),
(5111, 1, '103.247.50.143', '1234567890', NULL, NULL),
(5112, 1, '103.247.50.143', '1234567890', NULL, NULL);

-- --------------------------------------------------------

--
-- Table structure for table `lesson_learnt`
--

CREATE TABLE `lesson_learnt` (
  `id` int(11) NOT NULL,
  `description` varchar(350) DEFAULT NULL,
  `status` int(11) DEFAULT NULL,
  `tt` int(11) NOT NULL
) ENGINE=InnoDB DEFAULT CHARSET=latin1;

-- --------------------------------------------------------

--
-- Table structure for table `log`
--

CREATE TABLE `log` (
  `id` int(11) NOT NULL,
  `description` varchar(255) DEFAULT NULL,
  `ip` varchar(45) DEFAULT NULL,
  `regtime` datetime DEFAULT NULL,
  `tasktype` varchar(45) DEFAULT NULL,
  `login` int(11) NOT NULL,
  `user` int(11) DEFAULT NULL
) ENGINE=InnoDB DEFAULT CHARSET=utf8;

--
-- Dumping data for table `log`
--

INSERT INTO `log` (`id`, `description`, `ip`, `regtime`, `tasktype`, `login`, `user`) VALUES
(45941, '0B7EE560C1C5CEF5ADF271DBA76F758B', '0:0:0:0:0:0:0:1', '2016-07-01 10:08:24', 'System Login', 45, 2),
(45942, 'E403B92C85297B846414F61FB33191A6', '0:0:0:0:0:0:0:1', '2016-07-01 10:37:03', 'System Login', 46, 3),
(45943, '425773F14F6326B750F9EAE94F255D34', '0:0:0:0:0:0:0:1', '2016-07-01 11:22:59', 'System Login', 45, 2),
(45944, 'E4B3257AA24A04E77D5C27A280B234CB', '0:0:0:0:0:0:0:1', '2016-07-01 11:32:09', 'System Login', 45, 2),
(45945, '012B8EC07A4E503CC55BF5A44597EC38', '0:0:0:0:0:0:0:1', '2016-07-01 11:38:19', 'System Login', 45, 2),
(45946, '5E440DC981CDEACADB798F74A1B840C8', '0:0:0:0:0:0:0:1', '2016-07-01 12:25:46', 'System Login', 45, 2),
(45947, '2B23086071ED36055A028929AE44000F', '0:0:0:0:0:0:0:1', '2016-07-01 14:23:24', 'System Login', 45, 2),
(45948, 'CC194EDD58EC5E4E43DE1E4001CEC5C1', '0:0:0:0:0:0:0:1', '2016-07-04 10:31:05', 'System Login', 45, 2),
(45949, 'DEA75B802415512D1168CA0A4D8F9C46', '0:0:0:0:0:0:0:1', '2016-07-04 13:41:42', 'System Login', 45, 2),
(45950, 'DDF6DE40FCB6CC9C5B3F081539620998', '0:0:0:0:0:0:0:1', '2016-07-04 14:57:42', 'System Login', 45, 2),
(45951, 'AB134567DFE51D1DCE4A6BA0D8583EF5', '0:0:0:0:0:0:0:1', '2016-07-04 15:28:20', 'System Login', 45, 2),
(45952, 'F105701A91A741D0A1A3F9F055C6EEDB', '0:0:0:0:0:0:0:1', '2016-07-05 11:02:24', 'System Login', 45, 2),
(45953, '9893E782C4D057CAB8497B88B6E9BFF2', '0:0:0:0:0:0:0:1', '2016-07-05 11:39:51', 'System Login', 45, 2),
(45954, '9417DFD341796411D4506D7B2351F443', '0:0:0:0:0:0:0:1', '2016-07-05 11:50:23', 'System Login', 45, 2),
(45955, '75E07A7A87CCC24B95C5BDD766647093', '0:0:0:0:0:0:0:1', '2016-07-05 12:23:44', 'System Login', 45, 2),
(45956, 'CE8856AC28B7E1EC633CA30D04C929A5', '0:0:0:0:0:0:0:1', '2016-07-05 12:39:18', 'System Login', 45, 2),
(45957, '9263174BE62D3924FB82AA361CCC255F', '0:0:0:0:0:0:0:1', '2016-07-05 12:45:49', 'System Login', 45, 2),
(45958, 'D31A73164721CD0DAC7A478DB1B02396', '0:0:0:0:0:0:0:1', '2016-07-05 13:50:38', 'System Login', 45, 2),
(45959, 'BFB287421FD0EA1A2EF6B58A74136E22', '0:0:0:0:0:0:0:1', '2016-07-05 13:54:55', 'System Login', 45, 2),
(45960, 'E747EE60B8A670801A55DD6E1D4EE311', '0:0:0:0:0:0:0:1', '2016-07-05 13:59:07', 'System Login', 45, 2),
(45961, 'CF8D3551D7C72FADC79371F1B63B3FAB', '0:0:0:0:0:0:0:1', '2016-07-05 14:10:25', 'System Login', 45, 2),
(45962, 'E9549E0DE7E685352E6D97DDD187194B', '0:0:0:0:0:0:0:1', '2016-07-05 14:18:32', 'System Login', 45, 2),
(45963, 'F42C16230E2A12C6BF9162C7C7668AA9', '0:0:0:0:0:0:0:1', '2016-07-05 14:27:14', 'System Login', 45, 2),
(45964, '7892BD5F6F01E7DD7E4590D2638CDB8F', '0:0:0:0:0:0:0:1', '2016-07-05 14:34:26', 'System Login', 45, 2),
(45965, 'A25D5433997B94C9882FD5A4C8B4BC44', '0:0:0:0:0:0:0:1', '2016-07-05 14:38:59', 'System Login', 45, 2),
(45966, 'FEEF6C9B9F9BE9D7A33D91C39EF41F3D', '0:0:0:0:0:0:0:1', '2016-07-05 14:45:59', 'System Login', 45, 2),
(45967, '6E5E34F6D79CFF154198EEE2838800A7', '0:0:0:0:0:0:0:1', '2016-07-05 15:03:12', 'System Login', 45, 2),
(45968, '3B473C3544D00B31D40D73A1A13ED423', '0:0:0:0:0:0:0:1', '2016-07-05 15:07:14', 'System Login', 45, 2),
(45969, '11A7431FB06C9314EE51A8FD44D644A7', '0:0:0:0:0:0:0:1', '2016-07-05 15:22:24', 'System Login', 45, 2),
(45970, 'AAEAF0F1B3C7CE9362DDCBBBA4B42E96', '0:0:0:0:0:0:0:1', '2016-07-05 15:40:33', 'System Login', 45, 2),
(45971, '0DD8D4B4861CDBAFB8303FFF8E2DF8D1', '0:0:0:0:0:0:0:1', '2016-07-05 15:57:51', 'System Login', 45, 2),
(45972, 'E3365108A9CA1BCA4C2E61032CA26859', '0:0:0:0:0:0:0:1', '2016-07-05 16:24:23', 'System Login', 45, 2),
(45973, 'ACBB3C7350186DD25492CC91EEC813D8', '0:0:0:0:0:0:0:1', '2016-07-05 16:35:33', 'System Login', 45, 2),
(45974, 'B40972007843A2F8A51D4D8F54048CE6', '0:0:0:0:0:0:0:1', '2016-07-05 16:55:39', 'System Login', 45, 2),
(45975, 'CB24335963AEB3EBBB8B4B3DD946950A', '0:0:0:0:0:0:0:1', '2016-07-05 17:04:21', 'System Login', 45, 2),
(45976, '2E2F42A14D40B57EFDF10720F7476988', '0:0:0:0:0:0:0:1', '2016-07-05 17:20:17', 'System Login', 45, 2),
(45977, 'DA42E821A1A9A82265DB5301DAD6C005', '0:0:0:0:0:0:0:1', '2016-07-05 17:45:05', 'System Login', 45, 2),
(45978, '1BF1B8C6E0A34464AC9D07B8C14B449E', '0:0:0:0:0:0:0:1', '2016-07-05 20:20:58', 'System Login', 45, 2),
(45979, 'BC5FF8956A40F2A77A3F88C65A34CA7C', '0:0:0:0:0:0:0:1', '2016-07-05 20:39:14', 'System Login', 45, 2),
(45980, '0E8EE6F166A2CEBDB91EF6FC1B37B0AA', '0:0:0:0:0:0:0:1', '2016-07-05 20:51:43', 'System Login', 45, 2),
(45981, '0A6FEB6DC1032B6E0EE7C8558815C2A6', '0:0:0:0:0:0:0:1', '2016-07-05 20:55:26', 'System Login', 45, 2),
(45982, '0FC813FA0A3BF9D77664CB29612FC00E', '0:0:0:0:0:0:0:1', '2016-07-05 21:19:34', 'System Login', 45, 2),
(45983, '88A3DEB34AF3FA6BF3845CDB1EC65D66', '0:0:0:0:0:0:0:1', '2016-07-05 21:38:28', 'System Login', 45, 2),
(45984, '34CCAA46225A3E8E9EC8AB8A342EAB6E', '0:0:0:0:0:0:0:1', '2016-07-05 21:47:47', 'System Login', 45, 2),
(45985, '4CF034DA044AF8F1E4293D7A39714EF2', '0:0:0:0:0:0:0:1', '2016-07-05 22:38:46', 'System Login', 45, 2),
(45986, '9C903CBC2F3D5E3CF96A46A8F08CD073', '0:0:0:0:0:0:0:1', '2016-07-06 09:15:55', 'System Login', 45, 2),
(45987, '8A3BDF3627309D05904CAB6C55426759', '0:0:0:0:0:0:0:1', '2016-07-06 09:23:13', 'System Login', 45, 2),
(45988, '875CC64C26D8A5F5F7E54018E7DA2457', '0:0:0:0:0:0:0:1', '2016-07-06 09:59:55', 'System Login', 45, 2),
(45989, '2C605BC20E51D6B5BE562F5BDE20EF33', '0:0:0:0:0:0:0:1', '2016-07-06 10:18:18', 'System Login', 45, 2),
(45990, 'C33ED561B79DFD08AD95978E6999D986', '0:0:0:0:0:0:0:1', '2016-07-06 10:26:30', 'System Login', 45, 2),
(45991, '4D2F2295BE067D89D5BEC3862EB2D9EC', '0:0:0:0:0:0:0:1', '2016-07-06 10:35:34', 'System Login', 45, 2),
(45992, '104CF8C772EBA73164B82F8C313E5051', '0:0:0:0:0:0:0:1', '2016-07-06 10:50:19', 'System Login', 46, 3),
(45993, '002AF3827026C674DB8D213B9CDE6901', '0:0:0:0:0:0:0:1', '2016-07-06 10:53:55', 'System Login', 46, 3),
(45994, '8C27E63AD6E002750A4ACC2C70830037', '0:0:0:0:0:0:0:1', '2016-07-06 12:51:51', 'System Login', 45, 2),
(45995, '1AEF4712A9ED7723F5DDF3A459C9C418', '0:0:0:0:0:0:0:1', '2016-07-06 13:05:58', 'System Login', 45, 2),
(45996, '08442ED7171DF6CB79DCF3C31900DF63', '0:0:0:0:0:0:0:1', '2016-07-06 16:03:40', 'System Login', 45, 2),
(45997, 'ECBF1CDB2C4AE40BF4D3F80F853BA17E', '0:0:0:0:0:0:0:1', '2016-07-06 16:44:33', 'System Login', 45, 2),
(45998, 'F463769BB8D0ADCAF0F13563ABF3EA92', '0:0:0:0:0:0:0:1', '2016-07-06 17:08:34', 'System Login', 45, 2),
(45999, '40A30999ECDFB23F66D74FDC036FCB13', '127.0.0.1', '2016-07-06 17:13:43', 'System Login', 45, 2),
(46000, 'CE78F6611C199C001B104902553CC89B', '0:0:0:0:0:0:0:1', '2016-07-07 09:27:22', 'System Login', 45, 2),
(46001, '54D557F5C8BC4D6BD438AEA37C8011F0', '0:0:0:0:0:0:0:1', '2016-07-08 11:40:07', 'System Login', 45, 2),
(46002, '1936B542ED1FAED1B12507407936E936', '0:0:0:0:0:0:0:1', '2016-07-08 12:19:35', 'System Login', 45, 2),
(46003, 'EE55D694448E23E462550B712464EA05', '0:0:0:0:0:0:0:1', '2016-07-08 12:29:26', 'System Login', 45, 2),
(46004, '04F55A4B275ED5910961F510CF9B94E1', '0:0:0:0:0:0:0:1', '2016-07-08 13:58:12', 'System Login', 45, 2),
(46005, 'BD5C8A88D5100E3F4BB7C47C371DE38B', '0:0:0:0:0:0:0:1', '2016-07-08 14:35:13', 'System Login', 45, 2),
(46006, '0CBEBC58D8819343DC78AB5B56AD1795', '0:0:0:0:0:0:0:1', '2016-07-11 10:48:04', 'System Login', 45, 2),
(46007, '26A3DA42607B843B72B287425D98315C', '0:0:0:0:0:0:0:1', '2016-07-11 11:35:08', 'System Login', 45, 2),
(46008, '454CADB97697A31CD4C7FD63E6891F0F', '0:0:0:0:0:0:0:1', '2016-07-12 09:56:38', 'System Login', 45, 2),
(46009, '5C8254B1B04151215758025D8EC8315E', '0:0:0:0:0:0:0:1', '2016-07-12 14:52:23', 'System Login', 45, 2),
(46010, '79A312D9A7EE5B641AC9DAC1FB4956A4', '0:0:0:0:0:0:0:1', '2016-07-12 14:57:54', 'System Login', 45, 2),
(46011, 'A21860F53B11C40907941A5475A971D1', '0:0:0:0:0:0:0:1', '2016-07-12 15:06:10', 'System Login', 45, 2),
(46012, 'A81F8666FF439CEB2173B11BD93FEAE1', '0:0:0:0:0:0:0:1', '2016-07-12 15:33:40', 'System Login', 45, 2),
(46013, '3720722BCD9B8AE4D2B81EB518B27490', '0:0:0:0:0:0:0:1', '2016-07-12 15:46:46', 'System Login', 45, 2),
(46014, 'ADB7D31E374C316517BEAAA2D6141BCC', '0:0:0:0:0:0:0:1', '2016-07-12 16:05:23', 'System Login', 45, 2),
(46015, '0C3961A4141395B36170C4B5B9039B36', '0:0:0:0:0:0:0:1', '2016-07-12 16:12:44', 'System Login', 45, 2),
(46016, 'C871B7C206B0100F828E92D57C8C4C19', '0:0:0:0:0:0:0:1', '2016-07-12 16:23:03', 'System Login', 45, 2),
(46017, '7210385027986D7C03D88FAE4A78F904', '0:0:0:0:0:0:0:1', '2016-07-12 17:00:00', 'System Login', 45, 2),
(46018, '0FE21B30644BD02E212A8886F43CB1D8', '0:0:0:0:0:0:0:1', '2016-07-13 09:23:58', 'System Login', 45, 2),
(46019, 'A145B3922F8A493A7D4D406C1DCED19B', '0:0:0:0:0:0:0:1', '2016-07-13 11:09:32', 'System Login', 45, 2),
(46020, '659D258A81E9BB48664B1929113B869A', '0:0:0:0:0:0:0:1', '2016-07-13 11:16:57', 'System Login', 45, 2),
(46021, 'F4A257C8384E2E04C76DBFCF78471C1D', '0:0:0:0:0:0:0:1', '2016-07-13 12:01:28', 'System Login', 45, 2),
(46022, '3CBCB60B2CBB5246DF493DA11D577AB6', '0:0:0:0:0:0:0:1', '2016-07-13 13:16:50', 'System Login', 45, 2),
(46023, '183755B347F5A5295EE9F1861BC82D00', '0:0:0:0:0:0:0:1', '2016-07-13 13:24:32', 'System Login', 45, 2),
(46024, '3F6CE16920A888709012492334E39693', '0:0:0:0:0:0:0:1', '2016-07-13 13:52:42', 'System Login', 45, 2),
(46025, '48C0F5E3C625644CAB40397F766D35F9', '0:0:0:0:0:0:0:1', '2016-07-13 13:57:42', 'System Login', 45, 2),
(46026, '308A3E9A52A0D5DE64C218A71B361F78', '0:0:0:0:0:0:0:1', '2016-07-13 14:14:25', 'System Login', 46, 3),
(46027, '2BF480EA74BFDEDA6A593D93AA782E9E', '0:0:0:0:0:0:0:1', '2016-07-13 14:16:12', 'System Login', 47, 4),
(46028, '100A4C2BF07F972CF3D15585775C0BD7', '0:0:0:0:0:0:0:1', '2016-07-13 14:18:32', 'System Login', 46, 3),
(46029, 'D59EFD0419799FB7F1728B32503327EC', '0:0:0:0:0:0:0:1', '2016-07-13 14:23:15', 'System Login', 45, 2),
(46030, 'C3B342D620D7095881C3F6D6960FBFBD', '0:0:0:0:0:0:0:1', '2016-07-13 14:56:47', 'System Login', 45, 2),
(46031, 'A94CF703CFE54322AE24360C65E25159', '0:0:0:0:0:0:0:1', '2016-07-13 14:59:11', 'System Login', 45, 2),
(46032, '40AC2668680B84943D34984DDFB3AFA7', '0:0:0:0:0:0:0:1', '2016-07-13 15:00:33', 'System Login', 46, 3),
(46033, '1E5EE6BF74856D63D3DC170FCE336BCB', '0:0:0:0:0:0:0:1', '2016-07-13 15:00:59', 'System Login', 47, 4),
(46034, '923F12C78D8808D7882984F9560938F4', '0:0:0:0:0:0:0:1', '2016-07-13 15:01:48', 'System Login', 45, 2),
(46035, '5EB747E51A01009FD56AEE3DE53349A5', '0:0:0:0:0:0:0:1', '2016-07-13 15:13:45', 'System Login', 45, 2),
(46036, 'EEB1BAA54CF9E836AA2F4555A7C34CDA', '0:0:0:0:0:0:0:1', '2016-07-13 16:03:35', 'System Login', 45, 2),
(46037, '886078D9C1FBC534A24D2CDB46F5AE06', '0:0:0:0:0:0:0:1', '2016-07-13 16:33:35', 'System Login', 45, 2),
(46038, 'A8793D1E5F86459714BC941007FDDA6A', '0:0:0:0:0:0:0:1', '2016-07-13 16:39:21', 'System Login', 45, 2),
(46039, '68EBDD1DAFCEEF7528191CD6C01BC8F6', '0:0:0:0:0:0:0:1', '2016-07-13 16:47:18', 'System Login', 45, 2),
(46040, '508130DDEC432C3E8F73E7D3741670A2', '0:0:0:0:0:0:0:1', '2016-07-13 17:02:55', 'System Login', 45, 2),
(46041, 'BBE4C506EFB518B927D653100AF7C2F7', '0:0:0:0:0:0:0:1', '2016-07-13 17:07:38', 'System Login', 45, 2),
(46042, '3774B4FC2FBF66145F9C94C958F6D83C', '0:0:0:0:0:0:0:1', '2016-07-13 17:08:23', 'System Login', 46, 3),
(46043, '7D8A69BBED9368030D15CAB7BC4C174C', '0:0:0:0:0:0:0:1', '2016-07-13 17:09:27', 'System Login', 45, 2),
(46044, '0B3A97CD662FCB21AA723B4BFB65CB85', '0:0:0:0:0:0:0:1', '2016-07-13 17:36:30', 'System Login', 45, 2),
(46045, '2E71E9DEEF5B313F99F442616A26178A', '0:0:0:0:0:0:0:1', '2016-07-13 17:52:09', 'System Login', 45, 2),
(46046, '25473A271A5FF2152024A9F64DA20C8F', '0:0:0:0:0:0:0:1', '2016-07-13 17:55:01', 'System Login', 45, 2),
(46047, '725107BF047CC87C272685036F96C0DE', '0:0:0:0:0:0:0:1', '2016-07-14 09:31:07', 'System Login', 45, 2),
(46048, 'CDDE5BD3FE2CE6559DD18E5DBD43F813', '0:0:0:0:0:0:0:1', '2016-07-14 10:52:40', 'System Login', 45, 2),
(46049, '17133004C70E3635F058D4482F74F1FF', '0:0:0:0:0:0:0:1', '2016-07-14 11:20:25', 'System Login', 45, 2),
(46050, '6AF9DC15F177C44DD99BC726920CB069', '0:0:0:0:0:0:0:1', '2016-07-14 11:23:04', 'System Login', 47, 4),
(46051, 'B16BAD4907675FD129F073D9EF5CD372', '0:0:0:0:0:0:0:1', '2016-07-14 13:10:55', 'System Login', 45, 2),
(46052, '2E2475CF4A7336906AB11A7DCFB869B2', '0:0:0:0:0:0:0:1', '2016-07-14 13:21:28', 'System Login', 45, 2),
(46053, '202F3A6C9A0B1A23E0813205EF313525', '0:0:0:0:0:0:0:1', '2016-07-14 14:12:47', 'System Login', 47, 4),
(46054, '8C5BF91549AAA047F462890F102B27D3', '0:0:0:0:0:0:0:1', '2016-07-14 14:57:18', 'System Login', 45, 2),
(46055, '6FDB6AD59D282E4731C280BB3B2F7ECC', '0:0:0:0:0:0:0:1', '2016-07-14 14:57:48', 'System Login', 47, 4),
(46056, '4F2EE0E2DE97400B1372BB40C85939A0', '0:0:0:0:0:0:0:1', '2016-07-14 15:06:02', 'System Login', 45, 2),
(46057, '86487D7730EC50494DB131D595F7EE19', '0:0:0:0:0:0:0:1', '2016-07-14 15:27:33', 'System Login', 45, 2),
(46058, '4AB858700CD0E4B0D17083EFFADFB123', '0:0:0:0:0:0:0:1', '2016-07-14 15:29:53', 'System Login', 46, 3),
(46059, 'A38C872D2013F72CB3BE96BE6D60B54D', '127.0.0.1', '2016-07-14 16:50:17', 'System Login', 45, 2),
(46060, 'BDB82C6495CBA87F204058F20DED486B', '127.0.0.1', '2016-07-14 17:11:57', 'System Login', 45, 2),
(46061, 'EF803B197160B44127D5E8A508C9D85C', '0:0:0:0:0:0:0:1', '2016-07-14 17:23:53', 'System Login', 45, 2),
(46062, 'FABD620BFE2D8E59BABE4D905EB2B07E', '0:0:0:0:0:0:0:1', '2016-07-15 10:48:21', 'System Login', 45, 2),
(46063, '9DE59390938DC270F49C5839B79B56E1', '0:0:0:0:0:0:0:1', '2016-07-15 11:06:23', 'System Login', 45, 2),
(46064, 'F13B1A171C5EA1745FC7223D0FAE2EA6', '0:0:0:0:0:0:0:1', '2016-07-15 11:08:19', 'System Login', 45, 2),
(46065, 'B0142053B3433CBC2533139A0B8D4F89', '0:0:0:0:0:0:0:1', '2016-07-15 11:20:45', 'System Login', 45, 2),
(46066, '9ECB4E55C40AE5F99D619A1FD6B34746', '0:0:0:0:0:0:0:1', '2016-07-15 11:35:24', 'System Login', 45, 2),
(46067, 'C94AFED4063BCAFE91180BBEB46C78C0', '0:0:0:0:0:0:0:1', '2016-07-15 11:41:34', 'System Login', 45, 2),
(46068, '0FD67E2F3532F294605693DF5C4D061B', '0:0:0:0:0:0:0:1', '2016-07-15 11:46:51', 'System Login', 45, 2),
(46069, 'F51042CF1B1E45430EC7E40598577BA9', '0:0:0:0:0:0:0:1', '2016-07-15 11:59:02', 'System Login', 45, 2),
(46070, '5D3BD0FBA962E8462A86E79C2DD968C4', '0:0:0:0:0:0:0:1', '2016-07-15 12:05:49', 'System Login', 45, 2),
(46071, '7635EA28D79E8C7150A846631FF4FE79', '0:0:0:0:0:0:0:1', '2016-07-15 12:07:05', 'System Login', 45, 2),
(46072, 'AAE4416C4697C1F798196D4F541E4F38', '0:0:0:0:0:0:0:1', '2016-07-15 12:31:21', 'System Login', 45, 2),
(46073, '141B1BB7CA83C3465DE73184DDE61C8D', '0:0:0:0:0:0:0:1', '2016-07-15 12:41:15', 'System Login', 45, 2),
(46074, '3FCB3D6CA702AF6BFD49C99895D11E97', '0:0:0:0:0:0:0:1', '2016-07-15 12:56:03', 'System Login', 45, 2),
(46075, 'CEA1339945E5BF2CB32EC47DC0F9979A', '0:0:0:0:0:0:0:1', '2016-07-15 13:40:48', 'System Login', 45, 2),
(46076, '3F7D31D73324BD403FECE92DE94BCA4F', '0:0:0:0:0:0:0:1', '2016-07-15 13:52:13', 'System Login', 45, 2),
(46077, 'EAC24AA46D01235DDAB9D0CF2BA790B1', '0:0:0:0:0:0:0:1', '2016-07-18 10:04:41', 'System Login', 45, 2),
(46078, 'E04D23C8B75ADC9E235D57D66BF2FB88', '0:0:0:0:0:0:0:1', '2016-07-18 10:07:23', 'System Login', 45, 2),
(46079, '1C7FBC259E9D8A8D9D6B9423542C7CBD', '0:0:0:0:0:0:0:1', '2016-07-18 10:18:57', 'System Login', 45, 2),
(46080, '805816A6F98B4A6883CAFB07175455C9', '0:0:0:0:0:0:0:1', '2016-07-18 10:36:53', 'System Login', 45, 2),
(46081, '68F8390C935240289B4C434F175F99FD', '0:0:0:0:0:0:0:1', '2016-07-18 11:17:41', 'System Login', 45, 2),
(46082, '16362151F2654DD2294404B521B1D29A', '0:0:0:0:0:0:0:1', '2016-07-18 11:36:55', 'System Login', 45, 2),
(46083, '6D2F24EB2088EBA2A7C4293B4C9A815D', '0:0:0:0:0:0:0:1', '2016-07-18 12:00:31', 'System Login', 45, 2),
(46084, '8B06FEF76F6AF6B4F49F1BD85BC6C97C', '0:0:0:0:0:0:0:1', '2016-07-20 09:35:45', 'System Login', 45, 2),
(46085, '6E7A2AB48D1B8E8BC40EF8972A311A87', '0:0:0:0:0:0:0:1', '2016-07-20 09:50:30', 'System Login', 45, 2),
(46086, '718BA39C4DB2F420C0FEB9BA731CF310', '0:0:0:0:0:0:0:1', '2016-07-20 10:24:48', 'System Login', 45, 2),
(46087, '3C3F26DB75010BC989421D31018B31CA', '0:0:0:0:0:0:0:1', '2016-07-20 10:50:08', 'System Login', 45, 2),
(46088, '195995375F41C47575AEB87724E91348', '0:0:0:0:0:0:0:1', '2016-07-20 10:54:27', 'System Login', 45, 2),
(46089, '88CA382AF244B62520C7A2DAED1573E5', '0:0:0:0:0:0:0:1', '2016-07-20 11:00:44', 'System Login', 45, 2),
(46090, 'C2BA936BAB8F3591FF430B947D1E5F4A', '0:0:0:0:0:0:0:1', '2016-07-20 11:07:50', 'System Login', 45, 2),
(46091, 'F47FC69A36C0EED6C585551B58C0D0C4', '0:0:0:0:0:0:0:1', '2016-07-20 11:20:39', 'System Login', 45, 2),
(46092, '29D40AF2DCA885BC701317F39E51B431', '0:0:0:0:0:0:0:1', '2016-07-20 11:26:40', 'System Login', 45, 2),
(46093, '87BD72CB00DBE407DDE839565E92DFC7', '0:0:0:0:0:0:0:1', '2016-07-20 11:31:47', 'System Login', 45, 2),
(46094, '0BEEFB70C295A07E04DEFCEAD06E30DE', '0:0:0:0:0:0:0:1', '2016-07-20 11:34:30', 'System Login', 45, 2),
(46095, '5285F891945DEB5ACD64986BF1326AD4', '0:0:0:0:0:0:0:1', '2016-07-20 11:38:32', 'System Login', 45, 2),
(46096, '184FBFF0D0F2D76BEF45D7CE3E3B4EAF', '0:0:0:0:0:0:0:1', '2016-07-20 11:44:56', 'System Login', 45, 2),
(46097, '363FA291227CD16835D620418D8D214F', '0:0:0:0:0:0:0:1', '2016-07-20 11:47:08', 'System Login', 45, 2),
(46098, '3119B0F4102A9C9758B7625810733465', '0:0:0:0:0:0:0:1', '2016-07-20 11:51:19', 'System Login', 45, 2),
(46099, '1B193019157A36130AB26FBE0CB3770A', '0:0:0:0:0:0:0:1', '2016-07-20 14:25:43', 'System Login', 49, 6),
(46100, '32F0CC752748E0CB52245661C9C3B8F3', '0:0:0:0:0:0:0:1', '2016-07-20 14:30:00', 'System Login', 49, 6),
(46101, '9BC9E3551ED68D98BBEA9D46024DED1C', '0:0:0:0:0:0:0:1', '2016-07-20 14:40:58', 'System Login', 49, 6),
(46102, '824346215C62DFC0D54F32E35E4090C9', '0:0:0:0:0:0:0:1', '2016-07-20 14:48:05', 'System Login', 49, 6),
(46103, 'C51DCD285B8920E92F64D4A5472056A2', '0:0:0:0:0:0:0:1', '2016-07-20 14:48:54', 'System Login', 51, 8),
(46104, '7676937BDA4B800E0D49AE3FCD460B82', '0:0:0:0:0:0:0:1', '2016-07-20 14:49:27', 'System Login', 50, 7),
(46105, '0C9B271D36E5AE842F75BF0C18F155D7', '0:0:0:0:0:0:0:1', '2016-07-20 14:54:05', 'System Login', 45, 2),
(46106, '1EDD7B6BB25C11AB32A99D5207FA4D4F', '0:0:0:0:0:0:0:1', '2016-07-20 16:09:38', 'System Login', 45, 2),
(46107, 'FB7BD361FC0ABB2B6BE93573AF0A77E9', '0:0:0:0:0:0:0:1', '2016-07-20 16:13:20', 'System Login', 45, 2),
(46108, 'C08483EFBAE6843623838758462F1048', '0:0:0:0:0:0:0:1', '2016-07-20 17:23:04', 'System Login', 45, 2),
(46109, '1ABC7391CD05CC022255AFF9DB1C7BD6', '0:0:0:0:0:0:0:1', '2016-07-21 09:24:48', 'System Login', 45, 2),
(46110, '3ABAB33B27B3530F8C1F05E3BC5EE16D', '0:0:0:0:0:0:0:1', '2016-07-21 09:38:37', 'System Login', 45, 2),
(46111, '6DA7AB830D592AF5709ED322BB2A28F4', '0:0:0:0:0:0:0:1', '2016-07-21 10:47:37', 'System Login', 45, 2),
(46112, 'FEDFBF9D313D3E7CB741F35093D29A43', '0:0:0:0:0:0:0:1', '2016-07-21 12:18:22', 'System Login', 45, 2),
(46113, 'B3027F9F221C5A324142000A3EE42464', '0:0:0:0:0:0:0:1', '2016-07-21 12:19:03', 'System Login', 45, 2),
(46114, 'F4AF4C1CF9896C33BB6DC3C3533D0634', '0:0:0:0:0:0:0:1', '2016-07-21 12:22:42', 'System Login', 45, 2),
(46115, '2068392B10B01DD61E74CF3F0F657518', '0:0:0:0:0:0:0:1', '2016-07-21 12:23:27', 'System Login', 45, 2),
(46116, '88E2CEBB4D5AAAABF3A734538FE3E96B', '0:0:0:0:0:0:0:1', '2016-07-21 12:23:47', 'System Login', 49, 6),
(46117, '440A93ABA44F77297C86FB95A31AC4AB', '0:0:0:0:0:0:0:1', '2016-07-21 12:24:20', 'System Login', 52, 9),
(46118, '75F8585550099797AA26AF0692D9775D', '0:0:0:0:0:0:0:1', '2016-07-21 12:28:21', 'System Login', 45, 2),
(46119, '43B51BAE92DBA4E6D4A0B6884E9F166E', '0:0:0:0:0:0:0:1', '2016-07-21 12:35:40', 'System Login', 45, 2),
(46120, '246B8D27533F6EDD9B5067B1BB53F761', '0:0:0:0:0:0:0:1', '2016-07-21 12:36:32', 'System Login', 52, 9),
(46121, 'A7D7622345E23C5CC291CFFE8A300516', '0:0:0:0:0:0:0:1', '2016-07-21 12:37:21', 'System Login', 46, 3),
(46122, 'EE86FF52A7B051E240874CE5D09B5B14', '0:0:0:0:0:0:0:1', '2016-07-21 12:38:15', 'System Login', 49, 6),
(46123, 'D87022023ED6D519B71CF337C72A33FE', '0:0:0:0:0:0:0:1', '2016-07-21 13:57:43', 'System Login', 45, 2),
(46124, 'C0299633061F61CD65780254A3FA8A42', '0:0:0:0:0:0:0:1', '2016-07-21 15:28:28', 'System Login', 45, 2),
(46125, 'B7FD3C8A42A47784869B3E249325B5D7', '0:0:0:0:0:0:0:1', '2016-07-22 09:35:48', 'System Login', 45, 2),
(46126, 'E37153D044D371F7849B063B5F27278E', '0:0:0:0:0:0:0:1', '2016-07-22 09:36:59', 'System Login', 45, 2),
(46127, 'B1191AB112C173D9360F5AEFC4A5D8B0', '0:0:0:0:0:0:0:1', '2016-07-22 09:38:56', 'System Login', 45, 2),
(46128, '74465BAB8764BA71428EC3D5D39B77CC', '0:0:0:0:0:0:0:1', '2016-07-22 09:40:19', 'System Login', 45, 2),
(46129, '7D03AE702E5365C877F3AD115B6A2FE4', '0:0:0:0:0:0:0:1', '2016-07-22 09:42:41', 'System Login', 45, 2),
(46130, 'F85B733844144EAB31551535DD0A3728', '0:0:0:0:0:0:0:1', '2016-07-22 09:44:31', 'System Login', 45, 2),
(46131, '3B4C68396D8FD919805DF3D346F4F83B', '0:0:0:0:0:0:0:1', '2016-07-22 10:02:56', 'System Login', 45, 2),
(46132, 'BC8E64DCE43C8FE264112477D842F06B', '0:0:0:0:0:0:0:1', '2016-07-22 10:03:45', 'System Login', 45, 2),
(46133, '37E59DB7D41151A017CD7F88482ECD26', '0:0:0:0:0:0:0:1', '2016-07-22 10:14:50', 'System Login', 45, 2),
(46134, '9B06A30D80D107F38C8A8DA96D3B0B3C', '0:0:0:0:0:0:0:1', '2016-07-22 10:15:12', 'System Login', 45, 2),
(46135, '26C708A39AA06E26CC340E0A4F48D61A', '0:0:0:0:0:0:0:1', '2016-07-22 10:16:19', 'System Login', 45, 2),
(46136, '67B18B5851A5989B73E1569A2682A90C', '0:0:0:0:0:0:0:1', '2016-07-22 10:17:53', 'System Login', 45, 2),
(46137, 'EC99158A5DE1CD24A4FB6C5C6344EE4A', '0:0:0:0:0:0:0:1', '2016-07-22 10:51:57', 'System Login', 45, 2),
(46138, '0C328DDE765B5F79367698F32E4C8722', '0:0:0:0:0:0:0:1', '2016-07-22 11:03:38', 'System Login', 45, 2),
(46139, '110396926CD14481B06EDA08E6148B31', '0:0:0:0:0:0:0:1', '2016-07-22 11:10:31', 'System Login', 45, 2),
(46140, 'DF853295BAACAC915B35A84C8BD5DF9A', '0:0:0:0:0:0:0:1', '2016-07-22 11:36:21', 'System Login', 45, 2),
(46141, '310AA81E0E6575F1FADC2ED335659C3F', '0:0:0:0:0:0:0:1', '2016-07-22 12:07:20', 'System Login', 45, 2),
(46142, '6B9D607500E39318EEA9693B4EE6183A', '0:0:0:0:0:0:0:1', '2016-07-22 14:13:17', 'System Login', 45, 2),
(46143, '0523FB49EECAA471B784C59150AB4F9B', '0:0:0:0:0:0:0:1', '2016-07-25 09:17:12', 'System Login', 45, 2),
(46144, 'DD10A89328E0F0241BA84C15F1AFEF19', '0:0:0:0:0:0:0:1', '2016-07-25 09:48:49', 'System Login', 45, 2),
(46145, '3C93A884DB18DD454199EC1992AB225F', '0:0:0:0:0:0:0:1', '2016-07-25 09:57:18', 'System Login', 45, 2),
(46146, '6BCB611CE3F815B914BFFB41BDBC588B', '0:0:0:0:0:0:0:1', '2016-07-25 10:12:56', 'System Login', 45, 2),
(46147, '5A9B2D3E75373468D81005B0D29D8E90', '0:0:0:0:0:0:0:1', '2016-07-25 10:17:32', 'System Login', 45, 2),
(46148, 'F203563D3CDCB491AE1768390D6515BC', '0:0:0:0:0:0:0:1', '2016-07-25 10:37:17', 'System Login', 45, 2),
(46149, '717E45AD4E16962AF8F97DBC8FF6C620', '0:0:0:0:0:0:0:1', '2016-07-25 10:42:38', 'System Login', 45, 2),
(46150, '3D5DD96EFB5C676B3A61B3DCFCD50209', '0:0:0:0:0:0:0:1', '2016-07-25 10:50:06', 'System Login', 45, 2),
(46151, '9D7AD517BD166F625F9B17A120EF0095', '0:0:0:0:0:0:0:1', '2016-07-25 11:07:32', 'System Login', 45, 2),
(46152, '41EDB867866FBAD546D5DD7020507972', '0:0:0:0:0:0:0:1', '2016-07-25 11:48:41', 'System Login', 45, 2),
(46153, 'A97CA250BDD97822092752081B1BE2C9', '0:0:0:0:0:0:0:1', '2016-07-25 12:08:49', 'System Login', 45, 2),
(46154, '1AFC570C85BF788D802187AEE19ED298', '0:0:0:0:0:0:0:1', '2016-07-25 12:21:14', 'System Login', 45, 2),
(46155, '7E85BCC566776EBB62CBCE06AC1EC1C4', '0:0:0:0:0:0:0:1', '2016-07-25 12:22:08', 'System Login', 45, 2),
(46156, '09FD5400D6E60B93C5CD724526B37447', '0:0:0:0:0:0:0:1', '2016-07-25 12:24:00', 'System Login', 45, 2),
(46157, '89130187884F2DE604654143AF332987', '0:0:0:0:0:0:0:1', '2016-07-25 12:57:37', 'System Login', 45, 2),
(46158, '9C142FFF7D776AF4B9EA0DEA9C4FE22A', '0:0:0:0:0:0:0:1', '2016-07-25 13:02:04', 'System Login', 45, 2),
(46159, '29ABC1A35B1D51CCFA1D86A972ABB7DE', '0:0:0:0:0:0:0:1', '2016-07-25 13:41:52', 'System Login', 45, 2),
(46160, 'E08FC09A235B7886C5AF960786DFFA45', '0:0:0:0:0:0:0:1', '2016-07-25 13:42:24', 'System Login', 45, 2),
(46161, '32BE38DDDA4D329013EF938403BAA996', '0:0:0:0:0:0:0:1', '2016-07-25 13:54:01', 'System Login', 45, 2),
(46162, '8E49734AEB2CC582966AD7CC4ABB6EF8', '0:0:0:0:0:0:0:1', '2016-07-25 13:54:53', 'System Login', 45, 2),
(46163, 'EE08031A828EC22B12455F09EF723936', '0:0:0:0:0:0:0:1', '2016-07-25 14:07:41', 'System Login', 45, 2),
(46164, '19EFB6B74A12A55E91893C37A78F0473', '0:0:0:0:0:0:0:1', '2016-07-25 14:58:51', 'System Login', 45, 2),
(46165, 'C73EC7F88756A86C4456D8D5EB76F5F4', '0:0:0:0:0:0:0:1', '2016-07-25 15:09:17', 'System Login', 45, 2),
(46166, 'AF7D81AD77C3805B78653CFBAE6767D9', '0:0:0:0:0:0:0:1', '2016-07-25 15:19:31', 'System Login', 45, 2),
(46167, 'D9206549F62164B357DCC8A00782AE74', '0:0:0:0:0:0:0:1', '2016-07-25 15:22:46', 'System Login', 45, 2),
(46168, '06460C8E06337EAC0DEF48FF527B8266', '0:0:0:0:0:0:0:1', '2016-07-25 15:26:41', 'System Login', 45, 2),
(46169, 'D21B0C393046701AF316B7E2BA540F24', '0:0:0:0:0:0:0:1', '2016-07-25 15:36:55', 'System Login', 45, 2),
(46170, 'A69B34B70F6FB0B7CEAB493463AEE22D', '0:0:0:0:0:0:0:1', '2016-07-25 15:39:52', 'System Login', 45, 2),
(46171, '8AB4D6C79172897F8BD498CE7317D444', '0:0:0:0:0:0:0:1', '2016-07-25 15:43:10', 'System Login', 45, 2),
(46172, '87D748C852998DF66FFFBBECBC291EA0', '0:0:0:0:0:0:0:1', '2016-07-25 15:51:13', 'System Login', 45, 2),
(46173, '705084ED5A8323D7B4F3117E860A5472', '0:0:0:0:0:0:0:1', '2016-07-25 15:56:16', 'System Login', 45, 2),
(46174, 'B311A478EEB753795CAA5C3EC9C40AEC', '0:0:0:0:0:0:0:1', '2016-07-25 16:01:38', 'System Login', 45, 2),
(46175, '6EB998F6B2A6988308D6F115E1688DF2', '0:0:0:0:0:0:0:1', '2016-07-25 16:07:05', 'System Login', 45, 2),
(46176, '504FD7AF2539468925871E373493DEEE', '0:0:0:0:0:0:0:1', '2016-07-25 16:21:01', 'System Login', 45, 2),
(46177, '060B8CDE9FA1D3CF5022E37469906293', '0:0:0:0:0:0:0:1', '2016-07-25 16:24:08', 'System Login', 45, 2),
(46178, '58A6369CF989A9697658E4FDD440644F', '0:0:0:0:0:0:0:1', '2016-07-25 16:51:13', 'System Login', 45, 2),
(46179, 'A5B5409FDE38E7FF04636DE629B340B9', '0:0:0:0:0:0:0:1', '2016-07-25 16:52:10', 'System Login', 49, 6),
(46180, 'DA1A6DFF7709622B929E517080C3D0DB', '0:0:0:0:0:0:0:1', '2016-07-25 17:02:23', 'System Login', 45, 2),
(46181, '491CD369CB67C517E0A89962302DA93B', '0:0:0:0:0:0:0:1', '2016-07-25 17:09:08', 'System Login', 45, 2),
(46182, '20216730FF839CDC096BA530A4A730B9', '0:0:0:0:0:0:0:1', '2016-07-26 08:58:14', 'System Login', 45, 2),
(46183, '8B27FB4B30DB330DF85134DE67B7A427', '0:0:0:0:0:0:0:1', '2016-07-26 09:10:44', 'System Login', 45, 2),
(46184, '6674B8C24FC5A8F001BD3AD8D7B18605', '0:0:0:0:0:0:0:1', '2016-07-26 09:22:48', 'System Login', 45, 2),
(46185, '9A9939FE531F13ECC743A8C92AA8EF55', '0:0:0:0:0:0:0:1', '2016-07-26 09:52:41', 'System Login', 45, 2),
(46186, 'BAE1EBBD8A30D65958EDB0E50D7421C1', '0:0:0:0:0:0:0:1', '2016-07-26 09:55:42', 'System Login', 45, 2),
(46187, 'A5EA316B85742A32949CD74CF5939D80', '0:0:0:0:0:0:0:1', '2016-07-26 09:58:54', 'System Login', 45, 2),
(46188, '8DB29A2983B3C35316D432BD68503059', '0:0:0:0:0:0:0:1', '2016-07-26 10:14:28', 'System Login', 45, 2),
(46189, '6D43C75DCDA8FB5001935A8744A5826A', '0:0:0:0:0:0:0:1', '2016-07-26 10:21:30', 'System Login', 45, 2),
(46190, '7280BE18EADC342CFD450ACA456E4B79', '0:0:0:0:0:0:0:1', '2016-07-26 10:23:38', 'System Login', 45, 2),
(46191, '40B5705B8B546604498365F0ED938A33', '0:0:0:0:0:0:0:1', '2016-07-26 10:32:17', 'System Login', 45, 2),
(46192, 'EABBA18F91E99CFCFBE182ECB8438F2F', '0:0:0:0:0:0:0:1', '2016-07-26 10:42:27', 'System Login', 45, 2),
(46193, '9B8E5608A7DD3CF545F01E20AB479429', '0:0:0:0:0:0:0:1', '2016-07-26 13:48:52', 'System Login', 45, 2),
(46194, 'E429179C16B01112BA28DBE3A3916883', '0:0:0:0:0:0:0:1', '2016-07-26 14:12:06', 'System Login', 45, 2),
(46195, '7705000B59F5C1402850921AA13B2B36', '0:0:0:0:0:0:0:1', '2016-07-26 14:36:17', 'System Login', 45, 2),
(46196, '826D57E3AFF69A734AF18554D1D9C77B', '0:0:0:0:0:0:0:1', '2016-07-26 15:05:42', 'System Login', 45, 2),
(46197, 'CC118C660125B0D155D8F543D858896D', '0:0:0:0:0:0:0:1', '2016-07-26 15:06:24', 'System Login', 45, 2),
(46198, ' Person 2 logged out at 2016-07-26 15:36:48', NULL, '2016-07-26 15:36:49', 'Log out', 45, 2),
(46199, 'BFF91FFE4A20AC17C8C3A2D6BB4B8452', '0:0:0:0:0:0:0:1', '2016-07-26 15:37:06', 'System Login', 49, 6),
(46200, ' Person 6 logged out at 2016-07-26 15:37:15', NULL, '2016-07-26 15:37:16', 'Log out', 49, 6),
(46201, '2F60BDF6B9D310B6DA58DBBAF04564F3', '0:0:0:0:0:0:0:1', '2016-07-26 16:01:41', 'System Login', 45, 2),
(46202, '757E6C79BE6F84E6F2A81C675FF526EF', '0:0:0:0:0:0:0:1', '2016-07-26 17:01:35', 'System Login', 45, 2),
(46203, '3FEBE06D64AAFCCE324FD7E92AD7FDCB', '0:0:0:0:0:0:0:1', '2016-07-27 14:00:10', 'System Login', 45, 2),
(46204, 'E961A65FB7BD304A41F65E9CA92A8F4A', '0:0:0:0:0:0:0:1', '2016-07-27 14:42:53', 'System Login', 45, 2),
(46205, 'F4F8E27E43C513EB6AB35055FF7EBDD1', '0:0:0:0:0:0:0:1', '2016-07-27 15:19:33', 'System Login', 45, 2),
(46206, ' Person 2 logged out at 2016-07-27 15:48:10', NULL, '2016-07-27 15:48:10', 'Log out', 45, 2),
(46207, '58CAA1E2ECF25DCC462CE03A2059EB7B', '0:0:0:0:0:0:0:1', '2016-07-27 15:48:27', 'System Login', 47, 4),
(46208, '3B87C0385758D3E3DA084F0D97DCC1C2', '0:0:0:0:0:0:0:1', '2016-07-27 16:26:48', 'System Login', 47, 4),
(46209, 'B440280EE26D30424836773D4157EC68', '0:0:0:0:0:0:0:1', '2016-07-27 16:36:45', 'System Login', 47, 4),
(46210, '3E612F16FC319754367A712A4484BB9C', '0:0:0:0:0:0:0:1', '2016-07-28 09:40:06', 'System Login', 47, 4),
(46211, '354F4861ED530035CE73BD1F53631A22', '0:0:0:0:0:0:0:1', '2016-07-28 10:59:37', 'System Login', 47, 4),
(46212, 'D40C6B336F93EF25FDAE73297F6069F3', '0:0:0:0:0:0:0:1', '2016-07-28 11:39:10', 'System Login', 48, 5),
(46213, 'A58644DBA3690EFB9E8F77846B85D789', '0:0:0:0:0:0:0:1', '2016-07-28 12:05:50', 'System Login', 48, 5),
(46214, '27F3324FE467A5A61A28A06D03308394', '0:0:0:0:0:0:0:1', '2016-07-28 13:14:32', 'System Login', 48, 5),
(46215, 'B4B100C22F9329E1A4E5D7736D2C3424', '0:0:0:0:0:0:0:1', '2016-07-28 14:30:42', 'System Login', 45, 2),
(46216, '41FFEAB0EEE2F006BD50A3DF6B8AF7B2', '0:0:0:0:0:0:0:1', '2016-07-28 14:59:02', 'System Login', 45, 2),
(46217, '970B932F69D7C8F190E325F3A3710B90', '0:0:0:0:0:0:0:1', '2016-07-28 15:10:30', 'System Login', 45, 2),
(46218, '58D3E7B8DA6B0B23382C349BCC632BA5', '0:0:0:0:0:0:0:1', '2016-07-28 15:23:55', 'System Login', 45, 2),
(46219, '196ED7B6467F9C6EF9CDAD2FB955B6B8', '0:0:0:0:0:0:0:1', '2016-07-28 16:03:34', 'System Login', 45, 2),
(46220, '93BD286D7728D02315CDB0D2DF229C0A', '0:0:0:0:0:0:0:1', '2016-07-28 16:37:40', 'System Login', 48, 5),
(46221, '0E506DA1D39EF498F2F2B236955CB4E9', '0:0:0:0:0:0:0:1', '2016-07-28 16:43:31', 'System Login', 45, 2),
(46222, '63C8F1794FA99512FAE6E0EF814FC6D0', '0:0:0:0:0:0:0:1', '2016-07-29 10:51:10', 'System Login', 45, 2),
(46223, 'DA2F96C5797EF859F49FE12D8282C85B', '0:0:0:0:0:0:0:1', '2016-07-29 11:42:00', 'System Login', 45, 2),
(46224, '0DB6EFEBA5FDF27BB03D077CE9F3DAF0', '0:0:0:0:0:0:0:1', '2016-07-29 13:13:20', 'System Login', 45, 2),
(46225, 'D98550E8FC8E515A7BD3B8CE962C7AAF', '0:0:0:0:0:0:0:1', '2016-07-29 13:18:19', 'System Login', 45, 2),
(46226, '4662592DC8017CF3C5149DDCBAC9596B', '0:0:0:0:0:0:0:1', '2016-07-29 14:10:19', 'System Login', 45, 2),
(46227, 'F8356034DA70A234619EEDFE5B809B37', '0:0:0:0:0:0:0:1', '2016-07-29 14:42:33', 'System Login', 45, 2),
(46228, '961B84286D7B4950BD7E54A221F64B23', '0:0:0:0:0:0:0:1', '2016-07-29 14:48:43', 'System Login', 45, 2),
(46229, '2B0EE85C715FF8772E481F0422FD4EC5', '0:0:0:0:0:0:0:1', '2016-07-29 14:57:54', 'System Login', 45, 2),
(46230, '4BDB37F8DCBAC6BE1802CAA97BCCECD5', '0:0:0:0:0:0:0:1', '2016-07-29 15:11:55', 'System Login', 45, 2),
(46231, '4DEEDAC4511B930D2D59F773DC8713C1', '0:0:0:0:0:0:0:1', '2016-07-29 15:21:10', 'System Login', 45, 2),
(46232, 'FFB951497E7D3B988C82A4D9936002EF', '0:0:0:0:0:0:0:1', '2016-07-29 15:25:41', 'System Login', 45, 2),
(46233, '37800B610F54097FD000E3B8C2FDA254', '0:0:0:0:0:0:0:1', '2016-07-29 16:06:04', 'System Login', 45, 2),
(46234, ' Person 2 logged out at 2016-07-29 16:06:45', NULL, '2016-07-29 16:06:45', 'Log out', 45, 2),
(46235, '198B8A3A8619DCBCD82A8DDE4C4BE907', '0:0:0:0:0:0:0:1', '2016-07-29 16:07:25', 'System Login', 48, 5),
(46236, '7B667BE04271BEF77A35898E610F8A4F', '0:0:0:0:0:0:0:1', '2016-07-29 16:42:11', 'System Login', 45, 2),
(46237, ' Person 2 logged out at 2016-07-29 16:42:28', NULL, '2016-07-29 16:42:28', 'Log out', 45, 2),
(46238, '96918262C9D16DFE19B74D844958E3D2', '0:0:0:0:0:0:0:1', '2016-07-29 16:42:34', 'System Login', 48, 5),
(46239, 'ACE52954A7D4895B51D842E734DBDB28', '0:0:0:0:0:0:0:1', '2016-07-29 16:58:26', 'System Login', 48, 5),
(46240, '2EB3BB8ACA7330F2ACA53515F675D4F7', '0:0:0:0:0:0:0:1', '2016-07-29 17:10:58', 'System Login', 48, 5),
(46241, 'BCF1897D78C275C32746FB9D46BC48D7', '0:0:0:0:0:0:0:1', '2016-08-01 08:59:45', 'System Login', 48, 5),
(46242, '8103125057DB21C1F1EFD324AF4D7228', '0:0:0:0:0:0:0:1', '2016-08-01 09:14:18', 'System Login', 48, 5),
(46243, 'F4AE9240934CE13D0C8DC0F7A7ECCFBC', '0:0:0:0:0:0:0:1', '2016-08-01 09:42:31', 'System Login', 48, 5),
(46244, '69DEABF9BE6F349A708C362F75531149', '0:0:0:0:0:0:0:1', '2016-08-01 10:01:48', 'System Login', 48, 5),
(46245, '59F194BCC8CE9F5F562D91EF2A504E67', '0:0:0:0:0:0:0:1', '2016-08-01 14:31:07', 'System Login', 45, 2),
(46246, '5E35D6EF911F6CFC5B9A424852713BA2', '0:0:0:0:0:0:0:1', '2016-08-01 15:12:35', 'System Login', 48, 5),
(46247, ' Person 5 logged out at 2016-08-01 15:19:09', NULL, '2016-08-01 15:19:10', 'Log out', 48, 5),
(46248, '30FF6604C749D465F747E92C7A689B29', '0:0:0:0:0:0:0:1', '2016-08-01 15:19:21', 'System Login', 48, 5),
(46249, '1FE07820FAD8ECCCF4F5F703D5031487', '0:0:0:0:0:0:0:1', '2016-08-09 09:04:54', 'System Login', 45, 2),
(46250, 'AD29C277E41FAD06070AD2AE4173CE23', '0:0:0:0:0:0:0:1', '2016-08-09 10:07:03', 'System Login', 45, 2),
(46251, '8DE43650E1255B5E0AF4B1A0EE241AAA', '0:0:0:0:0:0:0:1', '2016-08-15 10:59:26', 'System Login', 45, 2),
(46252, 'C63DDE5164F1F96E06835A51832F7576', '0:0:0:0:0:0:0:1', '2016-08-15 14:05:26', 'System Login', 45, 2),
(46253, ' Person 2 logged out at 2016-08-15 14:06:38', NULL, '2016-08-15 14:06:38', 'Log out', 45, 2),
(46254, '0AF17140F6D5CC37FCCA37CA2726B809', '0:0:0:0:0:0:0:1', '2016-08-15 14:06:46', 'System Login', 48, 5),
(46255, ' Person 5 logged out at 2016-08-15 14:07:08', NULL, '2016-08-15 14:07:08', 'Log out', 48, 5),
(46256, '394DCD1EBC228FD39E4C11E4C9D621C5', '0:0:0:0:0:0:0:1', '2016-08-15 14:07:14', 'System Login', 45, 2),
(46257, 'D2C9A415387F00FABAE64D5251418914', '0:0:0:0:0:0:0:1', '2016-08-15 14:24:54', 'System Login', 45, 2),
(46258, 'AACF34606CAC417519D391B92D9C1196', '0:0:0:0:0:0:0:1', '2016-08-15 14:40:13', 'System Login', 45, 2),
(46259, '5ADF300928A690C7239BE2FFE3DD8157', '0:0:0:0:0:0:0:1', '2016-08-15 14:59:43', 'System Login', 45, 2),
(46260, '59E9A48EBAA8CFDD2F8D6FE26F0CC67E', '0:0:0:0:0:0:0:1', '2016-08-15 15:10:18', 'System Login', 45, 2),
(46261, 'B7BDC3BA26EEF313106ECBF178DD7BF9', '0:0:0:0:0:0:0:1', '2016-08-15 15:20:07', 'System Login', 45, 2),
(46262, 'E5C1B2962E972B6532D49C63B4A4CBBF', '0:0:0:0:0:0:0:1', '2016-08-15 16:05:22', 'System Login', 45, 2),
(46263, '64B7F77952688A6F0175234825F4CEBE', '0:0:0:0:0:0:0:1', '2016-08-15 16:36:19', 'System Login', 45, 2),
(46264, '8F85E61008E1A99EA7A35E5F491E81D4', '0:0:0:0:0:0:0:1', '2016-08-26 16:44:32', 'System Login', 45, 2),
(46265, 'E63B0DB61AAD7A7F07C5C0CD51A2977C', '0:0:0:0:0:0:0:1', '2016-08-26 21:28:24', 'System Login', 45, 2),
(46266, ' Person 2 logged out at 2016-08-26 21:35:34', NULL, '2016-08-26 21:35:34', 'Log out', 45, 2),
(46267, 'A8083E0E5F0A4C4CD99E3677647B4028', '0:0:0:0:0:0:0:1', '2016-08-26 21:35:52', 'System Login', 52, 9),
(46268, ' Person 9 logged out at 2016-08-26 21:36:09', NULL, '2016-08-26 21:36:09', 'Log out', 52, 9),
(46269, 'C34A72529B7A3EF5479019D62CE4BD69', '0:0:0:0:0:0:0:1', '2016-08-26 21:36:17', 'System Login', 47, 4),
(46270, ' Person 4 logged out at 2016-08-26 21:36:25', NULL, '2016-08-26 21:36:26', 'Log out', 47, 4),
(46271, 'AA283F2FC49DAD7EF85D779495DDC35F', '0:0:0:0:0:0:0:1', '2016-08-26 21:36:34', 'System Login', 49, 6),
(46272, ' Person 6 logged out at 2016-08-26 21:36:48', NULL, '2016-08-26 21:36:48', 'Log out', 49, 6),
(46273, '0C7FA672F4AED8118407982521A560CC', '0:0:0:0:0:0:0:1', '2016-08-26 21:36:56', 'System Login', 48, 5),
(46274, ' Person 5 logged out at 2016-08-26 21:37:17', NULL, '2016-08-26 21:37:18', 'Log out', 48, 5),
(46275, '79DEE8FF0B980319315988157C02DE49', '0:0:0:0:0:0:0:1', '2016-08-26 21:37:26', 'System Login', 46, 3),
(46276, ' Person 3 logged out at 2016-08-26 21:38:01', NULL, '2016-08-26 21:38:02', 'Log out', 46, 3),
(46277, '9A0D12133A0A6ECFE4F80C23A6C7B10C', '0:0:0:0:0:0:0:1', '2016-08-26 21:38:10', 'System Login', 45, 2),
(46278, '061541CB388B1F535040ACCE1F26184A', '0:0:0:0:0:0:0:1', '2016-08-27 07:51:17', 'System Login', 45, 2),
(46279, 'B3ECEA0F6B2E858E3971BD9E2538FA1B', '0:0:0:0:0:0:0:1', '2016-08-27 17:35:11', 'System Login', 45, 2),
(46280, '7AC2170C1F15EEBF924FD3F0A2C55556', '0:0:0:0:0:0:0:1', '2016-08-27 17:45:46', 'System Login', 45, 2),
(46281, '0606D812E856A524AB4D84B4FD8EDB35', '0:0:0:0:0:0:0:1', '2016-08-27 17:48:20', 'System Login', 45, 2),
(46282, '65B86ED3D91C324F21BF51FCCD5714C5', '0:0:0:0:0:0:0:1', '2016-08-27 17:51:15', 'System Login', 45, 2),
(46283, '413BAA27DF1B319E38B703F2C601E2D9', '0:0:0:0:0:0:0:1', '2016-08-29 10:22:59', 'System Login', 45, 2),
(46284, '332EBBEAB8664E2C1BEAAFB86D471AA5', '0:0:0:0:0:0:0:1', '2016-08-29 10:34:24', 'System Login', 45, 2),
(46285, 'CFCCF8833E123E53B41C563E9D626518', '0:0:0:0:0:0:0:1', '2016-08-29 10:57:47', 'System Login', 45, 2),
(46286, 'C5753389CD5A435529E90654687CF4D3', '0:0:0:0:0:0:0:1', '2016-08-29 11:21:58', 'System Login', 45, 2),
(46287, '4E4C099A758627D7F7BB28AE47B24154', '0:0:0:0:0:0:0:1', '2016-08-29 11:27:22', 'System Login', 45, 2),
(46288, 'D82E64A7608C55D502CB316E9E47A7C0', '0:0:0:0:0:0:0:1', '2016-08-29 11:33:49', 'System Login', 45, 2),
(46289, '3D7761FD8C3DEAD03962E9B7FF96CF91', '0:0:0:0:0:0:0:1', '2016-08-29 11:53:48', 'System Login', 45, 2),
(46290, '287A4CE5BD8CD16FCDF98CD68E6092E2', '0:0:0:0:0:0:0:1', '2016-08-29 12:01:35', 'System Login', 45, 2),
(46291, '729BC065D4AA7A205CB5BC5D9DC5899F', '0:0:0:0:0:0:0:1', '2016-08-29 12:05:21', 'System Login', 45, 2),
(46292, 'AE24FD610F886D7AD67A7AB1523861D8', '0:0:0:0:0:0:0:1', '2016-08-29 12:14:31', 'System Login', 45, 2),
(46293, '6FE3E998104028D8060D639240757CA1', '0:0:0:0:0:0:0:1', '2016-08-29 12:28:31', 'System Login', 45, 2),
(46294, '6838F8DAFADD4DD026C44D4C2054482D', '0:0:0:0:0:0:0:1', '2016-08-29 12:37:08', 'System Login', 45, 2),
(46295, 'BCBB220A3D9CD081AC5CC4B8754F00E1', '0:0:0:0:0:0:0:1', '2016-08-29 12:40:32', 'System Login', 45, 2),
(46296, 'FD830831B53F6D73E8203851A68A6D4D', '0:0:0:0:0:0:0:1', '2016-08-29 13:37:04', 'System Login', 45, 2),
(46297, '9F5DB374DDC2FE97D5538FDAC7479B34', '0:0:0:0:0:0:0:1', '2016-08-29 13:51:00', 'System Login', 45, 2),
(46298, 'E88341A65D34FE98E8154CA5F3E971AE', '0:0:0:0:0:0:0:1', '2016-08-29 13:58:27', 'System Login', 45, 2),
(46299, 'F8B974C8A2DBDBF512CBDC49241849DC', '0:0:0:0:0:0:0:1', '2016-08-29 14:03:25', 'System Login', 45, 2),
(46300, '52A655026A90D12C43F1108CC69062DC', '0:0:0:0:0:0:0:1', '2016-08-29 14:09:10', 'System Login', 45, 2),
(46301, 'C544E407004CB6157AB8127F9607DA72', '0:0:0:0:0:0:0:1', '2016-08-29 14:14:03', 'System Login', 45, 2),
(46302, 'C62116C155090F0B1326744A318A60D5', '0:0:0:0:0:0:0:1', '2016-08-29 14:24:45', 'System Login', 45, 2),
(46303, 'D95F52AF5F8C636217B1206CB7283D9E', '0:0:0:0:0:0:0:1', '2016-08-29 15:18:19', 'System Login', 45, 2),
(46304, ' Person 2 logged out at 2016-08-29 15:18:34', NULL, '2016-08-29 15:18:34', 'Log out', 45, 2),
(46305, '6DC6184C3829DB7D79712FA8DD942351', '0:0:0:0:0:0:0:1', '2016-08-29 15:18:41', 'System Login', 48, 5),
(46306, 'D94123046DBBF93140AEC570CA75DBB4', '0:0:0:0:0:0:0:1', '2016-08-29 15:21:17', 'System Login', 48, 5),
(46307, ' Person 5 logged out at 2016-08-29 15:24:56', NULL, '2016-08-29 15:24:56', 'Log out', 48, 5),
(46308, 'A3A9668AF727F55F419DD84B2E157792', '0:0:0:0:0:0:0:1', '2016-08-29 15:25:03', 'System Login', 46, 3),
(46309, ' Person 3 logged out at 2016-08-29 15:36:49', NULL, '2016-08-29 15:36:50', 'Log out', 46, 3),
(46310, '68060F007E3F0B3DA772E105356E124A', '0:0:0:0:0:0:0:1', '2016-08-29 15:36:54', 'System Login', 45, 2),
(46311, 'B81D6F2E2A972DA948B697B10E65FBFE', '0:0:0:0:0:0:0:1', '2016-08-29 16:39:16', 'System Login', 45, 2),
(46312, ' Person 2 logged out at 2016-08-29 16:54:47', NULL, '2016-08-29 16:54:48', 'Log out', 45, 2),
(46313, 'BF233E651602EF50279993DB3938B5A6', '0:0:0:0:0:0:0:1', '2016-08-29 16:55:01', 'System Login', 53, 10),
(46314, '10F2EDBD98AB3ECEC037B34C0A256BA1', '0:0:0:0:0:0:0:1', '2016-08-29 17:00:06', 'System Login', 53, 10),
(46315, 'BCF17FE179708EA6DD54516FD70F5B4B', '0:0:0:0:0:0:0:1', '2016-08-29 17:47:48', 'System Login', 53, 10),
(46316, '251ECE76BF8BC8E83DAB2E20598CB979', '0:0:0:0:0:0:0:1', '2016-08-30 10:04:33', 'System Login', 53, 10),
(46317, '91FA2D3C366C99A1F7CC0B132DD0A7A6', '0:0:0:0:0:0:0:1', '2016-08-30 10:09:34', 'System Login', 53, 10),
(46318, '788C6A211D76C054C2465D34E6D6B1B1', '0:0:0:0:0:0:0:1', '2016-08-30 10:15:35', 'System Login', 53, 10),
(46319, '3D86AB2099B07CFF4146099D78B93898', '0:0:0:0:0:0:0:1', '2016-08-30 10:23:34', 'System Login', 53, 10),
(46320, ' Person 10 logged out at 2016-08-30 10:43:05', NULL, '2016-08-30 10:43:06', 'Log out', 53, 10),
(46321, '4B96417E82300C6846D423D7D57EA6E6', '0:0:0:0:0:0:0:1', '2016-08-30 10:43:13', 'System Login', 45, 2),
(46322, ' Person 2 logged out at 2016-08-30 10:46:50', NULL, '2016-08-30 10:46:51', 'Log out', 45, 2),
(46323, '12B80FCAA5809FDF3E459FAA07231FCA', '0:0:0:0:0:0:0:1', '2016-08-30 10:46:56', 'System Login', 48, 5),
(46324, ' Person 5 logged out at 2016-08-30 10:55:19', NULL, '2016-08-30 10:55:20', 'Log out', 48, 5),
(46325, '65E1E452284FE44A5EA4FC4466D4EA55', '0:0:0:0:0:0:0:1', '2016-08-30 10:55:26', 'System Login', 45, 2),
(46326, 'F96FF81F8563747247C368933167A983', '0:0:0:0:0:0:0:1', '2016-08-30 11:43:21', 'System Login', 45, 2),
(46327, ' Person 2 logged out at 2016-08-30 11:43:49', NULL, '2016-08-30 11:43:50', 'Log out', 45, 2),
(46328, 'F2A6BB0BC67A7729BA5C6B3693C4645F', '0:0:0:0:0:0:0:1', '2016-08-30 11:43:55', 'System Login', 48, 5),
(46329, '13FE59CCA581CB01396AC8024FB533EA', '0:0:0:0:0:0:0:1', '2016-08-30 13:06:36', 'System Login', 45, 2),
(46330, '2BD9B4737AA7F756E6581247C4890332', '0:0:0:0:0:0:0:1', '2016-08-30 13:32:27', 'System Login', 45, 2),
(46331, '45FE15BABF997136787B62D3FBE809A4', '0:0:0:0:0:0:0:1', '2016-08-30 13:39:49', 'System Login', 45, 2),
(46332, '74A49B81C84C3FB460F8769946186498', '0:0:0:0:0:0:0:1', '2016-08-30 13:44:28', 'System Login', 45, 2),
(46333, '78EB91495A70E3F3D9B0CA29060B75DF', '0:0:0:0:0:0:0:1', '2016-08-30 13:56:57', 'System Login', 45, 2),
(46334, 'B78670D010A523F36B90412AC3979F03', '0:0:0:0:0:0:0:1', '2016-08-30 14:02:28', 'System Login', 45, 2),
(46335, 'E8F34E34486FB5674D5EF812659284AA', '0:0:0:0:0:0:0:1', '2016-08-30 14:19:49', 'System Login', 45, 2),
(46336, '40416B7E6A6846090D5262551EF98290', '0:0:0:0:0:0:0:1', '2016-08-30 14:28:04', 'System Login', 45, 2),
(46337, 'DD3C3822E2BC2E1B1DA9096C592B5DA2', '0:0:0:0:0:0:0:1', '2016-08-30 14:40:53', 'System Login', 45, 2),
(46338, 'A1D5D7E1D3D9DFCAA05C527429298670', '0:0:0:0:0:0:0:1', '2016-08-30 15:34:58', 'System Login', 45, 2),
(46339, 'FA868593DD6F5CA6423D9D357E68594C', '0:0:0:0:0:0:0:1', '2016-08-30 15:52:23', 'System Login', 45, 2),
(46340, '543C82801874B4822A3F53AF7CB59FE6', '0:0:0:0:0:0:0:1', '2016-08-30 16:26:14', 'System Login', 45, 2),
(46341, 'B1A9E57FCAB38548143E4D53B9BE8C02', '0:0:0:0:0:0:0:1', '2016-08-30 16:32:31', 'System Login', 45, 2),
(46342, 'E4C44CE620F033377777922765811007', '0:0:0:0:0:0:0:1', '2016-08-30 16:39:23', 'System Login', 45, 2),
(46343, 'F1A723592D627D1B235974390FA245C7', '0:0:0:0:0:0:0:1', '2016-08-30 17:08:34', 'System Login', 45, 2),
(46344, '81991AB3EC358D0589D31C88640DCA89', '0:0:0:0:0:0:0:1', '2016-08-30 17:16:45', 'System Login', 45, 2),
(46345, '8538B813DF4D4B7A46C6AC93E13298D8', '0:0:0:0:0:0:0:1', '2016-08-30 17:24:56', 'System Login', 45, 2),
(46346, 'EA2C1B9B40799575A29EEEA05D450436', '0:0:0:0:0:0:0:1', '2016-08-30 17:45:36', 'System Login', 45, 2),
(46347, '468A5990079E68D4DE17A8389F0C5780', '0:0:0:0:0:0:0:1', '2016-08-31 09:02:07', 'System Login', 45, 2),
(46348, 'C25A2948716168ED713C294E4BE90277', '0:0:0:0:0:0:0:1', '2016-08-31 09:28:40', 'System Login', 45, 2),
(46349, 'F9297BC78C0C482DAFDC7FC4C9CB6C88', '0:0:0:0:0:0:0:1', '2016-08-31 09:38:53', 'System Login', 45, 2),
(46350, 'B32EAC07407E517F84B0908CB06CB53F', '0:0:0:0:0:0:0:1', '2016-08-31 09:52:13', 'System Login', 45, 2),
(46351, '3FCD9D0B15A60CA361DD5B8A6E4EEC38', '0:0:0:0:0:0:0:1', '2016-08-31 09:55:15', 'System Login', 45, 2),
(46352, '1E325EB2D91F3BED9989C7BA851DBEB6', '0:0:0:0:0:0:0:1', '2016-08-31 10:04:01', 'System Login', 45, 2),
(46353, '5692D06A1A6996AF75B7442A858201B2', '0:0:0:0:0:0:0:1', '2016-08-31 10:18:35', 'System Login', 45, 2),
(46354, '30A763317A074B6615877ABD0AF362E7', '0:0:0:0:0:0:0:1', '2016-08-31 10:28:34', 'System Login', 45, 2),
(46355, 'B6D4672700D069C17F6210152C34F341', '0:0:0:0:0:0:0:1', '2016-08-31 10:38:35', 'System Login', 45, 2),
(46356, 'EDB5EE95F2849773FAAFC22A9852F2A6', '0:0:0:0:0:0:0:1', '2016-08-31 10:52:09', 'System Login', 45, 2),
(46357, '410D7E1C192BF822BA80D24B705299E7', '0:0:0:0:0:0:0:1', '2016-08-31 12:18:51', 'System Login', 45, 2),
(46358, '4A9DC5F68D8E21B32F2644AAC5435579', '0:0:0:0:0:0:0:1', '2016-08-31 12:27:01', 'System Login', 45, 2),
(46359, '91B111626B403BBD7AF8E60B1EECF5DF', '0:0:0:0:0:0:0:1', '2016-08-31 13:32:13', 'System Login', 45, 2),
(46360, '86C9B1916D5CA2FB97DCFCAF5B6781CB', '0:0:0:0:0:0:0:1', '2016-08-31 13:41:50', 'System Login', 45, 2),
(46361, '31C16E25C73F2EEF6775867099358AED', '0:0:0:0:0:0:0:1', '2016-08-31 13:42:10', 'System Login', 45, 2),
(46362, '7710B8CE28EC8409D9400CD693FCFAFA', '0:0:0:0:0:0:0:1', '2016-08-31 13:42:20', 'System Login', 45, 2),
(46363, '1712766C0BB2FFE4A41D6F5C4F8DF4B0', '0:0:0:0:0:0:0:1', '2016-08-31 13:42:38', 'System Login', 45, 2),
(46364, 'A7EF010AA2D1226167798F87F7F31274', '0:0:0:0:0:0:0:1', '2016-08-31 14:05:29', 'System Login', 45, 2),
(46365, '58FB897861188909836C1B2FAB44066F', '0:0:0:0:0:0:0:1', '2016-08-31 14:25:27', 'System Login', 45, 2),
(46366, ' Person 2 logged out at 2016-08-31 14:29:27', NULL, '2016-08-31 14:29:27', 'Log out', 45, 2),
(46367, '8C2B9C83C04DFCB20F633A26CEBA2E47', '0:0:0:0:0:0:0:1', '2016-08-31 14:29:38', 'System Login', 48, 5),
(46368, '3489974BD65CF9F6431AEC402371FDC5', '0:0:0:0:0:0:0:1', '2016-08-31 15:25:33', 'System Login', 45, 2),
(46369, ' Person 2 logged out at 2016-08-31 15:26:04', NULL, '2016-08-31 15:26:05', 'Log out', 45, 2),
(46370, '3510633DB1E4454C0D53C5B2BB2C377D', '0:0:0:0:0:0:0:1', '2016-08-31 15:26:11', 'System Login', 48, 5),
(46371, ' Person 5 logged out at 2016-08-31 15:26:35', NULL, '2016-08-31 15:26:36', 'Log out', 48, 5),
(46372, '2BF05E80DD47817E7362678BDE3F1A16', '0:0:0:0:0:0:0:1', '2016-08-31 15:27:07', 'System Login', 52, 9),
(46373, ' Person 9 logged out at 2016-08-31 15:30:22', NULL, '2016-08-31 15:30:22', 'Log out', 52, 9),
(46374, '6E1184A8715FD268479171B5E31D699B', '0:0:0:0:0:0:0:1', '2016-08-31 15:30:29', 'System Login', 45, 2),
(46375, ' Person 2 logged out at 2016-08-31 15:30:53', NULL, '2016-08-31 15:30:54', 'Log out', 45, 2),
(46376, '2FD490F87CACA34B590390E97D36A6AC', '0:0:0:0:0:0:0:1', '2016-08-31 15:31:20', 'System Login', 48, 5),
(46377, 'BBFC3D1B08D992A78127057F12EC0D6E', '0:0:0:0:0:0:0:1', '2016-08-31 15:38:32', 'System Login', 45, 2),
(46378, '771B691F7B0BE6D4E8E8DB9D3C20494C', '0:0:0:0:0:0:0:1', '2016-08-31 15:46:09', 'System Login', 45, 2),
(46379, '32E211BB3C1291AAF635BBDB64A3B338', '0:0:0:0:0:0:0:1', '2016-08-31 15:53:26', 'System Login', 48, 5),
(46380, ' Person 5 logged out at 2016-08-31 15:53:41', NULL, '2016-08-31 15:53:41', 'Log out', 48, 5),
(46381, '97F141A82E81832871A6F5C4A22E18D5', '0:0:0:0:0:0:0:1', '2016-08-31 15:53:49', 'System Login', 45, 2),
(46382, ' Person 2 logged out at 2016-08-31 15:54:32', NULL, '2016-08-31 15:54:32', 'Log out', 45, 2),
(46383, '34AC3282349D8B9A85262D7CDE2118D6', '0:0:0:0:0:0:0:1', '2016-08-31 15:54:56', 'System Login', 52, 9),
(46384, '0CACD80CD52589A5E9B9CB3F86C85775', '0:0:0:0:0:0:0:1', '2016-08-31 16:28:42', 'System Login', 45, 2),
(46385, '7806588EB1698FD11FD786C84FF6E539', '0:0:0:0:0:0:0:1', '2016-08-31 17:13:46', 'System Login', 45, 2),
(46386, ' Person 2 logged out at 2016-08-31 17:16:15', NULL, '2016-08-31 17:16:16', 'Log out', 45, 2),
(46387, 'A6236D62182891119A9E571F53D8C6B3', '0:0:0:0:0:0:0:1', '2016-08-31 17:16:22', 'System Login', 53, 10),
(46388, '94313ECA2DF94931E3EBD6AF2A716DC7', '0:0:0:0:0:0:0:1', '2016-09-01 09:23:58', 'System Login', 53, 10),
(46389, '38C5E87FEA42303377B1759A2FAC3EE8', '0:0:0:0:0:0:0:1', '2016-09-01 10:07:10', 'System Login', 53, 10),
(46390, '3A2DBAA8A64282F9948CA8F7414867BA', '0:0:0:0:0:0:0:1', '2016-09-01 13:04:09', 'System Login', 53, 10),
(46391, '0693A5C45035B02A94969242E28AA809', '0:0:0:0:0:0:0:1', '2016-09-01 13:22:58', 'System Login', 53, 10),
(46392, 'D3CEF35CBD6C28409D120320068E635D', '0:0:0:0:0:0:0:1', '2016-09-01 13:36:52', 'System Login', 53, 10),
(46393, '95970CDEBB58E0FA377958B6DED77606', '0:0:0:0:0:0:0:1', '2016-09-01 13:46:56', 'System Login', 53, 10),
(46394, '9F0B396E1BBFF1D11BD69D76C81E7860', '0:0:0:0:0:0:0:1', '2016-09-01 13:57:47', 'System Login', 53, 10),
(46395, '9960DD7CA2FB533D7BDC8F19B40E4B53', '0:0:0:0:0:0:0:1', '2016-09-01 14:20:37', 'System Login', 53, 10),
(46396, '0D80097325BBE21F9DD6E949DB03028D', '0:0:0:0:0:0:0:1', '2016-09-01 14:27:26', 'System Login', 53, 10),
(46397, 'A2148F1F3F4D998DE062021E1AC15F36', '0:0:0:0:0:0:0:1', '2016-09-01 14:34:11', 'System Login', 53, 10),
(46398, 'CD12EDD2CB2FB68096D392C9E74C0019', '0:0:0:0:0:0:0:1', '2016-09-01 14:37:37', 'System Login', 53, 10),
(46399, '2F0B97C747402A16AF9FB5D9CBC7EB12', '0:0:0:0:0:0:0:1', '2016-09-01 14:43:38', 'System Login', 53, 10),
(46400, '15C1CE36564265967AB0888C31F1CA68', '0:0:0:0:0:0:0:1', '2016-09-01 14:46:23', 'System Login', 53, 10),
(46401, 'F51953CF16D604E671FD4D5AB21AFCC2', '0:0:0:0:0:0:0:1', '2016-09-01 14:51:33', 'System Login', 53, 10),
(46402, '5DB1564340BAC15132FC5650FC79E592', '0:0:0:0:0:0:0:1', '2016-09-01 15:02:02', 'System Login', 53, 10),
(46403, '20E4FA626738340165264E7E241BD140', '0:0:0:0:0:0:0:1', '2016-09-01 15:15:05', 'System Login', 53, 10);
INSERT INTO `log` (`id`, `description`, `ip`, `regtime`, `tasktype`, `login`, `user`) VALUES
(46404, 'F230B389DFE344B9E490E4B82CD13616', '0:0:0:0:0:0:0:1', '2016-09-01 15:28:55', 'System Login', 53, 10),
(46405, ' Person 10 logged out at 2016-09-01 15:41:35', NULL, '2016-09-01 15:41:36', 'Log out', 53, 10),
(46406, 'DAC787E0E57DCA4C012215871E4ED5CE', '0:0:0:0:0:0:0:1', '2016-09-01 15:41:42', 'System Login', 45, 2),
(46407, ' Person 2 logged out at 2016-09-01 15:43:48', NULL, '2016-09-01 15:43:49', 'Log out', 45, 2),
(46408, '82879DA1ED767E63C80841242DC0C83E', '0:0:0:0:0:0:0:1', '2016-09-01 15:43:57', 'System Login', 48, 5),
(46409, ' Person 5 logged out at 2016-09-01 15:44:55', NULL, '2016-09-01 15:44:55', 'Log out', 48, 5),
(46410, '37942B53B135C96542E3D8D033B322BE', '0:0:0:0:0:0:0:1', '2016-09-01 15:44:59', 'System Login', 45, 2),
(46411, ' Person 2 logged out at 2016-09-01 15:47:05', NULL, '2016-09-01 15:47:05', 'Log out', 45, 2),
(46412, '8DFE82F2A40341D260311C4C5C39EAC0', '0:0:0:0:0:0:0:1', '2016-09-01 15:47:11', 'System Login', 45, 2),
(46413, 'B6FE299AD3E2A471BF835D6E3CD16435', '0:0:0:0:0:0:0:1', '2016-09-02 14:21:18', 'System Login', 53, 10),
(46414, 'A5A57971A68982026009CC1042B054F8', '0:0:0:0:0:0:0:1', '2016-09-02 14:32:58', 'System Login', 53, 10),
(46415, '2E950EA2D338D64CF91B00E0703AF068', '0:0:0:0:0:0:0:1', '2016-09-02 15:24:36', 'System Login', 53, 10),
(46416, '3FA2C5FCE626978B49323558269CFBF1', '0:0:0:0:0:0:0:1', '2016-09-02 16:05:47', 'System Login', 53, 10),
(46417, '838285BE788032F99996B5C41C8E4C74', '0:0:0:0:0:0:0:1', '2016-09-02 16:20:00', 'System Login', 53, 10),
(46418, '1EAF51AD10F0AFF455D7B568BD7B34B6', '0:0:0:0:0:0:0:1', '2016-09-02 16:27:03', 'System Login', 53, 10),
(46419, '187D5DAEABA2AA7DC582E55A0271B531', '0:0:0:0:0:0:0:1', '2016-09-04 16:01:55', 'System Login', 45, 2),
(46420, ' Person 2 logged out at 2016-09-04 16:02:05', NULL, '2016-09-04 16:02:06', 'Log out', 45, 2),
(46421, '028B2E16DD850A4679AC108AA2E809FF', '0:0:0:0:0:0:0:1', '2016-09-04 16:02:12', 'System Login', 53, 10),
(46422, ' Person 10 logged out at 2016-09-04 16:10:44', NULL, '2016-09-04 16:10:45', 'Log out', 53, 10),
(46423, 'FAA290D6A08E5A0B0675D14AC62B00F3', '0:0:0:0:0:0:0:1', '2016-09-04 16:10:49', 'System Login', 45, 2),
(46424, '8AEAF6E6149F1924BC25B797843D567C', '0:0:0:0:0:0:0:1', '2016-09-04 17:44:17', 'System Login', 45, 2),
(46425, 'FA997507C00083605EF537E08746851B', '0:0:0:0:0:0:0:1', '2016-09-04 19:54:14', 'System Login', 45, 2),
(46426, '04941F5178CC895E917496E0EE04ACC0', '0:0:0:0:0:0:0:1', '2016-09-05 11:25:02', 'System Login', 45, 2),
(46427, '4C5BC4FB956D51B4281083E3C01E44A1', '0:0:0:0:0:0:0:1', '2016-09-05 12:25:52', 'System Login', 45, 2),
(46428, '9C5E5AE1780DA7A690C64665EFF7C799', '0:0:0:0:0:0:0:1', '2016-09-05 16:05:54', 'System Login', 53, 10),
(46429, '1C395CC5E23ABB22DFADF05A9F137442', '0:0:0:0:0:0:0:1', '2016-09-05 17:31:22', 'System Login', 53, 10),
(46430, '34ECC9C26852B2D637F0333563EBEC5D', '0:0:0:0:0:0:0:1', '2016-09-06 09:26:53', 'System Login', 53, 10),
(46431, '357DB82D6156ACFECFADDFBE65FDFC2C', '0:0:0:0:0:0:0:1', '2016-09-06 09:37:45', 'System Login', 53, 10),
(46432, '24F63F01952F82AE668086D216D54AF0', '0:0:0:0:0:0:0:1', '2016-09-06 11:54:59', 'System Login', 53, 10),
(46433, '68B5922A28860A7B94AD14FD59948A5C', '0:0:0:0:0:0:0:1', '2016-09-06 12:28:48', 'System Login', 45, 2),
(46434, '181653A9645F7795861AF5B0F740B74D', '0:0:0:0:0:0:0:1', '2016-09-06 14:34:38', 'System Login', 53, 10),
(46435, '0B69244AB9348DF7B6BB53070B519855', '0:0:0:0:0:0:0:1', '2016-09-06 15:27:48', 'System Login', 53, 10),
(46436, '772CBD6A663EDA4709F2C8B27F1682A2', '0:0:0:0:0:0:0:1', '2016-09-07 09:41:16', 'System Login', 53, 10),
(46437, '1F186AC4C27E82EC58689B0C34357606', '0:0:0:0:0:0:0:1', '2016-09-07 09:47:14', 'System Login', 53, 10),
(46438, 'C13DAE0DC0DABAF56CDEE36B7BB25ACB', '0:0:0:0:0:0:0:1', '2016-09-07 09:54:14', 'System Login', 53, 10),
(46439, 'A16456C77046DC31742D396A0B1BD861', '0:0:0:0:0:0:0:1', '2016-09-07 11:41:21', 'System Login', 53, 10),
(46440, '100D56D6F8C9F9F94EC650B3CDBB44AE', '0:0:0:0:0:0:0:1', '2016-09-07 11:55:10', 'System Login', 53, 10),
(46441, 'B6E4FB31415099D002129116ED109025', '0:0:0:0:0:0:0:1', '2016-09-07 12:09:29', 'System Login', 53, 10),
(46442, 'D3163DCA4C3E6CE07A26E3FE6F8A3415', '0:0:0:0:0:0:0:1', '2016-09-07 12:16:33', 'System Login', 53, 10),
(46443, '1AC7E2D73239ADCC6FE23289C73401CB', '0:0:0:0:0:0:0:1', '2016-09-07 12:25:52', 'System Login', 53, 10),
(46444, 'B5C2B984CF8EB110FF1E49A0447A1577', '0:0:0:0:0:0:0:1', '2016-09-07 12:51:07', 'System Login', 53, 10),
(46445, '15908CAD252B4913B5EA6AB5C2D2E35A', '0:0:0:0:0:0:0:1', '2016-09-07 12:53:43', 'System Login', 53, 10),
(46446, 'F627B53A611FB4D44D66AC4C03FCF305', '0:0:0:0:0:0:0:1', '2016-09-07 13:16:24', 'System Login', 53, 10),
(46447, '603B9F92B7A58AE49783BFFCBC4E6442', '0:0:0:0:0:0:0:1', '2016-09-07 13:33:22', 'System Login', 53, 10),
(46448, '162D4806E45A35DAB56D910965B58777', '0:0:0:0:0:0:0:1', '2016-09-07 14:07:50', 'System Login', 53, 10),
(46449, '5B83CE6ED5A41B04FFB0435BC400371B', '0:0:0:0:0:0:0:1', '2016-09-07 14:08:53', 'System Login', 53, 10),
(46450, 'C37EB6C4F5EAB383179328C6CDEEFF22', '0:0:0:0:0:0:0:1', '2016-09-07 14:17:19', 'System Login', 53, 10),
(46451, '7B9C2790292E8E0396D9D6457AF802B1', '0:0:0:0:0:0:0:1', '2016-09-07 14:50:42', 'System Login', 53, 10),
(46452, '306C3AFC5C7DA126EA6F131C7C8BD946', '0:0:0:0:0:0:0:1', '2016-09-07 15:01:04', 'System Login', 53, 10),
(46453, '70F9B2C45F320A4458406471BCF416D3', '0:0:0:0:0:0:0:1', '2016-09-07 15:57:32', 'System Login', 53, 10),
(46454, '4DEFA3C3A9FF23336870DA004566D615', '0:0:0:0:0:0:0:1', '2016-09-07 16:09:25', 'System Login', 53, 10),
(46455, '823401000AFC2D922F145F9EF0B2FB24', '0:0:0:0:0:0:0:1', '2016-09-07 16:18:49', 'System Login', 53, 10),
(46456, '84CCFB8F628ACE3D702F1A1752C2DDA5', '0:0:0:0:0:0:0:1', '2016-09-07 16:47:58', 'System Login', 53, 10),
(46457, '1BE5F263A8F12999A873C1915F477C4C', '0:0:0:0:0:0:0:1', '2016-09-07 16:52:00', 'System Login', 53, 10),
(46458, 'B7F65DC4155430A7B28D9157293137A2', '0:0:0:0:0:0:0:1', '2016-09-07 17:41:41', 'System Login', 53, 10),
(46459, '3863F19A9E1346250EF83001C036BC74', '127.0.0.1', '2016-09-08 09:05:16', 'System Login', 53, 10),
(46460, 'CD6F959B1216D8753961A036BF99BA30', '127.0.0.1', '2016-09-08 11:20:27', 'System Login', 53, 10),
(46461, '4AEC5A2522A2EDF0D04725F228C771FD', '127.0.0.1', '2016-09-08 12:41:22', 'System Login', 53, 10),
(46462, '06939D6EEF965B43DDC6423497723C4E', '127.0.0.1', '2016-09-08 13:34:06', 'System Login', 53, 10),
(46463, '22EA720121F75ED6ACE5E5644DACAEB9', '127.0.0.1', '2016-09-08 13:44:55', 'System Login', 53, 10),
(46464, ' Person 10 logged out at 2016-09-08 13:45:34', NULL, '2016-09-08 13:45:34', 'Log out', 53, 10),
(46465, '1663D0B14FB1943B614478F1EE317F0E', '127.0.0.1', '2016-09-08 13:45:48', 'System Login', 45, 2),
(46466, '9315101E544BE259F9A7F513BB959F61', '127.0.0.1', '2016-09-08 16:18:45', 'System Login', 45, 2),
(46467, '7346DC12BD0C50DA39666D25316A853F', '192.168.1.112', '2016-09-08 16:20:26', 'System Login', 53, 10),
(46468, '6A10DDBDCB323C9EB5C2AE4C06592770', '192.168.1.113', '2016-09-28 12:48:36', 'System Login', 45, 2),
(46469, '57A3FCDC8EEADB8DB64A508573BE64B0', '192.168.1.113', '2016-09-28 12:49:56', 'System Login', 46, 3),
(46470, '13507F07E3D69A80E3FF7E43E3F27A01', '127.0.0.1', '2016-09-28 12:51:04', 'System Login', 45, 2),
(46471, '6B7999B5B21C4934CC32E218CB5A65F6', '192.168.1.113', '2016-09-28 13:36:16', 'System Login', 45, 2),
(46472, '2738F3B35D331BD21C7FCE78865E1A4A', '192.168.1.113', '2016-09-28 13:41:19', 'System Login', 45, 2),
(46473, ' Person 2 logged out at 2016-09-28 13:41:42', NULL, '2016-09-28 13:41:42', 'Log out', 45, 2),
(46474, '354E4E5B25CBC51E8A8CB7F66A6391E5', '192.168.1.113', '2016-09-28 13:41:55', 'System Login', 46, 3),
(46475, '6734D17BED3DB6794A64A2659F7FDC20', '192.168.1.113', '2016-09-28 13:42:48', 'System Login', 45, 2),
(46476, 'BC7CF00DF3026F39A0B04F15A6A6F163', '192.168.1.113', '2016-09-28 13:48:44', 'System Login', 45, 2),
(46477, '48B76E10A3C9FE9A08A372E1BB282555', '192.168.1.113', '2016-09-28 13:51:27', 'System Login', 45, 2),
(46478, '083DEC0EC75D26E36C3D8A0CC6FFA6B5', '192.168.1.113', '2016-09-28 16:27:21', 'System Login', 45, 2),
(46479, '00ACB1E2BA45D1BFD4A7BF562283D760', '127.0.0.1', '2016-10-21 10:28:54', 'System Login', 45, 2),
(46480, ' Person 2 logged out at 2016-10-21 10:35:12', NULL, '2016-10-21 10:35:12', 'Log out', 45, 2),
(46481, '178219814DD05B723218AAC5633B2703', '127.0.0.1', '2016-10-21 10:35:41', 'System Login', 53, 10),
(46482, 'E0794980D86ED08771A875B3CBD5D4A3', '0:0:0:0:0:0:0:1', '2017-05-24 10:12:51', 'System Login', 46, 3),
(46483, ' Person 3 logged out at 2017-05-24 10:14:44', NULL, '2017-05-24 10:14:44', 'Log out', 46, 3),
(46484, '9C90B74E6533983FBEA2148B0E67E74F', '0:0:0:0:0:0:0:1', '2017-05-24 10:14:47', 'System Login', 46, 3),
(46485, 'A5FCB617503A787325A1AE1834B8F03E', '192.168.1.33', '2017-05-24 10:16:02', 'System Login', 53, 10),
(46486, 'E3E62CB5039C9D314B97C287567E877C', '0:0:0:0:0:0:0:1', '2017-05-24 10:16:19', 'System Login', 46, 3),
(46487, ' Person 10 logged out at 2017-05-24 10:17:55', NULL, '2017-05-24 10:17:56', 'Log out', 53, 10),
(46488, '3A0AD8A6A7FD29B295C12F9DA2963F91', '192.168.1.33', '2017-05-24 10:18:07', 'System Login', 46, 3),
(46489, ' Person 3 logged out at 2017-05-24 10:29:17', NULL, '2017-05-24 10:29:18', 'Log out', 46, 3),
(46490, '5294D40DBC9C8CC1200D8BE38FE7B52B', '192.168.1.33', '2017-05-24 10:29:34', 'System Login', 53, 10),
(46491, ' Person 10 logged out at 2017-05-24 10:33:37', NULL, '2017-05-24 10:33:37', 'Log out', 53, 10),
(46492, 'CB5DB60C824ECF7B6EB7349D14389298', '192.168.1.33', '2017-05-24 10:38:54', 'System Login', 57, 22),
(46493, ' Person 22 logged out at 2017-05-24 10:42:13', NULL, '2017-05-24 10:42:14', 'Log out', 57, 22),
(46494, '3E9DB404DF4285BA174AF4DA824E7CD3', '192.168.1.33', '2017-05-24 10:42:21', 'System Login', 57, 22),
(46495, '34A456BA3EA84D0E4A70C626EA315A90', '192.168.1.129', '2017-05-24 11:22:36', 'System Login', 46, 3),
(46496, ' Person 3 logged out at 2017-05-24 11:22:54', NULL, '2017-05-24 11:22:55', 'Log out', 46, 3),
(46497, '7140FDDBF31D7158F927AE1EC78CE2F1', '192.168.1.129', '2017-05-24 11:23:08', 'System Login', 46, 3),
(46498, ' Person 3 logged out at 2017-05-24 11:23:16', NULL, '2017-05-24 11:23:17', 'Log out', 46, 3),
(46499, 'AEB0E73AECF0D48B3F8D8C5B09764236', '192.168.1.129', '2017-05-24 11:31:03', 'System Login', 46, 3),
(46500, ' Person 3 logged out at 2017-05-24 11:32:24', NULL, '2017-05-24 11:32:25', 'Log out', 46, 3),
(46501, '432C7CBDAD6E2F70148D8912CE1C9372', '192.168.1.129', '2017-05-24 11:38:43', 'System Login', 46, 3),
(46502, ' Person 3 logged out at 2017-05-24 11:38:49', NULL, '2017-05-24 11:38:49', 'Log out', 46, 3),
(46503, 'F78098C0090F1032FE95FD54E1A320ED', '0:0:0:0:0:0:0:1', '2017-05-24 12:02:29', 'System Login', 46, 3),
(46504, ' Person 3 logged out at 2017-05-24 12:06:38', NULL, '2017-05-24 12:06:38', 'Log out', 46, 3),
(46505, ' Person 3 logged out at 2017-05-24 12:12:18', NULL, '2017-05-24 12:12:19', 'Log out', 46, 3),
(46506, ' Person 3 logged out at 2017-05-24 12:12:21', NULL, '2017-05-24 12:12:22', 'Log out', 46, 3),
(46507, ' Person 3 logged out at 2017-05-24 12:12:24', NULL, '2017-05-24 12:12:24', 'Log out', 46, 3),
(46508, ' Person 3 logged out at 2017-05-24 12:12:53', NULL, '2017-05-24 12:12:54', 'Log out', 46, 3),
(46509, ' Person 3 logged out at 2017-05-24 12:17:14', NULL, '2017-05-24 12:17:15', 'Log out', 46, 3),
(46510, ' Person 3 logged out at 2017-05-24 12:17:21', NULL, '2017-05-24 12:17:21', 'Log out', 46, 3),
(46511, 'BCD25710C19A8FCFECBFB407A20EF6F5', '0:0:0:0:0:0:0:1', '2017-05-24 12:50:22', 'System Login', 46, 3),
(46512, ' Person 3 logged out at 2017-05-24 12:51:46', NULL, '2017-05-24 12:51:46', 'Log out', 46, 3),
(46513, ' Person 3 logged out at 2017-05-24 12:52:23', NULL, '2017-05-24 12:52:23', 'Log out', 46, 3),
(46514, ' Person 3 logged out at 2017-05-24 12:52:27', NULL, '2017-05-24 12:52:27', 'Log out', 46, 3),
(46515, ' Person 3 logged out at 2017-05-24 12:52:29', NULL, '2017-05-24 12:52:30', 'Log out', 46, 3),
(46516, '092361BC5CBD1487D8B966E28581BA36', '0:0:0:0:0:0:0:1', '2017-05-24 13:27:16', 'System Login', 46, 3),
(46517, '59D7B68217054B04401BBABE2A54E82B', '192.168.1.129', '2017-05-24 13:30:23', 'System Login', 46, 3),
(46518, '8963AD118CB650C9830C8C6CA1B4ED00', '192.168.1.129', '2017-05-24 13:33:35', 'System Login', 46, 3),
(46519, 'EED5BFC35270B47D85684CD92588D45A', '0:0:0:0:0:0:0:1', '2017-05-24 13:34:29', 'System Login', 46, 3),
(46520, ' Person 3 logged out at 2017-05-24 14:02:37', NULL, '2017-05-24 14:02:38', 'Log out', 46, 3),
(46521, '940ABC45D67EF0EF50248BE86140471C', '0:0:0:0:0:0:0:1', '2017-05-24 14:02:42', 'System Login', 46, 3),
(46522, '5C5CDDD5915A2E59964D1DAC6539442C', '0:0:0:0:0:0:0:1', '2017-05-24 14:09:43', 'System Login', 46, 3),
(46523, ' Person 3 logged out at 2017-05-24 14:23:47', NULL, '2017-05-24 14:23:47', 'Log out', 46, 3),
(46524, 'F7E20954ECCA90620D5CEB7AEA876A85', '192.168.1.110', '2017-05-24 14:27:12', 'System Login', 46, 3),
(46525, 'DBE3640DB620C57C5BB45AA1175860FC', '192.168.1.33', '2017-05-24 15:01:57', 'System Login', 53, 10),
(46526, '9140C49EEC76DE3DFB7A577CEB76ABAB', '192.168.1.33', '2017-05-24 15:02:30', 'System Login', 46, 3),
(46527, 'DA92DCD4B50AD6907993330135A096C7', '192.168.1.33', '2017-05-24 15:03:21', 'System Login', 53, 10),
(46528, '1B2568BA8B4C4C4F63973CCFBDFD59C4', '192.168.1.33', '2017-05-24 15:03:53', 'System Login', 53, 10),
(46529, 'E491A2EB782E5774900ED30FE31CF5BB', '192.168.1.110', '2017-05-24 15:12:52', 'System Login', 46, 3),
(46530, 'F168509AC2F658112BF7F12C19E28695', '0:0:0:0:0:0:0:1', '2017-06-12 12:50:18', 'System Login', 46, 3),
(46531, 'FC84BBDA188BF193E7999DB7521A17F8', '0:0:0:0:0:0:0:1', '2017-06-12 12:54:24', 'System Login', 49, 6),
(46532, 'A2BEC5D26440B4AB6AF9CD099CF291A0', '0:0:0:0:0:0:0:1', '2017-06-12 12:55:03', 'System Login', 49, 6),
(46533, 'AC87F37D43E38FB0231D5D47F1751DB1', '192.168.1.120', '2017-06-14 14:36:29', 'System Login', 49, 6),
(46534, '88B9A493F6E1ABE04494080D2E7CC595', '192.168.1.120', '2017-06-14 14:44:41', 'System Login', 46, 3),
(46535, 'EB16F2A006A8311B553D19D3BC9842D3', '192.168.1.120', '2017-06-15 09:42:01', 'System Login', 49, 6),
(46536, 'C1AEE4C40CB23B4C50EE9380D0988BB9', '192.168.1.120', '2017-06-15 09:42:41', 'System Login', 46, 3),
(46537, '4C0045A60BAD5D23FAC9A5370D8C1A3A', '0:0:0:0:0:0:0:1', '2017-07-12 10:26:21', 'System Login', 45, 2),
(46538, 'C461C71955C6CBFC0D71D0729CA19556', '192.168.1.20', '2017-07-12 10:30:29', 'System Login', 45, 2),
(46539, 'A1DA0E79ACEC7DC311B7A4D25B7935A2', '0:0:0:0:0:0:0:1', '2017-07-12 10:30:36', 'System Login', 45, 2),
(46540, '6E62696D0157BF6A4A2A07A8FE826189', '192.168.1.20', '2017-07-12 12:05:07', 'System Login', 45, 2),
(46541, '74B20538B0623B65D22B6B82F6A5A418', '192.168.1.20', '2017-07-12 12:41:51', 'System Login', 45, 2),
(46542, '8CC774664BD80AC2CAB875AC98DC59B6', '192.168.1.20', '2017-07-12 12:54:17', 'System Login', 45, 2),
(46543, '00568E2E7DB838E6C2C618E42D4580E1', '0:0:0:0:0:0:0:1', '2017-07-12 13:22:19', 'System Login', 45, 2),
(46544, 'D56EBAD370AF5F872341FAA6080E3A36', '0:0:0:0:0:0:0:1', '2017-07-12 13:24:25', 'System Login', 45, 2),
(46545, 'CC2A4C9555E3C406409F37D5DB274F50', '0:0:0:0:0:0:0:1', '2017-07-12 13:27:46', 'System Login', 45, 2),
(46546, '1858D0EB4D441C23C00885186DEE7173', '0:0:0:0:0:0:0:1', '2017-07-12 13:30:53', 'System Login', 45, 2),
(46547, '0B40AE3F7B88437BC9F0495363043363', '192.168.1.13', '2017-07-18 11:03:17', 'System Login', 45, 2),
(46548, '470B9D9B6CED7F631831442EF34A34E1', '192.168.1.13', '2017-07-18 11:21:08', 'System Login', 45, 2),
(46549, 'D3074C3EF8729F4593E142EEA0B1B56F', '0:0:0:0:0:0:0:1', '2017-07-18 12:12:03', 'System Login', 45, 2),
(46550, 'B8912815476BC01F2082611C95D82952', '0:0:0:0:0:0:0:1', '2017-07-24 10:57:15', 'System Login', 45, 2),
(46551, '9C4699493F640D04E8DA2419FEABE1E1', '0:0:0:0:0:0:0:1', '2017-07-24 10:57:35', 'System Login', 45, 2),
(46552, 'FB431BDD7912A19085B27AF2919079A5', '192.168.1.16', '2017-07-24 11:00:07', 'System Login', 45, 2),
(46553, 'D832EE811B3E953327D933BD80EF83F4', '0:0:0:0:0:0:0:1', '2017-07-24 11:08:25', 'System Login', 45, 2),
(46554, 'B6338589C24CA975794347E83BD1F563', '0:0:0:0:0:0:0:1', '2017-07-24 11:52:31', 'System Login', 45, 2),
(46555, '4756B5F7D3DA6D0CE8C015466DE114BA', '0:0:0:0:0:0:0:1', '2017-07-24 12:11:28', 'System Login', 45, 2),
(46556, 'D589D9B6D677BC5753835295C7F03E47', '192.168.1.13', '2017-07-24 12:13:13', 'System Login', 45, 2),
(46557, 'C5B4EDA95764558F961983B3C1E056EE', '192.168.1.13', '2017-07-24 12:19:39', 'System Login', 45, 2),
(46558, 'B45975C15A4EA841C0C4D09C48C2DFE5', '192.168.1.13', '2017-07-24 12:23:41', 'System Login', 45, 2),
(46559, 'F145D09E36321771F3C55EE0D7B15BA3', '192.168.1.13', '2017-07-24 12:31:09', 'System Login', 45, 2),
(46560, '0FFFA96160E32E7046C6EEEAFE148779', '192.168.1.13', '2017-07-24 12:37:20', 'System Login', 45, 2),
(46561, '48C45B68B69351AFFE42DBE953332DB3', '0:0:0:0:0:0:0:1', '2017-07-24 13:13:22', 'System Login', 45, 2),
(46562, 'BDBD2E8E67008FE49A438683AA3904D7', '0:0:0:0:0:0:0:1', '2017-07-24 13:48:28', 'System Login', 45, 2),
(46563, '845C8EAFD23399C58241321DA9895603', '192.168.1.29', '2017-07-24 14:11:30', 'System Login', 45, 2),
(46564, '078A89B1CF7A7C71C0F080FF399D6912', '0:0:0:0:0:0:0:1', '2017-07-24 14:12:24', 'System Login', 45, 2),
(46565, 'D2FA477A32AA220F9B075417374FCC9A', '192.168.1.29', '2017-07-24 14:17:30', 'System Login', 45, 2),
(46566, 'B02CBE2441700ED36A4E6AD87FBA699B', '0:0:0:0:0:0:0:1', '2017-07-24 14:44:08', 'System Login', 45, 2),
(46567, 'F9150BA44EB2D9DA5F9600316F97A370', '192.168.1.29', '2017-07-24 14:48:18', 'System Login', 45, 2),
(46568, '7023A98E5A27B93ACB4235BB7E30C97D', '0:0:0:0:0:0:0:1', '2017-07-24 15:29:20', 'System Login', 45, 2),
(46569, '77F0CCA0F35C53EFCEDFF7E8B917FAEE', '192.168.1.29', '2017-07-24 16:03:14', 'System Login', 45, 2),
(46570, '81660BD8D9C9462791B4EC5314CCBFAD', '0:0:0:0:0:0:0:1', '2017-07-24 16:14:42', 'System Login', 45, 2),
(46571, 'FACE1501B1CB6DE8FA3AB4CA46CCFE8B', '0:0:0:0:0:0:0:1', '2017-07-24 16:27:34', 'System Login', 45, 2),
(46572, '16987A051FB2881D3D32E358FCBEA026', '192.168.1.29', '2017-07-24 16:30:22', 'System Login', 45, 2),
(46573, '532BA2C9ED0E4AC983DF0E7578CC8CBE', '0:0:0:0:0:0:0:1', '2017-07-24 16:43:53', 'System Login', 45, 2),
(46574, '1848D9D8264C7F04A0668D71B64D9D6E', '0:0:0:0:0:0:0:1', '2017-07-24 16:55:44', 'System Login', 45, 2),
(46575, '346617843FF85871B3838D71DF5B6A46', '0:0:0:0:0:0:0:1', '2017-07-24 17:28:41', 'System Login', 45, 2),
(46576, 'F7894A5E74BE4D0AA5D7AD4E21862067', '0:0:0:0:0:0:0:1', '2017-07-26 13:46:34', 'System Login', 45, 2),
(46577, '7EC416A2212FA041141D8ADA6565DAC1', '0:0:0:0:0:0:0:1', '2017-07-26 13:52:01', 'System Login', 45, 2),
(46578, '3CFBD00521F07DF84D54AB2589BD66C8', '0:0:0:0:0:0:0:1', '2017-07-26 14:19:24', 'System Login', 45, 2),
(46579, '6D44FC0EEC4F6E807F4CC1B486DA7D7F', '0:0:0:0:0:0:0:1', '2017-07-26 14:29:57', 'System Login', 45, 2),
(46580, 'DABC711ECE4F81F25B63087ECA9C9DED', '0:0:0:0:0:0:0:1', '2017-07-26 14:34:41', 'System Login', 45, 2),
(46581, '96EC1CB8E01ECE8EA7B15119C22DAE37', '0:0:0:0:0:0:0:1', '2017-07-26 15:11:08', 'System Login', 45, 2),
(46582, '2952C2E9F8A0F38076E9FF16AF6EFFE2', '0:0:0:0:0:0:0:1', '2017-07-26 15:21:02', 'System Login', 45, 2),
(46583, '48B9F6D6555D998DC29733CC93F04914', '192.168.1.31', '2017-07-26 15:23:55', 'System Login', 45, 2),
(46584, '920045627AE9D376A22A1015C588B751', '192.168.1.31', '2017-07-26 15:29:36', 'System Login', 45, 2),
(46585, '4B1B3B7E941D6010BA371E430C1C1326', '0:0:0:0:0:0:0:1', '2017-07-26 15:42:57', 'System Login', 45, 2),
(46586, '2E06DE2C9E9D941D6A4382138998E79A', '0:0:0:0:0:0:0:1', '2017-07-26 17:05:50', 'System Login', 45, 2),
(46587, 'D494C5C82AEF946E32CAD4FD1903266D', '0:0:0:0:0:0:0:1', '2017-07-26 17:31:49', 'System Login', 45, 2),
(46588, '9D514BC538D8B13E18ADB908F5EE50BE', '0:0:0:0:0:0:0:1', '2017-07-27 19:45:06', 'System Login', 45, 2),
(46589, '041BF45D75FFB567CA6A099B2C51AFD8', '0:0:0:0:0:0:0:1', '2017-07-27 20:56:45', 'System Login', 45, 2),
(46590, '1E12B4AEF0E86E683D191951C3D8D6CC', '0:0:0:0:0:0:0:1', '2017-07-31 18:04:15', 'System Login', 45, 2),
(46591, '392851D0B5453A84A5BAE3C28A322862', '0:0:0:0:0:0:0:1', '2017-08-01 11:19:21', 'System Login', 45, 2),
(46592, '760E0278912702BF1C62A8531CA3A123', '0:0:0:0:0:0:0:1', '2017-08-01 11:57:52', 'System Login', 45, 2),
(46593, 'B1BC1C3191F1425D9146FCD3156E2EFC', '0:0:0:0:0:0:0:1', '2017-08-01 12:47:44', 'System Login', 45, 2),
(46594, '1EC2BB5FC79A066FE680073A8102BF69', '0:0:0:0:0:0:0:1', '2017-08-01 12:48:56', 'System Login', 45, 2),
(46595, '8BE6E44CAF9796A6ACE54C597530DC5F', '0:0:0:0:0:0:0:1', '2017-08-01 13:51:46', 'System Login', 45, 2),
(46596, '12B2F2995F71FB43159A2DD1BE0830E6', '0:0:0:0:0:0:0:1', '2017-08-01 13:52:06', 'System Login', 45, 2),
(46597, 'B96AD8A513982D72F74A474624467B71', '0:0:0:0:0:0:0:1', '2017-08-01 13:52:25', 'System Login', 45, 2),
(46598, 'C05B98E23758A76F2BB483BDFB6FD12F', '0:0:0:0:0:0:0:1', '2017-08-01 13:52:56', 'System Login', 45, 2),
(46599, '5912AB10CCC2D8E6C8DFE06151526C10', '0:0:0:0:0:0:0:1', '2017-08-01 13:53:41', 'System Login', 45, 2),
(46600, 'F504A922E1EBB40DB68A817D8C366F90', '0:0:0:0:0:0:0:1', '2017-08-01 14:02:35', 'System Login', 45, 2),
(46601, 'C194566F62CC7C0A78C9740A16B683D6', '0:0:0:0:0:0:0:1', '2017-08-01 14:02:57', 'System Login', 45, 2),
(46602, 'CCA804AFB44AFC0EEC14988A7D7CB259', '0:0:0:0:0:0:0:1', '2017-08-01 14:03:23', 'System Login', 45, 2),
(46603, '703024DE511ADFC6C10A8B7DF15AD4D7', '0:0:0:0:0:0:0:1', '2017-08-01 14:03:44', 'System Login', 45, 2),
(46604, 'FEA97C37F5FCFC7375C19ACE384C8A81', '0:0:0:0:0:0:0:1', '2017-08-01 15:08:16', 'System Login', 45, 2),
(46605, '749FE3CF0029B2DBAA754F44302D56FF', '0:0:0:0:0:0:0:1', '2017-08-01 15:56:50', 'System Login', 45, 2),
(46606, '4182BD976A718D24B7FFB79505F39EC9', '192.168.1.18', '2017-08-01 18:07:25', 'System Login', 45, 2),
(46607, 'D8069A0A9F265E01947EC0E9137F0A60', '192.168.1.18', '2017-08-01 18:37:27', 'System Login', 45, 2),
(46608, '4F0C828130EAE4F7F1C500EE15941EA4', '0:0:0:0:0:0:0:1', '2017-08-02 10:04:56', 'System Login', 45, 2),
(46609, 'B41BB827E2F45A9A6AF9FD4CB577A2F6', '192.168.1.18', '2017-08-02 10:11:22', 'System Login', 45, 2),
(46610, '713931B72C93E55A9BCF903EA2EA57EE', '0:0:0:0:0:0:0:1', '2017-08-02 12:17:19', 'System Login', 45, 2),
(46611, '9BCC000EF1AAB1E967CD9AC462CC6672', '0:0:0:0:0:0:0:1', '2017-08-02 12:47:23', 'System Login', 45, 2),
(46612, 'F7406099B7C343183B3867F1477035BB', '124.43.126.180', '2017-08-02 14:01:00', 'System Login', 45, 2),
(46613, 'B00EE1DC6016DAFA0D897F6BA17C99F5', '124.43.126.180', '2017-08-02 14:57:21', 'System Login', 45, 2),
(46614, '288E8FD6C699CB3693355947A467BA71', '124.43.126.180', '2017-08-02 14:57:23', 'System Login', 45, 2),
(46615, 'D3A292E7266A6D0B31253197D280CE11', '124.43.126.180', '2017-08-02 15:10:12', 'System Login', 45, 2),
(46616, 'CFACD9CCF38124C2F4AD2D5F99A1073A', '123.231.12.78', '2017-08-02 15:10:25', 'System Login', 45, 2),
(46617, '1F890A18B485B5ED6F46D29263B1C060', '123.231.12.78', '2017-08-02 15:15:15', 'System Login', 45, 2),
(46618, '0D12F8DA6A21CD81B1EA8A8ABB7E8175', '123.231.12.78', '2017-08-02 15:17:31', 'System Login', 45, 2),
(46619, '12279E1FCC0CE47A2A1AB72BAAB67178', '175.157.128.227', '2017-08-02 15:42:01', 'System Login', 45, 2),
(46620, 'AEAEF74F59EB8E2693A9990CC3C22F6B', '124.43.126.180', '2017-08-02 15:42:01', 'System Login', 45, 2),
(46621, '80AD55973D9E4E3A49D637B0A70A8495', '175.157.128.227', '2017-08-02 15:46:42', 'System Login', 45, 2),
(46622, '5E22F4823F170E72AED3C514F3B14281', '103.247.50.168', '2017-08-02 15:49:11', 'System Login', 45, 2),
(46623, 'C11FC8C5F2320D0F7A133585AC4C8BA9', '124.43.126.180', '2017-08-02 15:50:52', 'System Login', 45, 2),
(46624, 'DD4945755B50F8DE59DC513B5B212D58', '175.157.128.227', '2017-08-02 16:38:02', 'System Login', 45, 2),
(46625, '1AA3C23CDE4DA3808688A9C7412749B5', '103.247.50.168', '2017-08-02 16:38:57', 'System Login', 45, 2),
(46626, '7A5167F4BDFA8BC3321E386FF4A94B5D', '124.43.93.169', '2017-08-03 10:04:18', 'System Login', 45, 2),
(46627, '53ABB42B7A956CB05648D85543C77C38', '124.43.93.169', '2017-08-03 10:44:15', 'System Login', 45, 2),
(46628, '54B76730E15012F50A561FCD996E6E90', '124.43.93.169', '2017-08-03 12:10:45', 'System Login', 45, 2),
(46629, '12830132C75336EC00100BAAADB81B65', '124.43.93.169', '2017-08-03 12:15:29', 'System Login', 45, 2),
(46630, '2F8641175ABC318ED75A05933DA29556', '103.247.50.139', '2017-08-03 12:32:46', 'System Login', 45, 2),
(46631, 'C7AD2FBDC6C65C972D810F0B6E0F92B1', '124.43.93.169', '2017-08-03 12:57:01', 'System Login', 45, 2),
(46632, '319EF59FEB0D55AB589D7822E2772823', '124.43.93.169', '2017-08-03 12:58:26', 'System Login', 45, 2),
(46633, '3CAC1AC803D757DAE952DE1C806F7BF2', '124.43.93.169', '2017-08-03 15:37:34', 'System Login', 45, 2),
(46634, 'AABA134EB4CFFDCEC221C6A6EE69B9CA', '124.43.93.169', '2017-08-03 15:38:03', 'System Login', 45, 2),
(46635, '22928AA226895C53DCE41A2930F37C8D', '124.43.93.169', '2017-08-03 16:04:01', 'System Login', 45, 2),
(46636, '2070B70FB1E94D8F93A2499CC5473152', '124.43.93.169', '2017-08-03 16:09:20', 'System Login', 45, 2),
(46637, '67575DB4AD28DF7DCD13C86E5C0C1F67', '124.43.93.169', '2017-08-03 17:00:44', 'System Login', 45, 2),
(46638, '84AC6760415CC4E11F7588600206D33C', '124.43.93.169', '2017-08-03 17:37:21', 'System Login', 45, 2),
(46639, '02C3928008B926CD99BE84207DECEB01', '124.43.93.169', '2017-08-03 17:38:13', 'System Login', 45, 2),
(46640, '2125209A85BADDC4AC5B404AA777776E', '124.43.93.169', '2017-08-03 17:48:54', 'System Login', 45, 2),
(46641, '687AED3B41B69D7ED45A5506C5EAA8B3', '124.43.74.143', '2017-08-04 09:56:41', 'System Login', 45, 2),
(46642, 'C8C8E0366A53322B8AD46E049BE60512', '124.43.74.143', '2017-08-04 10:05:31', 'System Login', 45, 2),
(46643, 'A6427EFFE32F9B4CD67A8F2DF738D566', '124.43.74.143', '2017-08-04 11:13:22', 'System Login', 45, 2),
(46644, '9ABFEC24A5B651C3C78CC01D9A81104A', '124.43.74.143', '2017-08-04 12:01:17', 'System Login', 45, 2),
(46645, 'BBBDE89542C166E4B2859CD69EFF0FB5', '124.43.74.143', '2017-08-04 13:24:54', 'System Login', 45, 2),
(46646, '168C81A141CF51FA90073216589254EA', '61.245.170.144', '2017-08-04 20:41:46', 'System Login', 45, 2),
(46647, 'FE9D883BBB0D78D1055093DD9C3E0E98', '112.134.83.123', '2017-08-05 17:28:27', 'System Login', 45, 2),
(46648, '8E57968D95EFC02C20F96ED5D39CAC95', '112.134.17.178', '2017-08-05 18:37:21', 'System Login', 45, 2),
(46649, '9CDB8DDC6FB9AAFA68528B39266DF661', '175.157.169.197', '2017-08-07 08:38:54', 'System Login', 45, 2),
(46650, '0416F69CEF13A65BA53935ADB0F9B89D', '123.231.12.78', '2017-08-08 09:57:49', 'System Login', 45, 2),
(46651, 'DBE851015FB91B053FAC3BA18E5726C0', '124.43.84.220', '2017-08-08 10:07:57', 'System Login', 45, 2),
(46652, '1EB74C2970EAD3CA927F6AA08226A048', '124.43.84.220', '2017-08-08 10:21:20', 'System Login', 45, 2),
(46653, '3192E597AD471426824963C6DBBA8A3D', '124.43.117.231', '2017-08-08 14:59:29', 'System Login', 45, 2),
(46654, 'EB351F880675D04C08F31C7EA9E07F8D', '124.43.92.11', '2017-08-09 12:12:17', 'System Login', 45, 2),
(46655, 'CA1C7A25B8BF52CAC85A8466776C1CBF', '123.231.12.78', '2017-08-11 10:27:34', 'System Login', 45, 2),
(46656, '96FA56A5FD4793FFE15973F445C9EE6F', '103.247.50.157', '2017-08-11 11:51:10', 'System Login', 45, 2),
(46657, 'C5B91FD49402998D6BBD9561D8D4824A', '103.247.50.157', '2017-08-11 12:56:16', 'System Login', 45, 2),
(46658, 'CFA39786B80DC509D1EA737413987110', '123.231.12.78', '2017-08-11 14:52:13', 'System Login', 45, 2),
(46659, '0BB536BDBC363508DC8BDA93E9C28CBA', '113.59.210.214', '2017-08-12 12:35:13', 'System Login', 45, 2),
(46660, '3C036B608A33C1E21C90D69C0E24A57C', '192.168.1.15', '2017-08-17 11:20:35', 'System Login', 45, 2),
(46661, 'C41BD21453FC6A30130F4C3A6F90C86D', '192.168.1.15', '2017-08-17 11:32:58', 'System Login', 45, 2),
(46662, '3584AF3CEB4FBAAA3EE928C58A5FF162', '192.168.1.15', '2017-08-17 15:49:40', 'System Login', 45, 2),
(46663, '436B03B8FAEFC30ACF35BDCA50007E47', '0:0:0:0:0:0:0:1', '2017-08-24 11:57:59', 'System Login', 45, 2),
(46664, '708D0C8340F09B8E4A3B60E451313864', '0:0:0:0:0:0:0:1', '2017-08-24 14:58:31', 'System Login', 45, 2),
(46665, '752B7CC438E4A674D93490E5E096B9B5', '0:0:0:0:0:0:0:1', '2017-08-24 14:58:45', 'System Login', 45, 2),
(46666, '10ECD8F6AE9C259BC494CA5728701590', '0:0:0:0:0:0:0:1', '2017-08-24 17:12:09', 'System Login', 45, 2),
(46667, 'B1AABF8345B1B922648F247A7A0A89F0', '0:0:0:0:0:0:0:1', '2017-08-25 06:20:29', 'System Login', 45, 2),
(46668, '5579657BCC93399A774CB07E53039FC8', '0:0:0:0:0:0:0:1', '2017-08-25 06:28:27', 'System Login', 45, 2),
(46669, '853CE57BA3E032099CE70652465DF56A', '0:0:0:0:0:0:0:1', '2017-08-25 06:34:26', 'System Login', 45, 2),
(46670, 'B0391053BFAC2D443E7A793E5277B6B3', '0:0:0:0:0:0:0:1', '2017-08-25 06:36:35', 'System Login', 45, 2),
(46671, '6B9F4D0FFFA5E1192D1A2B4E62F095F3', '0:0:0:0:0:0:0:1', '2017-08-25 06:36:40', 'System Login', 45, 2),
(46672, '84D0ACCFFBD0073DB05AF62B551D7462', '0:0:0:0:0:0:0:1', '2017-08-25 06:48:17', 'System Login', 45, 2),
(46673, 'EE88C3D1AEC680A8939E05BD505BA8CA', '0:0:0:0:0:0:0:1', '2017-08-25 07:46:53', 'System Login', 45, 2),
(46674, '0F525368293E9A22E4018FF83A0E434A', '0:0:0:0:0:0:0:1', '2017-08-25 09:26:35', 'System Login', 45, 2),
(46675, 'AAB76FA5C9CDCDDEB3E785A68E67539D', '0:0:0:0:0:0:0:1', '2017-08-25 10:15:47', 'System Login', 45, 2),
(46676, '9C8F7D85AB8BA73E671D2C59DB9BD517', '0:0:0:0:0:0:0:1', '2017-08-25 10:40:38', 'System Login', 45, 2),
(46677, '5D6351177B4E873472DF0AA3798FE0CC', '0:0:0:0:0:0:0:1', '2017-08-25 10:48:53', 'System Login', 45, 2),
(46678, 'CAB2398440210E382534FBE391047CBA', '0:0:0:0:0:0:0:1', '2017-08-25 11:09:09', 'System Login', 45, 2),
(46679, '5920BF07BFFF19BF3E76E11544FF788B', '0:0:0:0:0:0:0:1', '2017-08-25 11:19:46', 'System Login', 45, 2),
(46680, 'A5A9B3F9BF517D6142BE7C0389900C52', '0:0:0:0:0:0:0:1', '2017-08-25 11:40:34', 'System Login', 45, 2),
(46681, '87CBA105061036B4BB3B3A95EABBF167', '0:0:0:0:0:0:0:1', '2017-08-25 12:31:55', 'System Login', 45, 2),
(46682, '81E166590B79883F8B58ED4D7948F7BA', '0:0:0:0:0:0:0:1', '2017-08-25 13:02:35', 'System Login', 45, 2),
(46683, '8E1D44C5B7C480728861894459474CE8', '0:0:0:0:0:0:0:1', '2017-08-25 13:58:47', 'System Login', 45, 2),
(46684, 'D513C1ED70A62ED59AAC4D57DB1A46C9', '0:0:0:0:0:0:0:1', '2017-08-25 14:00:16', 'System Login', 45, 2),
(46685, '56B8FF693DD9FD4BDB2BE01265A43C9D', '0:0:0:0:0:0:0:1', '2017-08-25 14:07:00', 'System Login', 45, 2),
(46686, 'D230B4C3E78C0EEE259D5C33066DC743', '0:0:0:0:0:0:0:1', '2017-08-28 09:42:04', 'System Login', 45, 2),
(46687, '7F507C272CDDC919DCF1B1CA12D4A09D', '0:0:0:0:0:0:0:1', '2017-08-28 09:59:24', 'System Login', 45, 2),
(46688, 'B7CF3D396E9CB98837B33AEEEE034B2F', '0:0:0:0:0:0:0:1', '2017-08-28 10:03:00', 'System Login', 45, 2),
(46689, 'EF2B5ACE9E4060BE34F5384BB6371FCC', '0:0:0:0:0:0:0:1', '2017-08-28 10:09:09', 'System Login', 45, 2),
(46690, 'F058417A2050947C83C450F4204EE08B', '0:0:0:0:0:0:0:1', '2017-08-28 10:13:13', 'System Login', 45, 2),
(46691, 'FFF0E23B90927A1853DB4D852CABD61C', '0:0:0:0:0:0:0:1', '2017-08-28 10:35:49', 'System Login', 45, 2),
(46692, '2DADE5DCAE3D0258E53EBB2466019605', '0:0:0:0:0:0:0:1', '2017-08-28 10:45:47', 'System Login', 45, 2),
(46693, 'F6645432EDEEB09E60C8C50D198E3772', '0:0:0:0:0:0:0:1', '2017-08-28 10:53:31', 'System Login', 45, 2),
(46694, '1E0311BA1F41F27A5A51DE72EF2D5F43', '0:0:0:0:0:0:0:1', '2017-08-28 10:59:01', 'System Login', 45, 2),
(46695, '0B53AB116E94748E955F23AF0EC87039', '192.168.1.26', '2017-08-28 11:08:34', 'System Login', 45, 2),
(46696, 'EC8845F082339DB5CD427300B72BEB03', '0:0:0:0:0:0:0:1', '2017-08-28 11:08:49', 'System Login', 45, 2),
(46697, '4E97254AABF43E825397A99E3B29FE51', '0:0:0:0:0:0:0:1', '2017-08-28 11:17:31', 'System Login', 45, 2),
(46698, '7D821AB879271B0688C927686670DA26', '192.168.1.26', '2017-08-28 11:23:05', 'System Login', 45, 2),
(46699, '9377B04FB92F54617B2C7399FC141F41', '0:0:0:0:0:0:0:1', '2017-08-28 11:50:27', 'System Login', 45, 2),
(46700, '7536E7B269BF13D9D6A091BAE3582474', '0:0:0:0:0:0:0:1', '2017-08-28 12:37:41', 'System Login', 45, 2),
(46701, '0DACB33C8578B01A2106A32591D6676A', '0:0:0:0:0:0:0:1', '2017-08-28 12:50:06', 'System Login', 45, 2),
(46702, 'F0669E996ADCB11188A973BFFDA23D33', '0:0:0:0:0:0:0:1', '2017-08-28 13:23:28', 'System Login', 45, 2),
(46703, '90D91CC91F99F3F9276CFE69BBC878A1', '0:0:0:0:0:0:0:1', '2017-08-28 14:15:31', 'System Login', 45, 2),
(46704, 'EEAD510110260C84D516111802F6B011', '0:0:0:0:0:0:0:1', '2017-08-28 14:54:17', 'System Login', 45, 2),
(46705, '2EBD170360BB3834E6FAAD8E17338120', '192.168.1.27', '2017-08-28 15:19:01', 'System Login', 45, 2),
(46706, 'B037B05803D40ED2073C84C2ABBD542E', '0:0:0:0:0:0:0:1', '2017-08-28 15:52:44', 'System Login', 45, 2),
(46707, '32988A5C6DC9D96962FACC5ADCA4516C', '0:0:0:0:0:0:0:1', '2017-08-28 17:21:33', 'System Login', 45, 2),
(46708, '7FFE4736115B75B28C582C728725C74A', '0:0:0:0:0:0:0:1', '2017-08-28 17:29:58', 'System Login', 45, 2),
(46709, '754BA7E6478FE1B59858220BA1272BE2', '0:0:0:0:0:0:0:1', '2017-08-28 18:39:31', 'System Login', 45, 2),
(46710, '313D2629C02AEDC5D483F1E6157E2783', '0:0:0:0:0:0:0:1', '2017-08-29 10:02:32', 'System Login', 45, 2);

-- --------------------------------------------------------

--
-- Table structure for table `login`
--

CREATE TABLE `login` (
  `id` int(11) NOT NULL,
  `username` varchar(45) DEFAULT NULL,
  `password` varchar(255) DEFAULT NULL,
  `rolls` int(11) NOT NULL,
  `status` int(11) DEFAULT '1',
  `user` int(11) NOT NULL
) ENGINE=InnoDB DEFAULT CHARSET=utf8;

--
-- Dumping data for table `login`
--

INSERT INTO `login` (`id`, `username`, `password`, `rolls`, `status`, `user`) VALUES
(45, 'arun', '$2a$10$04TVADrR6/SPLBjsK0N30.Jf5fNjBugSACeGv1S69dZALR7lSov0y', 19, 1, 2),
(46, 'geeth', '$2a$10$cY5gBwb7/84tdUTWuePKkuYV3Wvkj1OzyGG5Jdilces5JAoce2X3a', 17, 1, 3),
(47, 'chani', '$2a$10$04TVADrR6/SPLBjsK0N30.Jf5fNjBugSACeGv1S69dZALR7lSov0y', 17, 1, 4),
(48, 'janaka', '$2a$10$04TVADrR6/SPLBjsK0N30.Jf5fNjBugSACeGv1S69dZALR7lSov0y', 17, 1, 5),
(49, 'udeepa', '$2a$10$04TVADrR6/SPLBjsK0N30.Jf5fNjBugSACeGv1S69dZALR7lSov0y', 24, 1, 6),
(50, 'hansani', '$2a$10$04TVADrR6/SPLBjsK0N30.Jf5fNjBugSACeGv1S69dZALR7lSov0y', 25, 1, 7),
(51, 'sha', '$2a$10$04TVADrR6/SPLBjsK0N30.Jf5fNjBugSACeGv1S69dZALR7lSov0y', 24, 1, 8),
(52, 'koshi', '$2a$10$04TVADrR6/SPLBjsK0N30.Jf5fNjBugSACeGv1S69dZALR7lSov0y', 22, 1, 9),
(53, 'tharanga', '$2a$10$04TVADrR6/SPLBjsK0N30.Jf5fNjBugSACeGv1S69dZALR7lSov0y', 20, 1, 10),
(54, 'sahan', '$2a$10$jWAMvzTxXFGWwfY5z4w1Ru9asM0wnSYKFBUNCjG9D263WShvFl0jW', 17, NULL, 21),
(55, 'ttt', '$2a$10$HK2NtRg4rFpcY/Bz8aHiuekfLPfA7IH4NWFiypXJm9aUbl5a71Wee', 18, NULL, 8),
(56, 'thamara', '$2a$10$wEaDmqCvefglbkSkFIZHuOUErRgFyOfne7y7wtliN/SrHhTZMVM46', 25, NULL, 16),
(57, 'udeepa1', '$2a$10$6TteLO9JImgSCoTcIqifvu2ShinwKaMyRA3fBi1vA.6ZP9.wdcxZe', 17, 1, 22);

-- --------------------------------------------------------

--
-- Table structure for table `parameters`
--

CREATE TABLE `parameters` (
  `id` int(11) NOT NULL,
  `name` varchar(45) DEFAULT NULL,
  `comment` varchar(45) DEFAULT NULL,
  `regtime` datetime DEFAULT NULL,
  `upper_value` varchar(45) DEFAULT NULL,
  `low_value` varchar(45) DEFAULT NULL,
  `upper_comment` varchar(45) DEFAULT NULL,
  `lower_comment` varchar(45) DEFAULT NULL,
  `unit` varchar(45) DEFAULT NULL,
  `status` int(11) DEFAULT '1'
) ENGINE=InnoDB DEFAULT CHARSET=latin1;

-- --------------------------------------------------------

--
-- Table structure for table `periodic`
--

CREATE TABLE `periodic` (
  `id` int(11) NOT NULL,
  `systems_has_parameters` int(11) NOT NULL,
  `value` varchar(45) DEFAULT NULL,
  `regtime` datetime DEFAULT NULL,
  `status` int(11) DEFAULT '1'
) ENGINE=InnoDB DEFAULT CHARSET=latin1;

-- --------------------------------------------------------

--
-- Table structure for table `person_type`
--

CREATE TABLE `person_type` (
  `id` int(11) NOT NULL,
  `name` varchar(45) DEFAULT NULL,
  `status` int(11) DEFAULT NULL
) ENGINE=InnoDB DEFAULT CHARSET=utf8;

--
-- Dumping data for table `person_type`
--

INSERT INTO `person_type` (`id`, `name`, `status`) VALUES
(6, 'staff', 1);

-- --------------------------------------------------------

--
-- Table structure for table `request`
--

CREATE TABLE `request` (
  `id` int(11) NOT NULL,
  `systems` int(11) NOT NULL,
  `parameters` int(11) NOT NULL,
  `value` varchar(45) DEFAULT NULL,
  `comment` varchar(45) DEFAULT NULL,
  `regtime` datetime DEFAULT NULL,
  `status` int(11) DEFAULT '1'
) ENGINE=InnoDB DEFAULT CHARSET=latin1;

-- --------------------------------------------------------

--
-- Table structure for table `rolls`
--

CREATE TABLE `rolls` (
  `id` int(11) NOT NULL,
  `name` varchar(45) DEFAULT NULL,
  `status` int(11) DEFAULT '1'
) ENGINE=InnoDB DEFAULT CHARSET=utf8;

--
-- Dumping data for table `rolls`
--

INSERT INTO `rolls` (`id`, `name`, `status`) VALUES
(17, 'ROLE_Admin', 1),
(18, 'ROLE_Manager', 1),
(19, 'ROLE_Supper_Noc', 1),
(20, 'ROLE_Supper_Admin', 1),
(21, 'ROLE_Supper_Manager', 1),
(22, 'ROLE_Noc', 1),
(23, 'ROLE_Accountant', 1),
(24, 'ROLE_Technical', 1),
(25, 'ROLE_Supper_Audit', 1),
(26, 'ROLE_Anonymous', 1);

-- --------------------------------------------------------

--
-- Table structure for table `roll_has_activities`
--

CREATE TABLE `roll_has_activities` (
  `id` int(11) NOT NULL,
  `status` int(11) DEFAULT '1',
  `activities_id` int(11) NOT NULL,
  `rolls_id` int(11) NOT NULL
) ENGINE=InnoDB DEFAULT CHARSET=utf8;

--
-- Dumping data for table `roll_has_activities`
--

INSERT INTO `roll_has_activities` (`id`, `status`, `activities_id`, `rolls_id`) VALUES
(1, 1, 1, 17),
(2, 1, 2, 17),
(3, 1, 3, 17),
(4, 1, 4, 17),
(5, 1, 1, 24),
(6, 1, 2, 24),
(7, 1, 3, 25),
(8, 1, 4, 25),
(9, 1, 1, 19),
(10, 1, 2, 19),
(11, 1, 3, 19),
(12, 1, 4, 19),
(13, 1, 1, 22),
(14, 1, 2, 22),
(15, 1, 3, 22),
(16, 1, 4, 22),
(17, 1, 5, 20),
(18, 1, 6, 20),
(19, 1, 7, 20),
(20, 1, 8, 20),
(21, 1, 9, 19);

-- --------------------------------------------------------

--
-- Table structure for table `systems`
--

CREATE TABLE `systems` (
  `id` int(11) NOT NULL,
  `company` int(11) NOT NULL DEFAULT '1',
  `name` varchar(100) DEFAULT NULL,
  `description` varchar(225) DEFAULT NULL,
  `status` int(11) DEFAULT NULL,
  `lon` varchar(45) DEFAULT NULL,
  `lat` varchar(45) DEFAULT NULL,
  `url` varchar(45) DEFAULT NULL,
  `ip` varchar(45) DEFAULT NULL,
  `spare1` varchar(45) DEFAULT NULL,
  `spare2` varchar(45) DEFAULT NULL
) ENGINE=InnoDB DEFAULT CHARSET=latin1;

--
-- Dumping data for table `systems`
--

INSERT INTO `systems` (`id`, `company`, `name`, `description`, `status`, `lon`, `lat`, `url`, `ip`, `spare1`, `spare2`) VALUES
(1, 1, 'Energynet', '', 1, NULL, NULL, '\r\nhttp://220.247.201.232:33/TR_TTS/login.do', NULL, NULL, NULL),
(2, 1, 'Energynet_', NULL, 1, NULL, NULL, NULL, NULL, NULL, NULL),
(3, 2, 'Other_company_system', 'Other_company_system', 1, NULL, NULL, NULL, NULL, NULL, NULL),
(4, 1, 'test system 1', 'add for testing', 1, NULL, NULL, NULL, NULL, NULL, NULL),
(5, 3, 'test system 1', 'Insert for testing', 1, NULL, NULL, NULL, NULL, NULL, NULL),
(6, 4, 'test system 2', 'ffffffffff', 1, NULL, NULL, NULL, NULL, NULL, NULL);

-- --------------------------------------------------------

--
-- Table structure for table `systems_has_parameters`
--

CREATE TABLE `systems_has_parameters` (
  `id` int(11) NOT NULL,
  `systems` int(11) NOT NULL,
  `parameters` int(11) NOT NULL,
  `status` int(11) DEFAULT '1'
) ENGINE=InnoDB DEFAULT CHARSET=latin1;

-- --------------------------------------------------------

--
-- Table structure for table `systems_has_user`
--

CREATE TABLE `systems_has_user` (
  `systems` int(11) NOT NULL,
  `user` int(11) NOT NULL,
  `id` int(11) NOT NULL,
  `sms` varchar(45) DEFAULT NULL,
  `email` varchar(45) DEFAULT NULL
) ENGINE=InnoDB DEFAULT CHARSET=latin1;

-- --------------------------------------------------------

--
-- Table structure for table `tt`
--

CREATE TABLE `tt` (
  `id` int(11) NOT NULL,
  `regtime` datetime NOT NULL,
  `comment` varchar(255) DEFAULT NULL,
  `status` int(11) DEFAULT NULL,
  `current_owner` int(11) DEFAULT NULL,
  `system` int(11) DEFAULT NULL,
  `company` int(11) DEFAULT NULL,
  `department` int(11) DEFAULT NULL
) ENGINE=InnoDB DEFAULT CHARSET=latin1;

--
-- Dumping data for table `tt`
--

INSERT INTO `tt` (`id`, `regtime`, `comment`, `status`, `current_owner`, `system`, `company`, `department`) VALUES
(1, '2016-07-21 09:26:05', 'hhhhhhhhhhhhhhhhhhhhhhhhhhh', 3, 6, 1, 1, 2),
(2, '2016-07-06 10:55:57', 'dffghjkllmnbffghjjikkl', 2, 2, 2, 1, 1),
(3, '2016-07-01 11:23:53', '', 1, 2, 2, 1, 1),
(4, '2017-05-24 10:28:38', 'kgjhofigjrgjsldfgtij;gldkgfkbifhjfmkdf', 5, 3, 1, 1, 2),
(5, '2016-07-04 13:43:32', 'test transfer', 1, 4, 3, 2, 3),
(6, '2016-07-20 16:23:17', '', 3, 3, 2, 1, 2),
(7, '2016-07-05 11:04:03', 'test trouble ticket comment 5', 1, 5, 3, 2, 4),
(8, '2016-07-14 15:06:54', 'test trouble ticket 2', 2, 3, 1, 1, 1),
(9, '2016-07-06 13:51:21', 'testb alarm 6 trouble ticket', 2, 3, 2, 1, 2),
(10, '2016-07-06 14:31:05', 'test trouble ticket comment', 2, 3, 1, 1, 2),
(11, '2016-07-06 15:00:07', 'test trouble ticket comment 8', 3, 2, 1, 1, 1),
(12, '2016-07-20 16:15:19', '', 5, 2, 1, 1, 2),
(13, '2016-07-06 15:05:48', 'test comment re', 4, 2, 1, 1, 1),
(14, '2016-07-07 09:28:32', NULL, NULL, 2, 1, 1, 2),
(15, '2017-05-24 10:19:53', 'test trouble ticket alarm', 2, 8, 2, 1, 2),
(16, '2016-07-11 11:20:01', 'test trouble ticket comment', 1, 2, 1, 1, 1),
(17, '2016-07-11 12:10:52', 'test trouble ticket comment', 5, 2, 1, 1, 1),
(18, '2016-07-11 11:47:41', '', 2, 3, 1, 1, 1),
(19, '2016-07-11 12:19:22', 'test update trouble ticket comment', 2, 2, 1, 1, 1),
(20, '2016-07-20 12:09:04', 'test comment', 2, 2, 1, 1, 1),
(21, '2016-07-20 12:05:02', 'test update comment', 2, 2, 1, 1, 1),
(22, '2016-07-20 12:10:35', 'test comment', 3, 2, 1, 1, 1),
(23, '2016-07-25 09:58:00', 'test trouble ticket', 1, 2, 1, 1, 1),
(24, '2016-07-26 10:45:47', NULL, NULL, 2, NULL, NULL, NULL),
(25, '2016-07-26 10:46:13', NULL, NULL, 2, NULL, NULL, NULL),
(26, '2016-07-26 10:52:32', 'test update comment', 2, 2, 1, 1, 1),
(27, '2016-07-26 15:20:54', 'test trouble ticket', 1, 2, 1, 1, 1),
(28, '2016-07-26 15:36:41', 'test update', 2, 2, 1, 1, 1),
(29, '2016-07-26 16:14:49', 'test comment', 2, 6, 1, 1, 1),
(30, '2016-07-27 14:00:39', 'test email', 1, 2, 1, 1, 1),
(31, '2016-07-27 14:43:14', 'test email 2', 1, 2, 1, 1, 1),
(32, '2016-07-27 15:25:07', 'test tt', 1, 2, 1, 1, 1),
(33, '2016-07-27 15:37:55', 'test tt', 1, 2, 1, 1, 1),
(34, '2016-07-27 15:38:13', 'test tt 1', 1, 2, 1, 1, 1),
(35, '2016-07-27 16:03:38', 'test email 1', 1, 4, 3, 1, 3),
(36, '2016-07-27 16:19:25', 'test email 1', 1, 4, 3, 1, 3),
(37, '2016-07-27 16:19:43', 'test email', 1, 4, 3, 1, 3),
(38, '2016-07-27 16:27:29', 'test tt', 1, 4, 3, 2, 3),
(39, '2016-07-27 16:37:26', 'test tt3', 1, 4, 3, 2, 3),
(40, '2016-07-28 09:40:43', 'test email 1', 1, 4, 3, 2, 3),
(41, '2016-07-28 11:00:16', 'test email4', 1, 4, 3, 2, 3),
(42, '2016-07-28 11:40:04', 'test tt', 1, 5, 3, 2, 3),
(43, '2016-07-28 12:06:21', 'test tt', 1, 5, 3, 2, 3),
(44, '2016-07-28 12:10:58', 'test tt', 1, 5, 3, 2, 3),
(45, '2016-07-28 12:11:19', 'test tt 2', 1, 5, 3, 2, 3),
(46, '2016-07-28 13:15:10', 'test email', 1, 5, 3, 2, 3),
(47, '2016-07-28 14:31:11', '', 1, 2, 1, 1, 1),
(48, '2016-07-28 14:31:47', '', 1, 2, 1, 1, 1),
(49, '2016-07-28 14:34:05', '', 1, 2, 1, 1, 1),
(50, '2016-07-28 15:00:03', 'test mail', 1, 2, 1, 1, 1),
(51, '2016-07-28 15:11:51', 'test email', 1, 2, 1, 1, 1),
(52, '2016-07-28 15:25:08', 'test email', 1, 2, 1, 1, 1),
(53, '2016-07-28 15:54:40', 'test email', 1, 2, 1, 1, 1),
(54, '2016-07-28 15:55:57', 'test email', 1, 2, 1, 1, 1),
(55, '2016-07-28 16:04:36', 'test', 1, 2, 1, 1, 1),
(56, '2016-07-28 16:14:13', 'test', 1, 2, 1, 1, 1),
(57, '2016-07-28 16:39:20', 'test tt', 1, 5, 3, 2, 3),
(58, '2016-07-29 10:54:03', 'comment', 1, 2, 1, 1, 1),
(59, '2016-07-29 11:02:19', 'comment', 1, 2, 1, 1, 1),
(60, '2016-07-29 11:05:10', 'comment', 1, 2, 1, 1, 1),
(61, '2016-07-29 11:06:36', 'comment', 1, 2, 1, 1, 1),
(62, '2016-07-29 11:07:40', 'comment', 1, 2, 1, 1, 1),
(63, '2016-07-29 11:08:11', 'comment', 1, 2, 1, 1, 1),
(64, '2016-07-29 11:08:57', 'comment', 1, 2, 1, 1, 1),
(65, '2016-07-29 11:11:11', 'comment', 1, 2, 1, 1, 1),
(66, '2016-07-29 15:26:32', 'test tt', 1, 2, 1, 1, 1),
(67, '2016-07-29 16:08:00', 'test email', 1, 4, 3, 2, 3),
(68, '2016-07-29 16:43:11', 'test email 2', 1, 4, 3, 2, 3),
(69, '2016-07-29 16:58:57', 'test email 3', 1, 5, 3, 1, 3),
(70, '2016-07-29 17:11:32', 'test tt', 1, 5, 3, 1, 3),
(71, '2016-08-01 09:00:16', 'test email', 1, 5, 3, 1, 3),
(72, '2016-08-01 09:14:40', 'test tt', 1, 5, 3, 1, 3),
(73, '2016-08-01 09:42:48', 'test email', 1, 5, 3, 1, 3),
(74, '2016-08-01 10:02:15', 'test transfer mail', 2, 4, 3, 1, 3),
(75, '2016-08-01 10:03:12', 'test transfer mail', 2, 4, 3, 1, 3),
(76, '2016-08-01 10:03:28', 'test initiate', 1, 5, 3, 1, 3),
(77, '2016-08-01 10:04:41', 'test tt', 1, 5, 3, 1, 3),
(78, '2016-08-01 15:13:09', 'test email to chanika', 2, 4, 3, 1, 3),
(79, '2016-08-09 10:08:03', 'test email of trouble ticket', 2, 6, 1, 1, 1),
(80, '2016-08-26 16:56:36', NULL, NULL, 2, NULL, NULL, NULL),
(81, '2016-08-27 07:53:39', 'ddddddddddd', 3, 2, 1, 1, 1),
(82, '2016-08-31 16:33:01', 'new', 3, 4, 3, 2, 3),
(83, '2016-08-31 16:48:51', 'new', 3, 4, 3, 2, 3),
(84, '2016-09-01 15:42:03', NULL, NULL, 2, NULL, NULL, NULL),
(85, '2016-10-21 10:34:45', 'Check the investigation and Management Plan tab overlapping issue and correct itCheck the investigation and Management Plan tab overlapping issue and correct it', 1, 10, 1, 1, 1),
(86, '2017-05-24 10:14:20', NULL, NULL, 3, NULL, NULL, NULL),
(87, '2017-07-18 11:28:44', NULL, NULL, 2, NULL, NULL, NULL),
(88, '2017-07-18 11:30:06', NULL, NULL, 2, NULL, NULL, NULL),
(89, '2017-07-18 11:57:59', 'fghyg', 1, 2, 1, 1, 1),
(90, '2017-08-02 15:40:47', NULL, NULL, 2, NULL, NULL, NULL),
(91, '2017-08-02 15:40:51', NULL, NULL, 2, NULL, NULL, NULL);

-- --------------------------------------------------------

--
-- Table structure for table `tt_update`
--

CREATE TABLE `tt_update` (
  `id` int(11) NOT NULL,
  `comment` varchar(255) DEFAULT NULL,
  `regtime` datetime DEFAULT NULL,
  `status` int(11) DEFAULT NULL,
  `tt` int(11) NOT NULL,
  `info` varchar(255) DEFAULT NULL,
  `user` int(11) NOT NULL
) ENGINE=InnoDB DEFAULT CHARSET=latin1;

--
-- Dumping data for table `tt_update`
--

INSERT INTO `tt_update` (`id`, `comment`, `regtime`, `status`, `tt`, `info`, `user`) VALUES
(1, NULL, '2016-07-01 10:29:54', 1, 1, NULL, 2),
(2, NULL, '2016-07-01 10:34:24', 1, 1, NULL, 2),
(3, NULL, '2016-07-01 10:37:24', 1, 1, NULL, 3),
(4, NULL, '2016-07-01 10:41:14', 1, 2, NULL, 3),
(5, NULL, '2016-07-01 11:24:10', 1, 3, NULL, 2),
(6, 'aaaaaaaaaaaaaaaaaaaaa', '2016-07-01 11:32:56', 1, 3, 'ffffffffffffffffffffffffffffffffffffff', 2),
(7, 'sssssssssssssssssssssss', '2016-07-01 11:38:57', 3, 2, 'llllllllllllllllllllllllllllllllllllllllllllllllllllllllllllllllllllllllllllll', 3),
(8, 'aaaaaaaaaaaaaaaaaaaaaaa', '2016-07-01 14:33:38', 2, 1, 'dddddddddddddddddddddddddddddd', 3),
(9, NULL, '2016-07-04 10:31:32', 1, 4, NULL, 2),
(10, 'change tt', '2016-07-04 10:33:36', 2, 4, '', 3),
(11, NULL, '2016-07-04 13:42:48', 1, 5, NULL, 2),
(12, NULL, '2016-07-04 13:45:11', 1, 5, NULL, 2),
(13, NULL, '2016-07-04 13:50:49', 1, 5, NULL, 2),
(14, NULL, '2016-07-04 14:58:10', 1, 5, NULL, 2),
(15, NULL, '2016-07-04 15:09:31', 1, 5, NULL, 2),
(16, '', '2016-07-04 15:19:22', 2, 5, 'test', 2),
(17, NULL, '2016-07-04 15:29:49', 1, 6, NULL, 2),
(18, 'update comment 1', '2016-07-04 15:30:45', 2, 6, '', 2),
(19, 'update comment 2', '2016-07-04 15:32:38', 3, 6, '', 2),
(20, 'update comment 4', '2016-07-04 15:35:55', 4, 6, '', 2),
(21, NULL, '2016-07-04 15:43:17', 1, 6, NULL, 2),
(22, NULL, '2016-07-05 11:03:34', 1, 7, NULL, 2),
(23, NULL, '2016-07-05 11:04:51', 1, 7, NULL, 2),
(24, NULL, '2016-07-05 11:21:27', 1, 7, NULL, 2),
(25, NULL, '2016-07-05 11:22:38', 1, 7, NULL, 2),
(26, NULL, '2016-07-05 11:40:10', 1, 7, NULL, 2),
(27, NULL, '2016-07-05 11:51:05', 1, 7, NULL, 2),
(28, NULL, '2016-07-05 12:24:15', 1, 7, NULL, 2),
(29, NULL, '2016-07-05 12:39:44', 1, 7, NULL, 2),
(30, NULL, '2016-07-05 13:15:48', 1, 7, NULL, 2),
(31, NULL, '2016-07-05 13:50:55', 1, 7, NULL, 2),
(32, NULL, '2016-07-05 13:55:09', 1, 7, NULL, 2),
(33, NULL, '2016-07-05 13:59:24', 1, 7, NULL, 2),
(34, NULL, '2016-07-05 14:10:52', 1, 7, NULL, 2),
(35, NULL, '2016-07-05 14:18:50', 1, 7, NULL, 2),
(36, NULL, '2016-07-05 14:27:33', 1, 7, NULL, 2),
(37, NULL, '2016-07-05 14:35:00', 1, 7, NULL, 2),
(38, NULL, '2016-07-05 14:39:18', 1, 7, NULL, 2),
(39, NULL, '2016-07-05 14:46:14', 1, 7, NULL, 2),
(40, NULL, '2016-07-05 15:03:36', 1, 7, NULL, 2),
(41, NULL, '2016-07-05 15:07:29', 1, 7, NULL, 2),
(42, NULL, '2016-07-05 15:10:33', 1, 7, NULL, 2),
(43, NULL, '2016-07-05 15:22:42', 1, 7, NULL, 2),
(44, NULL, '2016-07-05 15:40:52', 1, 7, NULL, 2),
(45, NULL, '2016-07-05 15:58:09', 1, 7, NULL, 2),
(46, NULL, '2016-07-05 16:24:45', 1, 7, NULL, 2),
(47, NULL, '2016-07-05 16:36:14', 1, 7, NULL, 2),
(49, NULL, '2016-07-05 16:55:56', 1, 7, NULL, 2),
(50, 'test comment', '2016-07-06 10:36:32', 2, 6, 'test info', 2),
(51, 'test comment 2', '2016-07-06 10:46:19', 3, 6, 'test info 2', 2),
(52, 'test comment 3', '2016-07-06 10:51:01', 3, 6, 'test info 3', 3),
(53, 'test comment 4', '2016-07-06 10:54:45', 4, 6, 'test info', 3),
(54, 'test comment for tt 2', '2016-07-06 10:55:56', 2, 2, 'test transfer', 3),
(55, NULL, '2016-07-06 13:09:16', 1, 9, NULL, 2),
(56, 'test comment 6', '2016-07-06 13:10:36', 2, 9, 'test transfered', 2),
(57, NULL, '2016-07-06 14:29:15', 1, 10, NULL, 2),
(58, 'test trouble ticket comment update 7', '2016-07-06 14:31:04', 2, 10, 'test update info', 2),
(59, NULL, '2016-07-06 14:57:42', 1, 11, NULL, 2),
(60, NULL, '2016-07-06 15:01:11', 1, 12, NULL, 2),
(61, NULL, '2016-07-06 15:05:19', 1, 13, NULL, 2),
(62, '', '2016-07-06 16:31:17', 2, 1, 'ts', 2),
(63, NULL, '2016-07-07 09:28:32', 1, 14, NULL, 2),
(64, NULL, '2016-07-08 11:41:33', 1, 15, NULL, 2),
(65, 'test trouble ticket update comment', '2016-07-08 11:42:54', 1, 15, 'test info', 2),
(66, 'test trouble ticket update comment 2', '2016-07-08 11:44:23', 2, 15, 'transfered trouble ticket to geeth by arun', 2),
(67, NULL, '2016-07-11 11:36:30', 1, 18, NULL, 2),
(68, 'trouble ticket comment updated ', '2016-07-11 11:47:38', 2, 18, 'test info', 2),
(69, 'test update comment 2', '2016-07-11 11:57:36', 3, 18, 'test info 2', 2),
(70, 'update trouble ticket', '2016-07-11 12:06:11', 3, 18, 'test info', 2),
(71, 'test comment', '2016-07-11 12:10:49', 5, 17, 'test done', 2),
(72, NULL, '2016-07-11 12:17:04', 1, 19, NULL, 2),
(73, 'test update comment', '2016-07-11 12:19:19', 2, 19, 'test infofortransfered', 2),
(74, 'test comment', '2016-07-13 17:55:30', 3, 1, '', 2),
(75, 'test trouble ticket comment update', '2016-07-14 15:06:52', 2, 8, 'test info', 2),
(76, 'test comment', '2016-07-14 15:28:17', 2, 4, 'test info', 2),
(77, 'test comment', '2016-07-14 15:32:56', 2, 1, '', 3),
(78, NULL, '2016-07-20 12:03:19', 1, 21, NULL, 2),
(79, 'test update', '2016-07-20 12:05:35', 2, 20, '', 2),
(80, NULL, '2016-07-20 12:10:00', 1, 22, NULL, 2),
(81, 'test comment', '2016-07-20 16:15:17', 5, 12, '', 2),
(82, 'test done', '2016-07-20 16:18:29', 5, 4, '', 2),
(83, 'test', '2016-07-20 16:23:15', 3, 6, '', 2),
(84, 'test  done 2', '2016-07-20 16:40:28', 5, 11, '', 2),
(85, 'test transfer 2', '2016-07-20 16:46:51', 2, 1, '', 2),
(86, 're transfer', '2016-07-20 17:23:42', 2, 1, '', 2),
(87, 'pending', '2016-07-21 09:26:02', 3, 1, '', 2),
(88, '', '2016-07-21 09:39:01', 5, 1, '', 2),
(89, 're tranfer', '2016-07-21 09:44:27', 2, 8, '', 2),
(90, NULL, '2016-07-26 10:45:47', 1, 24, NULL, 2),
(91, NULL, '2016-07-26 10:46:13', 1, 25, NULL, 2),
(92, NULL, '2016-07-26 10:50:01', 1, 26, NULL, 2),
(93, 'test update', '2016-07-26 10:55:29', 5, 26, '', 2),
(94, NULL, '2016-07-26 15:21:37', 1, 28, NULL, 2),
(95, 'test', '2016-07-26 15:23:16', 2, 28, '', 2),
(96, NULL, '2016-07-26 16:02:45', 1, 29, NULL, 2),
(97, 'test update', '2016-07-26 16:14:47', 2, 29, '', 2),
(98, NULL, '2016-08-26 16:56:36', 1, 80, NULL, 2),
(99, NULL, '2016-08-27 07:53:07', 1, 81, NULL, 2),
(100, NULL, '2016-09-01 15:42:03', 1, 84, NULL, 2),
(101, NULL, '2016-10-21 10:32:32', 1, 85, NULL, 2),
(102, NULL, '2017-05-24 10:14:20', 1, 86, NULL, 3),
(103, '', '2017-05-24 10:19:51', 2, 15, '', 3),
(104, '', '2017-05-24 10:28:36', 5, 4, '', 3),
(105, NULL, '2017-07-18 11:28:44', 1, 87, NULL, 2),
(106, NULL, '2017-07-18 11:30:06', 1, 88, NULL, 2),
(107, NULL, '2017-07-18 11:56:46', 1, 89, NULL, 2),
(108, NULL, '2017-08-02 15:40:47', 1, 90, NULL, 2),
(109, NULL, '2017-08-02 15:40:51', 1, 91, NULL, 2);

-- --------------------------------------------------------

--
-- Table structure for table `types`
--

CREATE TABLE `types` (
  `id` int(11) NOT NULL,
  `name` varchar(45) DEFAULT NULL,
  `status` int(11) DEFAULT NULL
) ENGINE=InnoDB DEFAULT CHARSET=latin1;

--
-- Dumping data for table `types`
--

INSERT INTO `types` (`id`, `name`, `status`) VALUES
(1, 'Complain', 1),
(2, 'Incident', 1),
(3, 'Notifications', 1),
(4, 'Alarm', 1),
(5, 'Bug', 1);

-- --------------------------------------------------------

--
-- Table structure for table `user`
--

CREATE TABLE `user` (
  `id` int(11) NOT NULL,
  `title` varchar(15) NOT NULL,
  `initials` varchar(15) NOT NULL,
  `firstname` varchar(100) DEFAULT NULL,
  `lastname` varchar(100) NOT NULL,
  `birthdate` datetime DEFAULT NULL,
  `gender` varchar(15) NOT NULL,
  `mobile` varchar(45) DEFAULT NULL,
  `email` varchar(100) DEFAULT NULL,
  `nic` varchar(45) DEFAULT NULL,
  `address_line 1` varchar(100) NOT NULL,
  `address_line 2` varchar(100) NOT NULL,
  `address_line 3` varchar(100) NOT NULL,
  `status` int(11) DEFAULT NULL,
  `person_type` int(11) NOT NULL,
  `company` int(11) NOT NULL,
  `regtime` timestamp NOT NULL DEFAULT CURRENT_TIMESTAMP ON UPDATE CURRENT_TIMESTAMP
) ENGINE=InnoDB DEFAULT CHARSET=latin1;

--
-- Dumping data for table `user`
--

INSERT INTO `user` (`id`, `title`, `initials`, `firstname`, `lastname`, `birthdate`, `gender`, `mobile`, `email`, `nic`, `address_line 1`, `address_line 2`, `address_line 3`, `status`, `person_type`, `company`, `regtime`) VALUES
(2, '', '', 'arun pragash', '', NULL, '', NULL, 'maduhansichani@gmail.com', NULL, '', '', '', 1, 6, 1, '2016-08-31 05:36:26'),
(3, '', '', 'geeth', '', NULL, '', NULL, 'maduhansichani@gmail.com', NULL, '', '', '', 1, 6, 1, '2016-08-31 05:36:26'),
(4, '', '', 'chani', '', NULL, '', NULL, 'maduhansichani@gmail.com', NULL, '', '', '', 1, 6, 2, '2016-08-31 05:36:26'),
(5, '', '', 'janaka', '', NULL, '', NULL, 'maduhansichani@gmail.com 	', NULL, '', '', '', 1, 6, 2, '2016-08-31 05:36:26'),
(6, '', '', 'udeepa', '', NULL, '', NULL, 'maduhansichani@gmail.com', NULL, '', '', '', NULL, 6, 1, '2016-08-31 05:36:26'),
(7, '', '', 'hansani', '', NULL, '', NULL, 'maduhansichani@gmail.com', NULL, '', '', '', NULL, 6, 1, '2016-08-31 05:36:26'),
(8, '', '', 'shashi', '', NULL, '', NULL, 'maduhansichani@gmail.com', NULL, '', '', '', NULL, 6, 1, '2016-08-31 05:36:26'),
(9, '', '', 'koshila', '', NULL, '', NULL, 'maduhansichani@gmail.com', NULL, '', '', '', NULL, 6, 1, '2016-08-31 05:36:26'),
(10, '', '', 'tharanga', '', NULL, '', NULL, NULL, NULL, '', '', '', NULL, 6, 1, '2016-08-31 05:36:26'),
(11, 'Mr', 'A.A', 'Sanath', 'manawadu', '2016-09-01 00:00:00', 'male', '123456', 'sdfghjkl;\'', '13456789v', 'sssss', 'sssss', 'sssssss', 1, 6, 2, '2016-09-01 09:47:53'),
(12, 'Mr', 'A.A', 'Sanath', 'manawadu', '2016-09-01 00:00:00', 'male', '123456', 'sdfghjkl;\'', '13456789v', 'sssss', 'sssss', 'sssssss', 1, 6, 2, '2016-09-01 10:00:03'),
(13, 'Miss', 'R.M.I', 'Kalani', '', '1991-05-14 00:00:00', 'female', '123456', '', '123456789', 'ffffffffffffffffffffff', 'ffffffffffffff', 'ffffffffffffffffffff', 1, 6, 1, '2016-09-02 08:55:01'),
(14, 'Miss', 'R.M.I', 'Kalani', '', '1991-05-14 00:00:00', 'female', '123456', '', '123456789', 'ffffffffffffffffffffff', 'ffffffffffffff', 'ffffffffffffffffffff', 1, 6, 1, '2016-09-02 09:02:24'),
(15, 'Mrs', 'K.K', 'user test', '', '2016-09-06 00:00:00', 'female', '456', '', '1223', 'aaaaaaaa', 'aaaaaaaaaaa', '', 1, 6, 2, '2016-09-02 09:05:03'),
(16, 'Mr', 'M.P', 'Thamara', 'Rangana', '1899-03-05 00:00:00', 'male', '', '', '', 'dddd', 'ddddd', '', 1, 6, 2, '2016-09-02 09:57:30'),
(17, 'Mr', 'A.A', 'saman', 'ddddddddd', NULL, 'male', '', '', '', '', '', '', 1, 6, 2, '2016-09-02 10:37:44'),
(18, 'Mr', 'A.A', 'dddddddd', 'ddddddddddd', NULL, 'male', '', '', '', '', '', '', 1, 6, 2, '2016-09-02 10:51:07'),
(19, 'Mr', 'sssss', 'test', 'test', NULL, 'male', '', '', '', '', '', '', 1, 6, 2, '2016-09-02 10:58:05'),
(20, 'Mr', 'sssss', 'test', 'test', NULL, 'male', '', '', '', '', '', '', 1, 6, 2, '2016-09-02 11:01:45'),
(21, 'Mr', 's.s', 'sahan', 'chinthaka', NULL, 'male', '', '', '', '', '', '', 1, 6, 2, '2016-09-07 12:13:17'),
(22, 'Mr', 'H.G', 'Udeepa', 'Chathuranga', '1993-09-18 00:00:00', 'male', '', '', '', '', '', '', 1, 6, 1, '2017-05-24 05:02:25');

-- --------------------------------------------------------

--
-- Table structure for table `user_has_department`
--

CREATE TABLE `user_has_department` (
  `id` int(11) NOT NULL,
  `department` int(11) NOT NULL,
  `user` int(11) NOT NULL,
  `description` varchar(255) DEFAULT NULL,
  `status` int(11) DEFAULT NULL
) ENGINE=InnoDB DEFAULT CHARSET=latin1;

--
-- Dumping data for table `user_has_department`
--

INSERT INTO `user_has_department` (`id`, `department`, `user`, `description`, `status`) VALUES
(1, 1, 2, NULL, 1),
(2, 2, 3, NULL, 1),
(3, 2, 2, NULL, 1),
(4, 3, 4, NULL, NULL),
(5, 4, 5, NULL, NULL),
(6, 1, 6, NULL, 1),
(7, 1, 7, NULL, 1),
(8, 2, 8, NULL, 1),
(9, 2, 9, NULL, NULL),
(11, 3, 18, NULL, 1),
(12, 3, 20, NULL, 1);

--
-- Indexes for dumped tables
--

--
-- Indexes for table `activities`
--
ALTER TABLE `activities`
  ADD PRIMARY KEY (`id`),
  ADD KEY `fk_activities_category1_idx` (`category`);

--
-- Indexes for table `alarm`
--
ALTER TABLE `alarm`
  ADD PRIMARY KEY (`id`),
  ADD KEY `fk_alarm_types1_idx` (`types`),
  ADD KEY `fk_alarm_tt1_idx` (`tt`),
  ADD KEY `fk_alarm_system1_idx` (`system`),
  ADD KEY `fk_alarm_alarmname1_idx` (`alarmname`);

--
-- Indexes for table `alarmname`
--
ALTER TABLE `alarmname`
  ADD PRIMARY KEY (`id`);

--
-- Indexes for table `alerts`
--
ALTER TABLE `alerts`
  ADD PRIMARY KEY (`id`),
  ADD KEY `fk_alerts_tt_update1_idx` (`tt_update`),
  ADD KEY `fk_alerts_user1_idx` (`user`);

--
-- Indexes for table `category`
--
ALTER TABLE `category`
  ADD PRIMARY KEY (`id`);

--
-- Indexes for table `company`
--
ALTER TABLE `company`
  ADD PRIMARY KEY (`id`);

--
-- Indexes for table `department`
--
ALTER TABLE `department`
  ADD PRIMARY KEY (`id`),
  ADD KEY `fk_department_company1_idx` (`company`);

--
-- Indexes for table `heartbeat`
--
ALTER TABLE `heartbeat`
  ADD PRIMARY KEY (`id`),
  ADD KEY `fk_heartbeat_systems1_idx` (`systems`);

--
-- Indexes for table `lesson_learnt`
--
ALTER TABLE `lesson_learnt`
  ADD PRIMARY KEY (`id`),
  ADD KEY `fk_lesson_learn_tt1_idx` (`tt`);

--
-- Indexes for table `log`
--
ALTER TABLE `log`
  ADD PRIMARY KEY (`id`),
  ADD KEY `fk_log_login1_idx` (`login`);

--
-- Indexes for table `login`
--
ALTER TABLE `login`
  ADD PRIMARY KEY (`id`),
  ADD KEY `fk_login_rolls1_idx` (`rolls`),
  ADD KEY `fk_login_user1_idx` (`user`);

--
-- Indexes for table `parameters`
--
ALTER TABLE `parameters`
  ADD PRIMARY KEY (`id`);

--
-- Indexes for table `periodic`
--
ALTER TABLE `periodic`
  ADD PRIMARY KEY (`id`),
  ADD KEY `fk_periodic_systems_has_parameters1_idx` (`systems_has_parameters`);

--
-- Indexes for table `person_type`
--
ALTER TABLE `person_type`
  ADD PRIMARY KEY (`id`);

--
-- Indexes for table `request`
--
ALTER TABLE `request`
  ADD PRIMARY KEY (`id`),
  ADD KEY `fk_request_systems1_idx` (`systems`),
  ADD KEY `fk_request_parameters1_idx` (`parameters`);

--
-- Indexes for table `rolls`
--
ALTER TABLE `rolls`
  ADD PRIMARY KEY (`id`);

--
-- Indexes for table `roll_has_activities`
--
ALTER TABLE `roll_has_activities`
  ADD PRIMARY KEY (`id`),
  ADD KEY `fk_roll_has_activities_activities1_idx` (`activities_id`),
  ADD KEY `fk_roll_has_activities_rolls1_idx` (`rolls_id`);

--
-- Indexes for table `systems`
--
ALTER TABLE `systems`
  ADD PRIMARY KEY (`id`),
  ADD KEY `fk_systems_company1_idx` (`company`);

--
-- Indexes for table `systems_has_parameters`
--
ALTER TABLE `systems_has_parameters`
  ADD PRIMARY KEY (`id`),
  ADD KEY `fk_systems_has_parameters_parameters1_idx` (`parameters`),
  ADD KEY `fk_systems_has_parameters_systems1_idx` (`systems`);

--
-- Indexes for table `systems_has_user`
--
ALTER TABLE `systems_has_user`
  ADD PRIMARY KEY (`id`),
  ADD KEY `fk_systems_has_user_user1_idx` (`user`),
  ADD KEY `fk_systems_has_user_systems1_idx` (`systems`);

--
-- Indexes for table `tt`
--
ALTER TABLE `tt`
  ADD PRIMARY KEY (`id`),
  ADD KEY `fk_tt_user1_idx` (`current_owner`),
  ADD KEY `fk_tt_system1_idx` (`system`),
  ADD KEY `fk_tt_company1_idx` (`company`),
  ADD KEY `fk_tt_department1_idx` (`department`);

--
-- Indexes for table `tt_update`
--
ALTER TABLE `tt_update`
  ADD PRIMARY KEY (`id`),
  ADD KEY `fk_tt_update_tt1_idx` (`tt`),
  ADD KEY `fk_tt_update_user1_idx` (`user`);

--
-- Indexes for table `types`
--
ALTER TABLE `types`
  ADD PRIMARY KEY (`id`);

--
-- Indexes for table `user`
--
ALTER TABLE `user`
  ADD PRIMARY KEY (`id`),
  ADD KEY `fk_user_person_type1_idx` (`person_type`),
  ADD KEY `fk_user_company1_idx` (`company`);

--
-- Indexes for table `user_has_department`
--
ALTER TABLE `user_has_department`
  ADD PRIMARY KEY (`id`),
  ADD KEY `fk_user_has_department_department1_idx` (`department`),
  ADD KEY `fk_user_has_department_user1_idx` (`user`);

--
-- AUTO_INCREMENT for dumped tables
--

--
-- AUTO_INCREMENT for table `activities`
--
ALTER TABLE `activities`
  MODIFY `id` int(11) NOT NULL AUTO_INCREMENT, AUTO_INCREMENT=12;
--
-- AUTO_INCREMENT for table `alarm`
--
ALTER TABLE `alarm`
  MODIFY `id` int(11) NOT NULL AUTO_INCREMENT, AUTO_INCREMENT=71;
--
-- AUTO_INCREMENT for table `alarmname`
--
ALTER TABLE `alarmname`
  MODIFY `id` int(11) NOT NULL AUTO_INCREMENT, AUTO_INCREMENT=25;
--
-- AUTO_INCREMENT for table `alerts`
--
ALTER TABLE `alerts`
  MODIFY `id` int(11) NOT NULL AUTO_INCREMENT;
--
-- AUTO_INCREMENT for table `category`
--
ALTER TABLE `category`
  MODIFY `id` int(11) NOT NULL AUTO_INCREMENT, AUTO_INCREMENT=2;
--
-- AUTO_INCREMENT for table `company`
--
ALTER TABLE `company`
  MODIFY `id` int(11) NOT NULL AUTO_INCREMENT, AUTO_INCREMENT=5;
--
-- AUTO_INCREMENT for table `department`
--
ALTER TABLE `department`
  MODIFY `id` int(11) NOT NULL AUTO_INCREMENT, AUTO_INCREMENT=5;
--
-- AUTO_INCREMENT for table `heartbeat`
--
ALTER TABLE `heartbeat`
  MODIFY `id` int(11) NOT NULL AUTO_INCREMENT, AUTO_INCREMENT=5113;
--
-- AUTO_INCREMENT for table `lesson_learnt`
--
ALTER TABLE `lesson_learnt`
  MODIFY `id` int(11) NOT NULL AUTO_INCREMENT;
--
-- AUTO_INCREMENT for table `log`
--
ALTER TABLE `log`
  MODIFY `id` int(11) NOT NULL AUTO_INCREMENT, AUTO_INCREMENT=46711;
--
-- AUTO_INCREMENT for table `login`
--
ALTER TABLE `login`
  MODIFY `id` int(11) NOT NULL AUTO_INCREMENT, AUTO_INCREMENT=58;
--
-- AUTO_INCREMENT for table `parameters`
--
ALTER TABLE `parameters`
  MODIFY `id` int(11) NOT NULL AUTO_INCREMENT;
--
-- AUTO_INCREMENT for table `periodic`
--
ALTER TABLE `periodic`
  MODIFY `id` int(11) NOT NULL AUTO_INCREMENT;
--
-- AUTO_INCREMENT for table `person_type`
--
ALTER TABLE `person_type`
  MODIFY `id` int(11) NOT NULL AUTO_INCREMENT, AUTO_INCREMENT=7;
--
-- AUTO_INCREMENT for table `request`
--
ALTER TABLE `request`
  MODIFY `id` int(11) NOT NULL AUTO_INCREMENT;
--
-- AUTO_INCREMENT for table `rolls`
--
ALTER TABLE `rolls`
  MODIFY `id` int(11) NOT NULL AUTO_INCREMENT, AUTO_INCREMENT=27;
--
-- AUTO_INCREMENT for table `roll_has_activities`
--
ALTER TABLE `roll_has_activities`
  MODIFY `id` int(11) NOT NULL AUTO_INCREMENT, AUTO_INCREMENT=22;
--
-- AUTO_INCREMENT for table `systems`
--
ALTER TABLE `systems`
  MODIFY `id` int(11) NOT NULL AUTO_INCREMENT, AUTO_INCREMENT=7;
--
-- AUTO_INCREMENT for table `systems_has_parameters`
--
ALTER TABLE `systems_has_parameters`
  MODIFY `id` int(11) NOT NULL AUTO_INCREMENT;
--
-- AUTO_INCREMENT for table `systems_has_user`
--
ALTER TABLE `systems_has_user`
  MODIFY `id` int(11) NOT NULL AUTO_INCREMENT;
--
-- AUTO_INCREMENT for table `tt`
--
ALTER TABLE `tt`
  MODIFY `id` int(11) NOT NULL AUTO_INCREMENT, AUTO_INCREMENT=92;
--
-- AUTO_INCREMENT for table `tt_update`
--
ALTER TABLE `tt_update`
  MODIFY `id` int(11) NOT NULL AUTO_INCREMENT, AUTO_INCREMENT=110;
--
-- AUTO_INCREMENT for table `types`
--
ALTER TABLE `types`
  MODIFY `id` int(11) NOT NULL AUTO_INCREMENT, AUTO_INCREMENT=6;
--
-- AUTO_INCREMENT for table `user`
--
ALTER TABLE `user`
  MODIFY `id` int(11) NOT NULL AUTO_INCREMENT, AUTO_INCREMENT=23;
--
-- AUTO_INCREMENT for table `user_has_department`
--
ALTER TABLE `user_has_department`
  MODIFY `id` int(11) NOT NULL AUTO_INCREMENT, AUTO_INCREMENT=13;
--
-- Constraints for dumped tables
--

--
-- Constraints for table `activities`
--
ALTER TABLE `activities`
  ADD CONSTRAINT `fk_activities_category1` FOREIGN KEY (`category`) REFERENCES `category` (`id`) ON DELETE NO ACTION ON UPDATE NO ACTION;

--
-- Constraints for table `alarm`
--
ALTER TABLE `alarm`
  ADD CONSTRAINT `fk_alarm_alarmname1` FOREIGN KEY (`alarmname`) REFERENCES `alarmname` (`id`) ON DELETE NO ACTION ON UPDATE NO ACTION,
  ADD CONSTRAINT `fk_alarm_system1` FOREIGN KEY (`system`) REFERENCES `systems` (`id`) ON DELETE NO ACTION ON UPDATE NO ACTION,
  ADD CONSTRAINT `fk_alarm_tt1` FOREIGN KEY (`tt`) REFERENCES `tt` (`id`) ON DELETE NO ACTION ON UPDATE NO ACTION,
  ADD CONSTRAINT `fk_alarm_types1` FOREIGN KEY (`types`) REFERENCES `types` (`id`) ON DELETE NO ACTION ON UPDATE NO ACTION;

--
-- Constraints for table `alerts`
--
ALTER TABLE `alerts`
  ADD CONSTRAINT `fk_alerts_tt_update1` FOREIGN KEY (`tt_update`) REFERENCES `tt_update` (`id`) ON DELETE NO ACTION ON UPDATE NO ACTION,
  ADD CONSTRAINT `fk_alerts_user1` FOREIGN KEY (`user`) REFERENCES `user` (`id`) ON DELETE NO ACTION ON UPDATE NO ACTION;

--
-- Constraints for table `department`
--
ALTER TABLE `department`
  ADD CONSTRAINT `fk_department_company1` FOREIGN KEY (`company`) REFERENCES `company` (`id`) ON DELETE NO ACTION ON UPDATE NO ACTION;

--
-- Constraints for table `heartbeat`
--
ALTER TABLE `heartbeat`
  ADD CONSTRAINT `fk_heartbeat_systems1` FOREIGN KEY (`systems`) REFERENCES `systems` (`id`) ON DELETE NO ACTION ON UPDATE NO ACTION;

--
-- Constraints for table `lesson_learnt`
--
ALTER TABLE `lesson_learnt`
  ADD CONSTRAINT `fk_lesson_learn_tt1` FOREIGN KEY (`tt`) REFERENCES `tt` (`id`) ON DELETE NO ACTION ON UPDATE NO ACTION;

--
-- Constraints for table `log`
--
ALTER TABLE `log`
  ADD CONSTRAINT `fk_log_login1` FOREIGN KEY (`login`) REFERENCES `login` (`id`) ON DELETE NO ACTION ON UPDATE NO ACTION;

--
-- Constraints for table `login`
--
ALTER TABLE `login`
  ADD CONSTRAINT `fk_login_rolls1` FOREIGN KEY (`rolls`) REFERENCES `rolls` (`id`) ON DELETE NO ACTION ON UPDATE NO ACTION,
  ADD CONSTRAINT `fk_login_user1` FOREIGN KEY (`user`) REFERENCES `user` (`id`) ON DELETE NO ACTION ON UPDATE NO ACTION;

--
-- Constraints for table `periodic`
--
ALTER TABLE `periodic`
  ADD CONSTRAINT `fk_periodic_systems_has_parameters1` FOREIGN KEY (`systems_has_parameters`) REFERENCES `systems_has_parameters` (`id`) ON DELETE NO ACTION ON UPDATE NO ACTION;

--
-- Constraints for table `request`
--
ALTER TABLE `request`
  ADD CONSTRAINT `fk_request_parameters1` FOREIGN KEY (`parameters`) REFERENCES `parameters` (`id`) ON DELETE NO ACTION ON UPDATE NO ACTION,
  ADD CONSTRAINT `fk_request_systems1` FOREIGN KEY (`systems`) REFERENCES `systems` (`id`) ON DELETE NO ACTION ON UPDATE NO ACTION;

--
-- Constraints for table `roll_has_activities`
--
ALTER TABLE `roll_has_activities`
  ADD CONSTRAINT `fk_roll_has_activities_activities1` FOREIGN KEY (`activities_id`) REFERENCES `activities` (`id`) ON DELETE NO ACTION ON UPDATE NO ACTION,
  ADD CONSTRAINT `fk_roll_has_activities_rolls1` FOREIGN KEY (`rolls_id`) REFERENCES `rolls` (`id`) ON DELETE NO ACTION ON UPDATE NO ACTION;

--
-- Constraints for table `systems`
--
ALTER TABLE `systems`
  ADD CONSTRAINT `fk_systems_company1` FOREIGN KEY (`company`) REFERENCES `company` (`id`) ON DELETE NO ACTION ON UPDATE NO ACTION;

--
-- Constraints for table `systems_has_parameters`
--
ALTER TABLE `systems_has_parameters`
  ADD CONSTRAINT `fk_systems_has_parameters_parameters1` FOREIGN KEY (`parameters`) REFERENCES `parameters` (`id`) ON DELETE NO ACTION ON UPDATE NO ACTION,
  ADD CONSTRAINT `fk_systems_has_parameters_systems1` FOREIGN KEY (`systems`) REFERENCES `systems` (`id`) ON DELETE NO ACTION ON UPDATE NO ACTION;

--
-- Constraints for table `systems_has_user`
--
ALTER TABLE `systems_has_user`
  ADD CONSTRAINT `fk_systems_has_user_systems1` FOREIGN KEY (`systems`) REFERENCES `systems` (`id`) ON DELETE NO ACTION ON UPDATE NO ACTION,
  ADD CONSTRAINT `fk_systems_has_user_user1` FOREIGN KEY (`user`) REFERENCES `user` (`id`) ON DELETE NO ACTION ON UPDATE NO ACTION;

--
-- Constraints for table `tt`
--
ALTER TABLE `tt`
  ADD CONSTRAINT `fk_tt_company1` FOREIGN KEY (`company`) REFERENCES `company` (`id`) ON DELETE NO ACTION ON UPDATE NO ACTION,
  ADD CONSTRAINT `fk_tt_department1` FOREIGN KEY (`department`) REFERENCES `department` (`id`) ON DELETE NO ACTION ON UPDATE NO ACTION,
  ADD CONSTRAINT `fk_tt_system1` FOREIGN KEY (`system`) REFERENCES `systems` (`id`) ON DELETE NO ACTION ON UPDATE NO ACTION,
  ADD CONSTRAINT `fk_tt_user1` FOREIGN KEY (`current_owner`) REFERENCES `user` (`id`) ON DELETE NO ACTION ON UPDATE NO ACTION;

--
-- Constraints for table `tt_update`
--
ALTER TABLE `tt_update`
  ADD CONSTRAINT `fk_tt_update_tt1` FOREIGN KEY (`tt`) REFERENCES `tt` (`id`) ON DELETE NO ACTION ON UPDATE NO ACTION,
  ADD CONSTRAINT `fk_tt_update_user1` FOREIGN KEY (`user`) REFERENCES `user` (`id`) ON DELETE NO ACTION ON UPDATE NO ACTION;

--
-- Constraints for table `user`
--
ALTER TABLE `user`
  ADD CONSTRAINT `fk_user_company1` FOREIGN KEY (`company`) REFERENCES `company` (`id`) ON DELETE NO ACTION ON UPDATE NO ACTION,
  ADD CONSTRAINT `fk_user_person_type1` FOREIGN KEY (`person_type`) REFERENCES `person_type` (`id`) ON DELETE NO ACTION ON UPDATE NO ACTION;

--
-- Constraints for table `user_has_department`
--
ALTER TABLE `user_has_department`
  ADD CONSTRAINT `fk_user_has_department_department1` FOREIGN KEY (`department`) REFERENCES `department` (`id`) ON DELETE NO ACTION ON UPDATE NO ACTION,
  ADD CONSTRAINT `fk_user_has_department_user1` FOREIGN KEY (`user`) REFERENCES `user` (`id`) ON DELETE NO ACTION ON UPDATE NO ACTION;
COMMIT;

/*!40101 SET CHARACTER_SET_CLIENT=@OLD_CHARACTER_SET_CLIENT */;
/*!40101 SET CHARACTER_SET_RESULTS=@OLD_CHARACTER_SET_RESULTS */;
/*!40101 SET COLLATION_CONNECTION=@OLD_COLLATION_CONNECTION */;
